{"range_start":"2019-01-13T00:00:00Z","range_end":"2019-01-14T00:00:00Z","unique_users":13,"total_games":178,"games":[{"user_hash":"613D0C19DD5157C604AD55924E4B802A","region":"Americas","id":121911147,"mode":"ranked","hero":"Druid","hero_deck":null,"opponent":"Mage","opponent_deck":"Secret","coin":true,"result":"loss","duration":414,"rank":4,"legend":null,"note":null,"added":"2019-01-13T07:07:53Z","card_history":[]},{"user_hash":"613D0C19DD5157C604AD55924E4B802A","region":"Americas","id":121911047,"mode":"ranked","hero":"Druid","hero_deck":null,"opponent":"Shaman","opponent_deck":"Midrange","coin":true,"result":"loss","duration":434,"rank":4,"legend":null,"note":null,"added":"2019-01-13T07:00:40Z","card_history":[]},{"user_hash":"613D0C19DD5157C604AD55924E4B802A","region":"Americas","id":121910935,"mode":"ranked","hero":"Druid","hero_deck":"Jade","opponent":"Hunter","opponent_deck":"Midrange","coin":false,"result":"loss","duration":297,"rank":4,"legend":null,"note":null,"added":"2019-01-13T06:53:04Z","card_history":[]},{"user_hash":"613D0C19DD5157C604AD55924E4B802A","region":"Americas","id":121910853,"mode":"ranked","hero":"Druid","hero_deck":null,"opponent":"Hunter","opponent_deck":"Midrange","coin":false,"result":"loss","duration":628,"rank":4,"legend":null,"note":null,"added":"2019-01-13T06:47:53Z","card_history":[]},{"user_hash":"613D0C19DD5157C604AD55924E4B802A","region":"Americas","id":121910713,"mode":"ranked","hero":"Druid","hero_deck":null,"opponent":"Paladin","opponent_deck":null,"coin":false,"result":"win","duration":675,"rank":4,"legend":null,"note":null,"added":"2019-01-13T06:37:19Z","card_history":[]},{"user_hash":"613D0C19DD5157C604AD55924E4B802A","region":"Americas","id":121910469,"mode":"ranked","hero":"Druid","hero_deck":null,"opponent":"Priest","opponent_deck":"Dragon","coin":true,"result":"win","duration":963,"rank":4,"legend":null,"note":null,"added":"2019-01-13T06:19:21Z","card_history":[]},{"user_hash":"613D0C19DD5157C604AD55924E4B802A","region":"Americas","id":121910267,"mode":"ranked","hero":"Druid","hero_deck":null,"opponent":"Hunter","opponent_deck":"Midrange","coin":false,"result":"loss","duration":670,"rank":4,"legend":null,"note":null,"added":"2019-01-13T06:03:07Z","card_history":[]},{"user_hash":"613D0C19DD5157C604AD55924E4B802A","region":"Americas","id":121910005,"mode":"ranked","hero":"Druid","hero_deck":null,"opponent":"Hunter","opponent_deck":"Midrange","coin":false,"result":"win","duration":735,"rank":4,"legend":null,"note":null,"added":"2019-01-13T05:46:03Z","card_history":[]},{"user_hash":"613D0C19DD5157C604AD55924E4B802A","region":"Americas","id":121909830,"mode":"ranked","hero":"Druid","hero_deck":null,"opponent":"Hunter","opponent_deck":"Midrange","coin":false,"result":"win","duration":417,"rank":4,"legend":null,"note":null,"added":"2019-01-13T05:33:42Z","card_history":[]},{"user_hash":"613D0C19DD5157C604AD55924E4B802A","region":"Americas","id":121906401,"mode":"ranked","hero":"Druid","hero_deck":null,"opponent":"Hunter","opponent_deck":null,"coin":false,"result":"win","duration":1049,"rank":4,"legend":null,"note":null,"added":"2019-01-13T01:55:09Z","card_history":[]},{"user_hash":"613D0C19DD5157C604AD55924E4B802A","region":"Americas","id":121906117,"mode":"casual","hero":"Druid","hero_deck":null,"opponent":"Hunter","opponent_deck":"Midrange","coin":false,"result":"win","duration":585,"rank":null,"legend":null,"note":null,"added":"2019-01-13T01:37:27Z","card_history":[]},{"user_hash":"613D0C19DD5157C604AD55924E4B802A","region":"Americas","id":121904301,"mode":"friendly","hero":"Shaman","hero_deck":"Midrange","opponent":"Warlock","opponent_deck":null,"coin":true,"result":"win","duration":666,"rank":null,"legend":null,"note":null,"added":"2019-01-13T00:02:45Z","card_history":[]},{"user_hash":"27B559DDB030E30F5548BC78CE3ACC6F","region":"Americas","id":121933352,"mode":"ranked","hero":"Shaman","hero_deck":"Control","opponent":"Hunter","opponent_deck":"Midrange","coin":true,"result":"win","duration":784,"rank":7,"legend":null,"note":null,"added":"2019-01-13T21:56:28Z","card_history":[]},{"user_hash":"C434EFEA7E3DD45BBE654481BE46D850","region":"Americas","id":121936197,"mode":"ranked","hero":"Priest","hero_deck":null,"opponent":"Hunter","opponent_deck":"Midrange","coin":true,"result":"win","duration":396,"rank":18,"legend":null,"note":null,"added":"2019-01-13T23:55:58Z","card_history":[]},{"user_hash":"C434EFEA7E3DD45BBE654481BE46D850","region":"Americas","id":121936063,"mode":"ranked","hero":"Priest","hero_deck":null,"opponent":"Warlock","opponent_deck":null,"coin":true,"result":"loss","duration":862,"rank":18,"legend":null,"note":null,"added":"2019-01-13T23:49:02Z","card_history":[]},{"user_hash":"C434EFEA7E3DD45BBE654481BE46D850","region":"Americas","id":121935172,"mode":"ranked","hero":"Priest","hero_deck":null,"opponent":"Hunter","opponent_deck":"Midrange","coin":false,"result":"win","duration":517,"rank":18,"legend":null,"note":null,"added":"2019-01-13T23:10:37Z","card_history":[]},{"user_hash":"C434EFEA7E3DD45BBE654481BE46D850","region":"Americas","id":121934974,"mode":"ranked","hero":"Priest","hero_deck":null,"opponent":"Rogue","opponent_deck":null,"coin":true,"result":"loss","duration":106,"rank":18,"legend":null,"note":null,"added":"2019-01-13T23:01:42Z","card_history":[]},{"user_hash":"C434EFEA7E3DD45BBE654481BE46D850","region":"Americas","id":121934929,"mode":"ranked","hero":"Priest","hero_deck":null,"opponent":"Shaman","opponent_deck":"Control","coin":false,"result":"loss","duration":410,"rank":18,"legend":null,"note":null,"added":"2019-01-13T22:59:44Z","card_history":[]},{"user_hash":"C434EFEA7E3DD45BBE654481BE46D850","region":"Americas","id":121934763,"mode":"ranked","hero":"Priest","hero_deck":null,"opponent":"Druid","opponent_deck":"Token","coin":false,"result":"loss","duration":205,"rank":18,"legend":null,"note":null,"added":"2019-01-13T22:52:40Z","card_history":[]},{"user_hash":"C434EFEA7E3DD45BBE654481BE46D850","region":"Americas","id":121934672,"mode":"ranked","hero":"Priest","hero_deck":null,"opponent":"Mage","opponent_deck":null,"coin":true,"result":"win","duration":546,"rank":18,"legend":null,"note":null,"added":"2019-01-13T22:49:00Z","card_history":[]},{"user_hash":"C434EFEA7E3DD45BBE654481BE46D850","region":"Americas","id":121934445,"mode":"ranked","hero":"Priest","hero_deck":null,"opponent":"Shaman","opponent_deck":null,"coin":true,"result":"loss","duration":401,"rank":18,"legend":null,"note":null,"added":"2019-01-13T22:39:34Z","card_history":[]},{"user_hash":"C434EFEA7E3DD45BBE654481BE46D850","region":"Americas","id":121934258,"mode":"ranked","hero":"Mage","hero_deck":null,"opponent":"Warlock","opponent_deck":null,"coin":false,"result":"loss","duration":546,"rank":19,"legend":null,"note":null,"added":"2019-01-13T22:32:26Z","card_history":[]},{"user_hash":"C434EFEA7E3DD45BBE654481BE46D850","region":"Americas","id":121933146,"mode":"ranked","hero":"Priest","hero_deck":null,"opponent":"Warrior","opponent_deck":null,"coin":true,"result":"win","duration":1143,"rank":18,"legend":null,"note":null,"added":"2019-01-13T21:49:12Z","card_history":[]},{"user_hash":"C434EFEA7E3DD45BBE654481BE46D850","region":"Americas","id":121932626,"mode":"ranked","hero":"Priest","hero_deck":null,"opponent":"Paladin","opponent_deck":null,"coin":true,"result":"win","duration":592,"rank":18,"legend":null,"note":null,"added":"2019-01-13T21:29:37Z","card_history":[]},{"user_hash":"C434EFEA7E3DD45BBE654481BE46D850","region":"Americas","id":121932362,"mode":"ranked","hero":"Priest","hero_deck":null,"opponent":"Mage","opponent_deck":null,"coin":true,"result":"win","duration":530,"rank":18,"legend":null,"note":null,"added":"2019-01-13T21:19:36Z","card_history":[]},{"user_hash":"C434EFEA7E3DD45BBE654481BE46D850","region":"Americas","id":121932097,"mode":"ranked","hero":"Priest","hero_deck":"Combo","opponent":"Rogue","opponent_deck":null,"coin":false,"result":"loss","duration":319,"rank":18,"legend":null,"note":null,"added":"2019-01-13T21:10:22Z","card_history":[]},{"user_hash":"C434EFEA7E3DD45BBE654481BE46D850","region":"Americas","id":121931942,"mode":"ranked","hero":"Priest","hero_deck":null,"opponent":"Warlock","opponent_deck":null,"coin":false,"result":"win","duration":23,"rank":null,"legend":null,"note":null,"added":"2019-01-13T21:04:53Z","card_history":[]},{"user_hash":"C434EFEA7E3DD45BBE654481BE46D850","region":"Americas","id":121931923,"mode":"ranked","hero":"Priest","hero_deck":null,"opponent":"Shaman","opponent_deck":"Control","coin":true,"result":"loss","duration":544,"rank":18,"legend":null,"note":null,"added":"2019-01-13T21:04:07Z","card_history":[]},{"user_hash":"C434EFEA7E3DD45BBE654481BE46D850","region":"Americas","id":121931647,"mode":"ranked","hero":"Priest","hero_deck":null,"opponent":"Priest","opponent_deck":"Dragon","coin":false,"result":"win","duration":875,"rank":18,"legend":null,"note":null,"added":"2019-01-13T20:54:35Z","card_history":[]},{"user_hash":"C434EFEA7E3DD45BBE654481BE46D850","region":"Americas","id":121931223,"mode":"ranked","hero":"Priest","hero_deck":null,"opponent":"Druid","opponent_deck":"Jade","coin":true,"result":"loss","duration":260,"rank":18,"legend":null,"note":null,"added":"2019-01-13T20:39:40Z","card_history":[]},{"user_hash":"C434EFEA7E3DD45BBE654481BE46D850","region":"Americas","id":121931101,"mode":"ranked","hero":"Priest","hero_deck":null,"opponent":"Hunter","opponent_deck":"Midrange","coin":false,"result":"loss","duration":1182,"rank":18,"legend":null,"note":null,"added":"2019-01-13T20:35:00Z","card_history":[]},{"user_hash":"03F0DD5EBF0AC6CC6D7DA0B9336D9D6A","region":"Americas","id":121931490,"mode":"ranked","hero":"Shaman","hero_deck":null,"opponent":"Mage","opponent_deck":"Secret","coin":true,"result":"loss","duration":166,"rank":null,"legend":null,"note":null,"added":"2019-01-13T20:49:03Z","card_history":[]},{"user_hash":"03F0DD5EBF0AC6CC6D7DA0B9336D9D6A","region":"Americas","id":121931400,"mode":"ranked","hero":"Shaman","hero_deck":"Midrange","opponent":"Paladin","opponent_deck":"Control","coin":true,"result":"win","duration":295,"rank":null,"legend":null,"note":null,"added":"2019-01-13T20:45:51Z","card_history":[]},{"user_hash":"03F0DD5EBF0AC6CC6D7DA0B9336D9D6A","region":"Americas","id":121931253,"mode":"ranked","hero":"Shaman","hero_deck":"Midrange","opponent":"Warlock","opponent_deck":null,"coin":false,"result":"loss","duration":458,"rank":null,"legend":null,"note":null,"added":"2019-01-13T20:40:36Z","card_history":[]},{"user_hash":"03F0DD5EBF0AC6CC6D7DA0B9336D9D6A","region":"Americas","id":121931029,"mode":"ranked","hero":"Shaman","hero_deck":"Midrange","opponent":"Shaman","opponent_deck":null,"coin":true,"result":"loss","duration":446,"rank":null,"legend":null,"note":null,"added":"2019-01-13T20:32:24Z","card_history":[]},{"user_hash":"03F0DD5EBF0AC6CC6D7DA0B9336D9D6A","region":"Americas","id":121906760,"mode":"ranked","hero":"Priest","hero_deck":"Combo","opponent":"Priest","opponent_deck":null,"coin":true,"result":"win","duration":341,"rank":null,"legend":null,"note":null,"added":"2019-01-13T02:17:06Z","card_history":[]},{"user_hash":"03F0DD5EBF0AC6CC6D7DA0B9336D9D6A","region":"Americas","id":121906672,"mode":"ranked","hero":"Priest","hero_deck":null,"opponent":"Hunter","opponent_deck":"Midrange","coin":false,"result":"win","duration":585,"rank":null,"legend":null,"note":null,"added":"2019-01-13T02:11:04Z","card_history":[]},{"user_hash":"03F0DD5EBF0AC6CC6D7DA0B9336D9D6A","region":"Americas","id":121906497,"mode":"ranked","hero":"Priest","hero_deck":null,"opponent":"Hunter","opponent_deck":"Midrange","coin":true,"result":"loss","duration":276,"rank":null,"legend":null,"note":null,"added":"2019-01-13T02:00:58Z","card_history":[]},{"user_hash":"03F0DD5EBF0AC6CC6D7DA0B9336D9D6A","region":"Americas","id":121906419,"mode":"ranked","hero":"Priest","hero_deck":null,"opponent":"Warlock","opponent_deck":null,"coin":false,"result":"loss","duration":990,"rank":null,"legend":null,"note":null,"added":"2019-01-13T01:56:08Z","card_history":[]},{"user_hash":"03F0DD5EBF0AC6CC6D7DA0B9336D9D6A","region":"Americas","id":121906153,"mode":"ranked","hero":"Priest","hero_deck":"Combo","opponent":"Hunter","opponent_deck":"Midrange","coin":false,"result":"win","duration":408,"rank":null,"legend":null,"note":null,"added":"2019-01-13T01:39:24Z","card_history":[]},{"user_hash":"03F0DD5EBF0AC6CC6D7DA0B9336D9D6A","region":"Americas","id":121906024,"mode":"ranked","hero":"Priest","hero_deck":"Combo","opponent":"Hunter","opponent_deck":"Midrange","coin":true,"result":"win","duration":784,"rank":null,"legend":null,"note":null,"added":"2019-01-13T01:32:05Z","card_history":[]},{"user_hash":"03F0DD5EBF0AC6CC6D7DA0B9336D9D6A","region":"Americas","id":121905776,"mode":"ranked","hero":"Priest","hero_deck":null,"opponent":"Warlock","opponent_deck":null,"coin":false,"result":"win","duration":337,"rank":null,"legend":null,"note":null,"added":"2019-01-13T01:18:43Z","card_history":[]},{"user_hash":"03F0DD5EBF0AC6CC6D7DA0B9336D9D6A","region":"Americas","id":121905666,"mode":"ranked","hero":"Priest","hero_deck":"Combo","opponent":"Hunter","opponent_deck":"Midrange","coin":true,"result":"loss","duration":248,"rank":null,"legend":null,"note":null,"added":"2019-01-13T01:12:58Z","card_history":[]},{"user_hash":"ACA54F4E01ACB4D94F6D77278D82F2FB","region":"Americas","id":121928850,"mode":"ranked","hero":"Hunter","hero_deck":"Midrange","opponent":"Druid","opponent_deck":null,"coin":true,"result":"win","duration":675,"rank":5,"legend":null,"note":null,"added":"2019-01-13T19:05:15Z","card_history":[]},{"user_hash":"ACA54F4E01ACB4D94F6D77278D82F2FB","region":"Americas","id":121928564,"mode":"ranked","hero":"Hunter","hero_deck":"Midrange","opponent":"Rogue","opponent_deck":null,"coin":true,"result":"win","duration":292,"rank":5,"legend":null,"note":null,"added":"2019-01-13T18:53:39Z","card_history":[]},{"user_hash":"ACA54F4E01ACB4D94F6D77278D82F2FB","region":"Americas","id":121928418,"mode":"ranked","hero":"Hunter","hero_deck":"Midrange","opponent":"Rogue","opponent_deck":null,"coin":false,"result":"loss","duration":632,"rank":5,"legend":null,"note":null,"added":"2019-01-13T18:48:27Z","card_history":[]},{"user_hash":"ACA54F4E01ACB4D94F6D77278D82F2FB","region":"Americas","id":121922972,"mode":"ranked","hero":"Hunter","hero_deck":"Midrange","opponent":"Druid","opponent_deck":null,"coin":false,"result":"win","duration":771,"rank":5,"legend":null,"note":null,"added":"2019-01-13T15:41:37Z","card_history":[]},{"user_hash":"98D139BEAF5AE0FFDF0DB6F833114305","region":"Americas","id":121920874,"mode":"ranked","hero":"Paladin","hero_deck":null,"opponent":"Shaman","opponent_deck":"Midrange","coin":true,"result":"win","duration":881,"rank":8,"legend":null,"note":null,"added":"2019-01-13T14:28:11Z","card_history":[]},{"user_hash":"98D139BEAF5AE0FFDF0DB6F833114305","region":"Americas","id":121909390,"mode":"ranked","hero":"Hunter","hero_deck":"Midrange","opponent":"Paladin","opponent_deck":"Control","coin":false,"result":"win","duration":410,"rank":8,"legend":null,"note":null,"added":"2019-01-13T05:04:18Z","card_history":[]},{"user_hash":"98D139BEAF5AE0FFDF0DB6F833114305","region":"Americas","id":121905191,"mode":"ranked","hero":"Hunter","hero_deck":"Midrange","opponent":"Mage","opponent_deck":null,"coin":true,"result":"win","duration":492,"rank":8,"legend":null,"note":null,"added":"2019-01-13T00:44:44Z","card_history":[]},{"user_hash":"98D139BEAF5AE0FFDF0DB6F833114305","region":"Americas","id":121905028,"mode":"ranked","hero":"Mage","hero_deck":"Secret","opponent":"Paladin","opponent_deck":null,"coin":true,"result":"loss","duration":180,"rank":8,"legend":null,"note":null,"added":"2019-01-13T00:35:59Z","card_history":[]},{"user_hash":"98D139BEAF5AE0FFDF0DB6F833114305","region":"Americas","id":121904963,"mode":"ranked","hero":"Hunter","hero_deck":"Midrange","opponent":"Priest","opponent_deck":"Combo","coin":false,"result":"win","duration":745,"rank":8,"legend":null,"note":null,"added":"2019-01-13T00:32:39Z","card_history":[]},{"user_hash":"BC6A2D9C1B85279990741B28594638D8","region":"Europe","id":121930787,"mode":"friendly","hero":"Druid","hero_deck":null,"opponent":"Hunter","opponent_deck":"Midrange","coin":true,"result":"loss","duration":801,"rank":null,"legend":null,"note":null,"added":"2019-01-13T20:23:09Z","card_history":[]},{"user_hash":"5A2A39E6E9507C45EA8C3DAEA7F8519D","region":"Americas","id":121935060,"mode":"ranked","hero":"Shaman","hero_deck":"Control","opponent":"Hunter","opponent_deck":null,"coin":true,"result":"loss","duration":355,"rank":17,"legend":null,"note":null,"added":"2019-01-13T23:05:48Z","card_history":[]},{"user_hash":"5A2A39E6E9507C45EA8C3DAEA7F8519D","region":"Americas","id":121934923,"mode":"ranked","hero":"Shaman","hero_deck":"Control","opponent":"Priest","opponent_deck":null,"coin":true,"result":"win","duration":402,"rank":18,"legend":null,"note":null,"added":"2019-01-13T22:59:33Z","card_history":[]},{"user_hash":"5A2A39E6E9507C45EA8C3DAEA7F8519D","region":"Americas","id":121934759,"mode":"ranked","hero":"Shaman","hero_deck":"Control","opponent":"Priest","opponent_deck":null,"coin":false,"result":"win","duration":257,"rank":18,"legend":null,"note":null,"added":"2019-01-13T22:52:30Z","card_history":[]},{"user_hash":"46B0FDE764B5F3948106719B8026CF2F","region":"Europe","id":121936202,"mode":"ranked","hero":"Mage","hero_deck":null,"opponent":"Priest","opponent_deck":"Combo","coin":true,"result":"loss","duration":524,"rank":8,"legend":null,"note":null,"added":"2019-01-13T23:56:25Z","card_history":[]},{"user_hash":"46B0FDE764B5F3948106719B8026CF2F","region":"Europe","id":121936024,"mode":"ranked","hero":"Mage","hero_deck":null,"opponent":"Hunter","opponent_deck":null,"coin":false,"result":"win","duration":480,"rank":8,"legend":null,"note":null,"added":"2019-01-13T23:47:26Z","card_history":[]},{"user_hash":"46B0FDE764B5F3948106719B8026CF2F","region":"Europe","id":121935675,"mode":"ranked","hero":"Mage","hero_deck":null,"opponent":"Priest","opponent_deck":null,"coin":true,"result":"loss","duration":613,"rank":8,"legend":null,"note":null,"added":"2019-01-13T23:31:55Z","card_history":[]},{"user_hash":"46B0FDE764B5F3948106719B8026CF2F","region":"Europe","id":121935415,"mode":"ranked","hero":"Mage","hero_deck":"Burn","opponent":"Warlock","opponent_deck":null,"coin":false,"result":"loss","duration":754,"rank":8,"legend":null,"note":null,"added":"2019-01-13T23:21:24Z","card_history":[]},{"user_hash":"46B0FDE764B5F3948106719B8026CF2F","region":"Europe","id":121935120,"mode":"ranked","hero":"Mage","hero_deck":null,"opponent":"Hunter","opponent_deck":"Midrange","coin":true,"result":"loss","duration":603,"rank":7,"legend":null,"note":null,"added":"2019-01-13T23:08:36Z","card_history":[]},{"user_hash":"46B0FDE764B5F3948106719B8026CF2F","region":"Europe","id":121934888,"mode":"ranked","hero":"Mage","hero_deck":null,"opponent":"Hunter","opponent_deck":"Midrange","coin":false,"result":"loss","duration":663,"rank":7,"legend":null,"note":null,"added":"2019-01-13T22:58:21Z","card_history":[]},{"user_hash":"46B0FDE764B5F3948106719B8026CF2F","region":"Europe","id":121934620,"mode":"ranked","hero":"Mage","hero_deck":null,"opponent":"Hunter","opponent_deck":"Midrange","coin":false,"result":"win","duration":386,"rank":7,"legend":null,"note":null,"added":"2019-01-13T22:47:04Z","card_history":[]},{"user_hash":"46B0FDE764B5F3948106719B8026CF2F","region":"Europe","id":121934459,"mode":"ranked","hero":"Mage","hero_deck":null,"opponent":"Rogue","opponent_deck":"Miracle","coin":true,"result":"loss","duration":314,"rank":7,"legend":null,"note":null,"added":"2019-01-13T22:40:29Z","card_history":[]},{"user_hash":"46B0FDE764B5F3948106719B8026CF2F","region":"Europe","id":121930973,"mode":"ranked","hero":"Priest","hero_deck":"Dragon","opponent":"Shaman","opponent_deck":null,"coin":true,"result":"win","duration":1171,"rank":7,"legend":null,"note":null,"added":"2019-01-13T20:30:33Z","card_history":[]},{"user_hash":"46B0FDE764B5F3948106719B8026CF2F","region":"Europe","id":121930438,"mode":"ranked","hero":"Priest","hero_deck":"Dragon","opponent":"Paladin","opponent_deck":"Murloc","coin":true,"result":"win","duration":600,"rank":7,"legend":null,"note":null,"added":"2019-01-13T20:08:34Z","card_history":[]},{"user_hash":"46B0FDE764B5F3948106719B8026CF2F","region":"Europe","id":121930176,"mode":"ranked","hero":"Priest","hero_deck":"Dragon","opponent":"Hunter","opponent_deck":null,"coin":true,"result":"loss","duration":488,"rank":7,"legend":null,"note":null,"added":"2019-01-13T19:58:20Z","card_history":[]},{"user_hash":"46B0FDE764B5F3948106719B8026CF2F","region":"Europe","id":121929968,"mode":"ranked","hero":"Priest","hero_deck":"Dragon","opponent":"Paladin","opponent_deck":null,"coin":true,"result":"win","duration":788,"rank":7,"legend":null,"note":null,"added":"2019-01-13T19:49:42Z","card_history":[]},{"user_hash":"46B0FDE764B5F3948106719B8026CF2F","region":"Europe","id":121929608,"mode":"ranked","hero":"Priest","hero_deck":"Dragon","opponent":"Hunter","opponent_deck":null,"coin":false,"result":"loss","duration":776,"rank":7,"legend":null,"note":null,"added":"2019-01-13T19:35:49Z","card_history":[]},{"user_hash":"46B0FDE764B5F3948106719B8026CF2F","region":"Europe","id":121923831,"mode":"ranked","hero":"Priest","hero_deck":null,"opponent":"Warlock","opponent_deck":"Zoo","coin":true,"result":"win","duration":379,"rank":7,"legend":null,"note":null,"added":"2019-01-13T16:12:37Z","card_history":[]},{"user_hash":"46B0FDE764B5F3948106719B8026CF2F","region":"Europe","id":121923644,"mode":"ranked","hero":"Mage","hero_deck":"Burn","opponent":"Shaman","opponent_deck":"Midrange","coin":false,"result":"loss","duration":250,"rank":7,"legend":null,"note":null,"added":"2019-01-13T16:06:01Z","card_history":[]},{"user_hash":"46B0FDE764B5F3948106719B8026CF2F","region":"Europe","id":121923524,"mode":"ranked","hero":"Mage","hero_deck":"Secret","opponent":"Priest","opponent_deck":null,"coin":true,"result":"loss","duration":525,"rank":7,"legend":null,"note":null,"added":"2019-01-13T16:01:42Z","card_history":[]},{"user_hash":"46B0FDE764B5F3948106719B8026CF2F","region":"Europe","id":121922751,"mode":"ranked","hero":"Priest","hero_deck":"Dragon","opponent":"Hunter","opponent_deck":"Midrange","coin":true,"result":"loss","duration":1170,"rank":7,"legend":null,"note":null,"added":"2019-01-13T15:33:39Z","card_history":[]},{"user_hash":"46B0FDE764B5F3948106719B8026CF2F","region":"Europe","id":121922203,"mode":"ranked","hero":"Priest","hero_deck":"Dragon","opponent":"Hunter","opponent_deck":null,"coin":false,"result":"loss","duration":472,"rank":7,"legend":null,"note":null,"added":"2019-01-13T15:13:58Z","card_history":[]},{"user_hash":"46B0FDE764B5F3948106719B8026CF2F","region":"Europe","id":121921923,"mode":"ranked","hero":"Priest","hero_deck":"Dragon","opponent":"Hunter","opponent_deck":"Midrange","coin":true,"result":"loss","duration":922,"rank":6,"legend":null,"note":null,"added":"2019-01-13T15:04:14Z","card_history":[]},{"user_hash":"46B0FDE764B5F3948106719B8026CF2F","region":"Europe","id":121921472,"mode":"ranked","hero":"Priest","hero_deck":"Dragon","opponent":"Paladin","opponent_deck":null,"coin":false,"result":"loss","duration":708,"rank":6,"legend":null,"note":null,"added":"2019-01-13T14:48:14Z","card_history":[]},{"user_hash":"46B0FDE764B5F3948106719B8026CF2F","region":"Europe","id":121921069,"mode":"ranked","hero":"Priest","hero_deck":"Dragon","opponent":"Hunter","opponent_deck":null,"coin":true,"result":"win","duration":1072,"rank":6,"legend":null,"note":null,"added":"2019-01-13T14:35:13Z","card_history":[]},{"user_hash":"46B0FDE764B5F3948106719B8026CF2F","region":"Europe","id":121920556,"mode":"ranked","hero":"Priest","hero_deck":"Dragon","opponent":"Hunter","opponent_deck":"Midrange","coin":false,"result":"loss","duration":716,"rank":6,"legend":null,"note":null,"added":"2019-01-13T14:17:12Z","card_history":[]},{"user_hash":"46B0FDE764B5F3948106719B8026CF2F","region":"Europe","id":121920213,"mode":"ranked","hero":"Priest","hero_deck":"Dragon","opponent":"Hunter","opponent_deck":"Midrange","coin":false,"result":"win","duration":537,"rank":6,"legend":null,"note":null,"added":"2019-01-13T14:04:53Z","card_history":[]},{"user_hash":"46B0FDE764B5F3948106719B8026CF2F","region":"Europe","id":121919963,"mode":"ranked","hero":"Priest","hero_deck":null,"opponent":"Hunter","opponent_deck":"Midrange","coin":true,"result":"loss","duration":236,"rank":6,"legend":null,"note":null,"added":"2019-01-13T13:55:37Z","card_history":[]},{"user_hash":"46B0FDE764B5F3948106719B8026CF2F","region":"Europe","id":121919848,"mode":"ranked","hero":"Priest","hero_deck":"Dragon","opponent":"Warrior","opponent_deck":"Taunt","coin":false,"result":"loss","duration":843,"rank":6,"legend":null,"note":null,"added":"2019-01-13T13:51:31Z","card_history":[]},{"user_hash":"46B0FDE764B5F3948106719B8026CF2F","region":"Europe","id":121919461,"mode":"ranked","hero":"Priest","hero_deck":"Dragon","opponent":"Priest","opponent_deck":null,"coin":true,"result":"win","duration":664,"rank":7,"legend":null,"note":null,"added":"2019-01-13T13:37:12Z","card_history":[]},{"user_hash":"46B0FDE764B5F3948106719B8026CF2F","region":"Europe","id":121919136,"mode":"ranked","hero":"Priest","hero_deck":"Dragon","opponent":"Mage","opponent_deck":null,"coin":false,"result":"win","duration":658,"rank":7,"legend":null,"note":null,"added":"2019-01-13T13:25:58Z","card_history":[]},{"user_hash":"46B0FDE764B5F3948106719B8026CF2F","region":"Europe","id":121918834,"mode":"ranked","hero":"Priest","hero_deck":null,"opponent":"Druid","opponent_deck":"Jade","coin":true,"result":"win","duration":196,"rank":7,"legend":null,"note":null,"added":"2019-01-13T13:14:50Z","card_history":[]},{"user_hash":"46B0FDE764B5F3948106719B8026CF2F","region":"Europe","id":121918699,"mode":"ranked","hero":"Priest","hero_deck":"Dragon","opponent":"Warlock","opponent_deck":null,"coin":true,"result":"loss","duration":389,"rank":7,"legend":null,"note":null,"added":"2019-01-13T13:09:45Z","card_history":[]},{"user_hash":"46B0FDE764B5F3948106719B8026CF2F","region":"Europe","id":121918511,"mode":"ranked","hero":"Priest","hero_deck":"Dragon","opponent":"Hunter","opponent_deck":"Midrange","coin":false,"result":"loss","duration":760,"rank":7,"legend":null,"note":null,"added":"2019-01-13T13:03:02Z","card_history":[]},{"user_hash":"46B0FDE764B5F3948106719B8026CF2F","region":"Europe","id":121918145,"mode":"ranked","hero":"Priest","hero_deck":"Dragon","opponent":"Paladin","opponent_deck":null,"coin":true,"result":"win","duration":2382,"rank":7,"legend":null,"note":null,"added":"2019-01-13T12:50:04Z","card_history":[]},{"user_hash":"46B0FDE764B5F3948106719B8026CF2F","region":"Europe","id":121916768,"mode":"ranked","hero":"Priest","hero_deck":"Dragon","opponent":"Rogue","opponent_deck":null,"coin":false,"result":"loss","duration":342,"rank":7,"legend":null,"note":null,"added":"2019-01-13T11:53:43Z","card_history":[]},{"user_hash":"46B0FDE764B5F3948106719B8026CF2F","region":"Europe","id":121916620,"mode":"ranked","hero":"Priest","hero_deck":"Dragon","opponent":"Hunter","opponent_deck":"Midrange","coin":true,"result":"win","duration":1003,"rank":7,"legend":null,"note":null,"added":"2019-01-13T11:46:58Z","card_history":[]},{"user_hash":"46B0FDE764B5F3948106719B8026CF2F","region":"Europe","id":121916241,"mode":"ranked","hero":"Priest","hero_deck":null,"opponent":"Shaman","opponent_deck":"Midrange","coin":true,"result":"loss","duration":175,"rank":6,"legend":null,"note":null,"added":"2019-01-13T11:30:07Z","card_history":[]},{"user_hash":"46B0FDE764B5F3948106719B8026CF2F","region":"Europe","id":121916145,"mode":"ranked","hero":"Priest","hero_deck":"Dragon","opponent":"Priest","opponent_deck":"Combo","coin":false,"result":"loss","duration":1659,"rank":6,"legend":null,"note":null,"added":"2019-01-13T11:25:59Z","card_history":[]},{"user_hash":"46B0FDE764B5F3948106719B8026CF2F","region":"Europe","id":121915529,"mode":"ranked","hero":"Priest","hero_deck":"Dragon","opponent":"Rogue","opponent_deck":null,"coin":true,"result":"win","duration":391,"rank":6,"legend":null,"note":null,"added":"2019-01-13T10:58:06Z","card_history":[]},{"user_hash":"46B0FDE764B5F3948106719B8026CF2F","region":"Europe","id":121915365,"mode":"ranked","hero":"Priest","hero_deck":"Dragon","opponent":"Shaman","opponent_deck":"Midrange","coin":false,"result":"loss","duration":1041,"rank":6,"legend":null,"note":null,"added":"2019-01-13T10:51:26Z","card_history":[]},{"user_hash":"46B0FDE764B5F3948106719B8026CF2F","region":"Europe","id":121914971,"mode":"ranked","hero":"Priest","hero_deck":"Dragon","opponent":"Hunter","opponent_deck":"Midrange","coin":true,"result":"win","duration":1132,"rank":7,"legend":null,"note":null,"added":"2019-01-13T10:33:39Z","card_history":[]},{"user_hash":"46B0FDE764B5F3948106719B8026CF2F","region":"Europe","id":121914553,"mode":"ranked","hero":"Priest","hero_deck":"Dragon","opponent":"Hunter","opponent_deck":"Midrange","coin":false,"result":"win","duration":557,"rank":7,"legend":null,"note":null,"added":"2019-01-13T10:14:33Z","card_history":[]},{"user_hash":"46B0FDE764B5F3948106719B8026CF2F","region":"Europe","id":121914364,"mode":"ranked","hero":"Priest","hero_deck":"Dragon","opponent":"Hunter","opponent_deck":"Midrange","coin":true,"result":"win","duration":705,"rank":7,"legend":null,"note":null,"added":"2019-01-13T10:05:05Z","card_history":[]},{"user_hash":"46B0FDE764B5F3948106719B8026CF2F","region":"Europe","id":121914116,"mode":"ranked","hero":"Priest","hero_deck":"Dragon","opponent":"Hunter","opponent_deck":"Midrange","coin":false,"result":"loss","duration":391,"rank":7,"legend":null,"note":null,"added":"2019-01-13T09:53:02Z","card_history":[]},{"user_hash":"46B0FDE764B5F3948106719B8026CF2F","region":"Europe","id":121913974,"mode":"ranked","hero":"Mage","hero_deck":null,"opponent":"Hunter","opponent_deck":"Midrange","coin":true,"result":"loss","duration":377,"rank":7,"legend":null,"note":null,"added":"2019-01-13T09:45:54Z","card_history":[]},{"user_hash":"46B0FDE764B5F3948106719B8026CF2F","region":"Europe","id":121913516,"mode":"ranked","hero":"Warrior","hero_deck":"Taunt","opponent":"Paladin","opponent_deck":null,"coin":false,"result":"loss","duration":733,"rank":6,"legend":null,"note":null,"added":"2019-01-13T09:23:01Z","card_history":[]},{"user_hash":"46B0FDE764B5F3948106719B8026CF2F","region":"Europe","id":121904530,"mode":"ranked","hero":"Mage","hero_deck":null,"opponent":"Hunter","opponent_deck":"Midrange","coin":false,"result":"loss","duration":1410,"rank":6,"legend":null,"note":null,"added":"2019-01-13T00:13:11Z","card_history":[]},{"user_hash":"72EE35E628BB8E1ECBF34E29CBB823F6","region":"Europe","id":121923017,"mode":"arena","hero":"Druid","hero_deck":null,"opponent":"Warrior","opponent_deck":null,"coin":false,"result":"loss","duration":444,"rank":null,"legend":null,"note":null,"added":"2019-01-13T15:44:28Z","card_history":[]},{"user_hash":"72EE35E628BB8E1ECBF34E29CBB823F6","region":"Europe","id":121921983,"mode":"arena","hero":"Druid","hero_deck":null,"opponent":"Hunter","opponent_deck":null,"coin":true,"result":"win","duration":940,"rank":null,"legend":null,"note":null,"added":"2019-01-13T15:06:54Z","card_history":[]},{"user_hash":"72EE35E628BB8E1ECBF34E29CBB823F6","region":"Europe","id":121921526,"mode":"arena","hero":"Druid","hero_deck":null,"opponent":"Priest","opponent_deck":null,"coin":false,"result":"loss","duration":824,"rank":null,"legend":null,"note":null,"added":"2019-01-13T14:50:59Z","card_history":[]},{"user_hash":"72EE35E628BB8E1ECBF34E29CBB823F6","region":"Europe","id":121921090,"mode":"arena","hero":"Druid","hero_deck":null,"opponent":"Rogue","opponent_deck":null,"coin":false,"result":"win","duration":458,"rank":null,"legend":null,"note":null,"added":"2019-01-13T14:36:54Z","card_history":[]},{"user_hash":"72EE35E628BB8E1ECBF34E29CBB823F6","region":"Europe","id":121920852,"mode":"arena","hero":"Druid","hero_deck":null,"opponent":"Warrior","opponent_deck":null,"coin":true,"result":"win","duration":333,"rank":null,"legend":null,"note":null,"added":"2019-01-13T14:28:45Z","card_history":[]},{"user_hash":"72EE35E628BB8E1ECBF34E29CBB823F6","region":"Europe","id":121920440,"mode":"arena","hero":"Hunter","hero_deck":null,"opponent":"Priest","opponent_deck":null,"coin":true,"result":"loss","duration":341,"rank":null,"legend":null,"note":null,"added":"2019-01-13T14:13:31Z","card_history":[]},{"user_hash":"72EE35E628BB8E1ECBF34E29CBB823F6","region":"Europe","id":121920142,"mode":"arena","hero":"Hunter","hero_deck":null,"opponent":"Priest","opponent_deck":null,"coin":false,"result":"win","duration":498,"rank":null,"legend":null,"note":null,"added":"2019-01-13T14:03:29Z","card_history":[]},{"user_hash":"72EE35E628BB8E1ECBF34E29CBB823F6","region":"Europe","id":121919928,"mode":"arena","hero":"Hunter","hero_deck":null,"opponent":"Rogue","opponent_deck":null,"coin":true,"result":"loss","duration":291,"rank":null,"legend":null,"note":null,"added":"2019-01-13T13:54:59Z","card_history":[]},{"user_hash":"72EE35E628BB8E1ECBF34E29CBB823F6","region":"Europe","id":121919796,"mode":"arena","hero":"Hunter","hero_deck":null,"opponent":"Mage","opponent_deck":null,"coin":true,"result":"loss","duration":871,"rank":null,"legend":null,"note":null,"added":"2019-01-13T13:50:02Z","card_history":[]},{"user_hash":"72EE35E628BB8E1ECBF34E29CBB823F6","region":"Europe","id":121919374,"mode":"arena","hero":"Hunter","hero_deck":null,"opponent":"Priest","opponent_deck":null,"coin":false,"result":"win","duration":620,"rank":null,"legend":null,"note":null,"added":"2019-01-13T13:35:12Z","card_history":[]},{"user_hash":"72EE35E628BB8E1ECBF34E29CBB823F6","region":"Europe","id":121918732,"mode":"ranked","hero":"Paladin","hero_deck":"Midrange","opponent":"Hunter","opponent_deck":"Midrange","coin":false,"result":"loss","duration":385,"rank":18,"legend":null,"note":null,"added":"2019-01-13T13:11:44Z","card_history":[]},{"user_hash":"72EE35E628BB8E1ECBF34E29CBB823F6","region":"Europe","id":121917924,"mode":"ranked","hero":"Paladin","hero_deck":"Midrange","opponent":"Warrior","opponent_deck":"Taunt","coin":false,"result":"win","duration":508,"rank":18,"legend":null,"note":null,"added":"2019-01-13T12:42:39Z","card_history":[]},{"user_hash":"72EE35E628BB8E1ECBF34E29CBB823F6","region":"Europe","id":121917710,"mode":"ranked","hero":"Paladin","hero_deck":"Midrange","opponent":"Druid","opponent_deck":"Jade","coin":true,"result":"win","duration":815,"rank":18,"legend":null,"note":null,"added":"2019-01-13T12:33:44Z","card_history":[]},{"user_hash":"72EE35E628BB8E1ECBF34E29CBB823F6","region":"Europe","id":121917376,"mode":"ranked","hero":"Paladin","hero_deck":"Midrange","opponent":"Shaman","opponent_deck":null,"coin":false,"result":"loss","duration":482,"rank":18,"legend":null,"note":null,"added":"2019-01-13T12:19:50Z","card_history":[]},{"user_hash":"72EE35E628BB8E1ECBF34E29CBB823F6","region":"Europe","id":121917184,"mode":"ranked","hero":"Paladin","hero_deck":"Midrange","opponent":"Warlock","opponent_deck":null,"coin":true,"result":"loss","duration":350,"rank":null,"legend":null,"note":null,"added":"2019-01-13T12:11:35Z","card_history":[]},{"user_hash":"72EE35E628BB8E1ECBF34E29CBB823F6","region":"Europe","id":121916536,"mode":"ranked","hero":"Paladin","hero_deck":"Midrange","opponent":"Warlock","opponent_deck":null,"coin":true,"result":"win","duration":619,"rank":18,"legend":null,"note":null,"added":"2019-01-13T11:43:32Z","card_history":[]},{"user_hash":"72EE35E628BB8E1ECBF34E29CBB823F6","region":"Europe","id":121916295,"mode":"ranked","hero":"Paladin","hero_deck":"Midrange","opponent":"Mage","opponent_deck":null,"coin":true,"result":"win","duration":547,"rank":18,"legend":null,"note":null,"added":"2019-01-13T11:32:59Z","card_history":[]},{"user_hash":"D2D4E71B34199C03AC9320F5DD7A33D9","region":"Americas","id":121925898,"mode":"ranked","hero":"Paladin","hero_deck":null,"opponent":"Paladin","opponent_deck":null,"coin":false,"result":"win","duration":279,"rank":3,"legend":null,"note":null,"added":"2019-01-13T17:20:36Z","card_history":[]},{"user_hash":"1896A23AA498E73245FA74A3DE1C3D24","region":"Europe","id":121936071,"mode":"ranked","hero":"Shaman","hero_deck":null,"opponent":"Hunter","opponent_deck":null,"coin":false,"result":"loss","duration":129,"rank":15,"legend":null,"note":null,"added":"2019-01-13T23:50:42Z","card_history":[]},{"user_hash":"1896A23AA498E73245FA74A3DE1C3D24","region":"Europe","id":121936007,"mode":"ranked","hero":"Shaman","hero_deck":null,"opponent":"Druid","opponent_deck":null,"coin":false,"result":"loss","duration":480,"rank":15,"legend":null,"note":null,"added":"2019-01-13T23:47:29Z","card_history":[]},{"user_hash":"1896A23AA498E73245FA74A3DE1C3D24","region":"Europe","id":121935824,"mode":"ranked","hero":"Shaman","hero_deck":"Token","opponent":"Mage","opponent_deck":null,"coin":true,"result":"win","duration":1048,"rank":15,"legend":null,"note":null,"added":"2019-01-13T23:39:14Z","card_history":[]},{"user_hash":"1896A23AA498E73245FA74A3DE1C3D24","region":"Europe","id":121933849,"mode":"ranked","hero":"Shaman","hero_deck":null,"opponent":"Warlock","opponent_deck":null,"coin":true,"result":"loss","duration":784,"rank":15,"legend":null,"note":null,"added":"2019-01-13T22:16:25Z","card_history":[]},{"user_hash":"1896A23AA498E73245FA74A3DE1C3D24","region":"Europe","id":121933222,"mode":"ranked","hero":"Shaman","hero_deck":null,"opponent":"Priest","opponent_deck":null,"coin":true,"result":"win","duration":1288,"rank":15,"legend":null,"note":null,"added":"2019-01-13T21:52:27Z","card_history":[]},{"user_hash":"1896A23AA498E73245FA74A3DE1C3D24","region":"Europe","id":121932604,"mode":"ranked","hero":"Shaman","hero_deck":null,"opponent":"Hunter","opponent_deck":null,"coin":true,"result":"loss","duration":62,"rank":15,"legend":null,"note":null,"added":"2019-01-13T21:29:43Z","card_history":[]},{"user_hash":"1896A23AA498E73245FA74A3DE1C3D24","region":"Europe","id":121932567,"mode":"ranked","hero":"Shaman","hero_deck":null,"opponent":"Paladin","opponent_deck":null,"coin":false,"result":"loss","duration":80,"rank":15,"legend":null,"note":null,"added":"2019-01-13T21:28:19Z","card_history":[]},{"user_hash":"1896A23AA498E73245FA74A3DE1C3D24","region":"Europe","id":121932527,"mode":"ranked","hero":"Shaman","hero_deck":"Midrange","opponent":"Priest","opponent_deck":null,"coin":true,"result":"loss","duration":377,"rank":15,"legend":null,"note":null,"added":"2019-01-13T21:26:40Z","card_history":[]},{"user_hash":"1896A23AA498E73245FA74A3DE1C3D24","region":"Europe","id":121932341,"mode":"ranked","hero":"Shaman","hero_deck":"Token","opponent":"Hunter","opponent_deck":"Midrange","coin":false,"result":"win","duration":696,"rank":15,"legend":null,"note":null,"added":"2019-01-13T21:20:12Z","card_history":[]},{"user_hash":"1896A23AA498E73245FA74A3DE1C3D24","region":"Europe","id":121932014,"mode":"ranked","hero":"Shaman","hero_deck":"Token","opponent":"Mage","opponent_deck":"Secret","coin":false,"result":"win","duration":617,"rank":15,"legend":null,"note":null,"added":"2019-01-13T21:08:17Z","card_history":[]},{"user_hash":"1896A23AA498E73245FA74A3DE1C3D24","region":"Europe","id":121931707,"mode":"ranked","hero":"Shaman","hero_deck":"Midrange","opponent":"Druid","opponent_deck":null,"coin":false,"result":"win","duration":562,"rank":15,"legend":null,"note":null,"added":"2019-01-13T20:57:37Z","card_history":[]},{"user_hash":"1896A23AA498E73245FA74A3DE1C3D24","region":"Europe","id":121931443,"mode":"ranked","hero":"Shaman","hero_deck":null,"opponent":"Warlock","opponent_deck":null,"coin":true,"result":"loss","duration":74,"rank":15,"legend":null,"note":null,"added":"2019-01-13T20:48:11Z","card_history":[]},{"user_hash":"1896A23AA498E73245FA74A3DE1C3D24","region":"Europe","id":121931390,"mode":"ranked","hero":"Shaman","hero_deck":"Token","opponent":"Priest","opponent_deck":"Combo","coin":false,"result":"loss","duration":391,"rank":15,"legend":null,"note":null,"added":"2019-01-13T20:46:46Z","card_history":[]},{"user_hash":"1896A23AA498E73245FA74A3DE1C3D24","region":"Europe","id":121931200,"mode":"ranked","hero":"Shaman","hero_deck":"Token","opponent":"Mage","opponent_deck":null,"coin":true,"result":"win","duration":547,"rank":15,"legend":null,"note":null,"added":"2019-01-13T20:39:52Z","card_history":[]},{"user_hash":"1896A23AA498E73245FA74A3DE1C3D24","region":"Europe","id":121930947,"mode":"ranked","hero":"Shaman","hero_deck":null,"opponent":"Warlock","opponent_deck":null,"coin":false,"result":"loss","duration":146,"rank":15,"legend":null,"note":null,"added":"2019-01-13T20:30:38Z","card_history":[]},{"user_hash":"1896A23AA498E73245FA74A3DE1C3D24","region":"Europe","id":121930485,"mode":"ranked","hero":"Shaman","hero_deck":"Token","opponent":"Mage","opponent_deck":"Burn","coin":true,"result":"loss","duration":399,"rank":15,"legend":null,"note":null,"added":"2019-01-13T20:11:23Z","card_history":[]},{"user_hash":"1896A23AA498E73245FA74A3DE1C3D24","region":"Europe","id":121930315,"mode":"ranked","hero":"Shaman","hero_deck":null,"opponent":"Priest","opponent_deck":"Dragon","coin":false,"result":"win","duration":382,"rank":15,"legend":null,"note":null,"added":"2019-01-13T20:04:20Z","card_history":[]},{"user_hash":"1896A23AA498E73245FA74A3DE1C3D24","region":"Europe","id":121930145,"mode":"ranked","hero":"Shaman","hero_deck":null,"opponent":"Hunter","opponent_deck":null,"coin":true,"result":"loss","duration":87,"rank":15,"legend":null,"note":null,"added":"2019-01-13T19:57:32Z","card_history":[]},{"user_hash":"1896A23AA498E73245FA74A3DE1C3D24","region":"Europe","id":121930104,"mode":"ranked","hero":"Shaman","hero_deck":null,"opponent":"Hunter","opponent_deck":null,"coin":true,"result":"loss","duration":609,"rank":15,"legend":null,"note":null,"added":"2019-01-13T19:55:49Z","card_history":[]},{"user_hash":"1896A23AA498E73245FA74A3DE1C3D24","region":"Europe","id":121929798,"mode":"ranked","hero":"Shaman","hero_deck":null,"opponent":"Priest","opponent_deck":"Dragon","coin":false,"result":"loss","duration":794,"rank":15,"legend":null,"note":null,"added":"2019-01-13T19:43:56Z","card_history":[]},{"user_hash":"1896A23AA498E73245FA74A3DE1C3D24","region":"Europe","id":121929416,"mode":"ranked","hero":"Shaman","hero_deck":null,"opponent":"Hunter","opponent_deck":null,"coin":true,"result":"loss","duration":64,"rank":null,"legend":null,"note":null,"added":"2019-01-13T19:29:12Z","card_history":[]},{"user_hash":"1896A23AA498E73245FA74A3DE1C3D24","region":"Europe","id":121929376,"mode":"ranked","hero":"Shaman","hero_deck":"Token","opponent":"Paladin","opponent_deck":"Control","coin":true,"result":"loss","duration":963,"rank":15,"legend":null,"note":null,"added":"2019-01-13T19:27:52Z","card_history":[]},{"user_hash":"1896A23AA498E73245FA74A3DE1C3D24","region":"Europe","id":121928978,"mode":"ranked","hero":"Shaman","hero_deck":null,"opponent":"Warrior","opponent_deck":null,"coin":true,"result":"loss","duration":161,"rank":15,"legend":null,"note":null,"added":"2019-01-13T19:11:35Z","card_history":[]},{"user_hash":"1896A23AA498E73245FA74A3DE1C3D24","region":"Europe","id":121928895,"mode":"ranked","hero":"Shaman","hero_deck":null,"opponent":"Shaman","opponent_deck":null,"coin":false,"result":"loss","duration":35,"rank":null,"legend":null,"note":null,"added":"2019-01-13T19:08:34Z","card_history":[]},{"user_hash":"1896A23AA498E73245FA74A3DE1C3D24","region":"Europe","id":121928873,"mode":"ranked","hero":"Shaman","hero_deck":null,"opponent":"Hunter","opponent_deck":null,"coin":false,"result":"loss","duration":52,"rank":15,"legend":null,"note":null,"added":"2019-01-13T19:07:35Z","card_history":[]},{"user_hash":"1896A23AA498E73245FA74A3DE1C3D24","region":"Europe","id":121928847,"mode":"ranked","hero":"Shaman","hero_deck":"Token","opponent":"Shaman","opponent_deck":null,"coin":false,"result":"loss","duration":480,"rank":15,"legend":null,"note":null,"added":"2019-01-13T19:06:16Z","card_history":[]},{"user_hash":"1896A23AA498E73245FA74A3DE1C3D24","region":"Europe","id":121928643,"mode":"ranked","hero":"Shaman","hero_deck":null,"opponent":"Rogue","opponent_deck":null,"coin":true,"result":"loss","duration":117,"rank":15,"legend":null,"note":null,"added":"2019-01-13T18:58:02Z","card_history":[]},{"user_hash":"1896A23AA498E73245FA74A3DE1C3D24","region":"Europe","id":121928588,"mode":"ranked","hero":"Shaman","hero_deck":"Midrange","opponent":"Warrior","opponent_deck":null,"coin":true,"result":"loss","duration":435,"rank":15,"legend":null,"note":null,"added":"2019-01-13T18:55:52Z","card_history":[]},{"user_hash":"1896A23AA498E73245FA74A3DE1C3D24","region":"Europe","id":121928390,"mode":"ranked","hero":"Shaman","hero_deck":"Token","opponent":"Mage","opponent_deck":null,"coin":true,"result":"loss","duration":757,"rank":15,"legend":null,"note":null,"added":"2019-01-13T18:48:32Z","card_history":[]},{"user_hash":"1896A23AA498E73245FA74A3DE1C3D24","region":"Europe","id":121927837,"mode":"ranked","hero":"Shaman","hero_deck":"Midrange","opponent":"Hunter","opponent_deck":"Midrange","coin":true,"result":"loss","duration":907,"rank":15,"legend":null,"note":null,"added":"2019-01-13T18:28:11Z","card_history":[]},{"user_hash":"1896A23AA498E73245FA74A3DE1C3D24","region":"Europe","id":121927430,"mode":"ranked","hero":"Shaman","hero_deck":null,"opponent":"Hunter","opponent_deck":null,"coin":true,"result":"loss","duration":135,"rank":15,"legend":null,"note":null,"added":"2019-01-13T18:12:54Z","card_history":[]},{"user_hash":"1896A23AA498E73245FA74A3DE1C3D24","region":"Europe","id":121927151,"mode":"ranked","hero":"Shaman","hero_deck":null,"opponent":"Shaman","opponent_deck":"Midrange","coin":true,"result":"loss","duration":213,"rank":15,"legend":null,"note":null,"added":"2019-01-13T18:03:52Z","card_history":[]},{"user_hash":"1896A23AA498E73245FA74A3DE1C3D24","region":"Europe","id":121927047,"mode":"ranked","hero":"Shaman","hero_deck":null,"opponent":"Paladin","opponent_deck":null,"coin":false,"result":"loss","duration":60,"rank":15,"legend":null,"note":null,"added":"2019-01-13T18:00:09Z","card_history":[]},{"user_hash":"1896A23AA498E73245FA74A3DE1C3D24","region":"Europe","id":121927008,"mode":"ranked","hero":"Shaman","hero_deck":null,"opponent":"Mage","opponent_deck":null,"coin":false,"result":"loss","duration":529,"rank":15,"legend":null,"note":null,"added":"2019-01-13T17:58:47Z","card_history":[]},{"user_hash":"1896A23AA498E73245FA74A3DE1C3D24","region":"Europe","id":121926758,"mode":"ranked","hero":"Shaman","hero_deck":"Midrange","opponent":"Warlock","opponent_deck":null,"coin":true,"result":"loss","duration":522,"rank":15,"legend":null,"note":null,"added":"2019-01-13T17:49:50Z","card_history":[]},{"user_hash":"1896A23AA498E73245FA74A3DE1C3D24","region":"Europe","id":121926482,"mode":"ranked","hero":"Shaman","hero_deck":"Midrange","opponent":"Shaman","opponent_deck":"Control","coin":true,"result":"win","duration":637,"rank":15,"legend":null,"note":null,"added":"2019-01-13T17:40:18Z","card_history":[]},{"user_hash":"1896A23AA498E73245FA74A3DE1C3D24","region":"Europe","id":121925980,"mode":"ranked","hero":"Shaman","hero_deck":"Midrange","opponent":"Hunter","opponent_deck":null,"coin":true,"result":"loss","duration":590,"rank":15,"legend":null,"note":null,"added":"2019-01-13T17:24:32Z","card_history":[]},{"user_hash":"1896A23AA498E73245FA74A3DE1C3D24","region":"Europe","id":121925682,"mode":"ranked","hero":"Shaman","hero_deck":null,"opponent":"Shaman","opponent_deck":"Token","coin":false,"result":"loss","duration":221,"rank":15,"legend":null,"note":null,"added":"2019-01-13T17:14:22Z","card_history":[]},{"user_hash":"1896A23AA498E73245FA74A3DE1C3D24","region":"Europe","id":121925237,"mode":"ranked","hero":"Shaman","hero_deck":"Midrange","opponent":"Rogue","opponent_deck":null,"coin":false,"result":"loss","duration":306,"rank":15,"legend":null,"note":null,"added":"2019-01-13T16:59:00Z","card_history":[]},{"user_hash":"1896A23AA498E73245FA74A3DE1C3D24","region":"Europe","id":121924606,"mode":"ranked","hero":"Shaman","hero_deck":"Midrange","opponent":"Druid","opponent_deck":"Jade","coin":true,"result":"win","duration":573,"rank":15,"legend":null,"note":null,"added":"2019-01-13T16:38:34Z","card_history":[]},{"user_hash":"1896A23AA498E73245FA74A3DE1C3D24","region":"Europe","id":121924291,"mode":"ranked","hero":"Shaman","hero_deck":null,"opponent":"Paladin","opponent_deck":null,"coin":false,"result":"loss","duration":121,"rank":15,"legend":null,"note":null,"added":"2019-01-13T16:28:49Z","card_history":[]},{"user_hash":"1896A23AA498E73245FA74A3DE1C3D24","region":"Europe","id":121924107,"mode":"ranked","hero":"Shaman","hero_deck":"Midrange","opponent":"Rogue","opponent_deck":null,"coin":false,"result":"win","duration":810,"rank":15,"legend":null,"note":null,"added":"2019-01-13T16:22:28Z","card_history":[]},{"user_hash":"1896A23AA498E73245FA74A3DE1C3D24","region":"Europe","id":121923692,"mode":"ranked","hero":"Shaman","hero_deck":"Midrange","opponent":"Priest","opponent_deck":null,"coin":false,"result":"loss","duration":187,"rank":15,"legend":null,"note":null,"added":"2019-01-13T16:08:45Z","card_history":[]},{"user_hash":"1896A23AA498E73245FA74A3DE1C3D24","region":"Europe","id":121923603,"mode":"ranked","hero":"Shaman","hero_deck":null,"opponent":"Hunter","opponent_deck":"Face","coin":true,"result":"loss","duration":203,"rank":15,"legend":null,"note":null,"added":"2019-01-13T16:05:16Z","card_history":[]},{"user_hash":"9C19210E2DFF9528B8D6A94B9A39A9A5","region":"Americas","id":121929886,"mode":"ranked","hero":"Warlock","hero_deck":null,"opponent":"Rogue","opponent_deck":"Quest","coin":true,"result":"win","duration":886,"rank":null,"legend":null,"note":null,"added":"2019-01-13T19:46:02Z","card_history":[]},{"user_hash":"9C19210E2DFF9528B8D6A94B9A39A9A5","region":"Americas","id":121928833,"mode":"ranked","hero":"Warlock","hero_deck":null,"opponent":"Priest","opponent_deck":null,"coin":false,"result":"win","duration":850,"rank":5,"legend":null,"note":null,"added":"2019-01-13T19:04:20Z","card_history":[]},{"user_hash":"9C19210E2DFF9528B8D6A94B9A39A9A5","region":"Americas","id":121927959,"mode":"ranked","hero":"Warlock","hero_deck":null,"opponent":"Rogue","opponent_deck":null,"coin":true,"result":"win","duration":330,"rank":5,"legend":null,"note":null,"added":"2019-01-13T18:31:10Z","card_history":[]},{"user_hash":"9C19210E2DFF9528B8D6A94B9A39A9A5","region":"Americas","id":121927792,"mode":"ranked","hero":"Warlock","hero_deck":null,"opponent":"Mage","opponent_deck":null,"coin":false,"result":"win","duration":537,"rank":5,"legend":null,"note":null,"added":"2019-01-13T18:25:22Z","card_history":[]},{"user_hash":"9C19210E2DFF9528B8D6A94B9A39A9A5","region":"Americas","id":121927537,"mode":"ranked","hero":"Warlock","hero_deck":null,"opponent":"Druid","opponent_deck":null,"coin":true,"result":"loss","duration":636,"rank":5,"legend":null,"note":null,"added":"2019-01-13T18:16:03Z","card_history":[]},{"user_hash":"9C19210E2DFF9528B8D6A94B9A39A9A5","region":"Americas","id":121924808,"mode":"ranked","hero":"Priest","hero_deck":"Combo","opponent":"Paladin","opponent_deck":null,"coin":false,"result":"win","duration":972,"rank":null,"legend":null,"note":null,"added":"2019-01-13T16:43:39Z","card_history":[]},{"user_hash":"9C19210E2DFF9528B8D6A94B9A39A9A5","region":"Americas","id":121924278,"mode":"ranked","hero":"Priest","hero_deck":"Combo","opponent":"Hunter","opponent_deck":null,"coin":false,"result":"loss","duration":590,"rank":null,"legend":null,"note":null,"added":"2019-01-13T16:27:11Z","card_history":[]},{"user_hash":"9C19210E2DFF9528B8D6A94B9A39A9A5","region":"Americas","id":121923964,"mode":"ranked","hero":"Priest","hero_deck":"Combo","opponent":"Rogue","opponent_deck":null,"coin":true,"result":"loss","duration":407,"rank":null,"legend":null,"note":null,"added":"2019-01-13T16:17:03Z","card_history":[]},{"user_hash":"9C19210E2DFF9528B8D6A94B9A39A9A5","region":"Americas","id":121923760,"mode":"ranked","hero":"Priest","hero_deck":"Combo","opponent":"Warlock","opponent_deck":null,"coin":false,"result":"loss","duration":438,"rank":null,"legend":null,"note":null,"added":"2019-01-13T16:09:54Z","card_history":[]},{"user_hash":"9C19210E2DFF9528B8D6A94B9A39A9A5","region":"Americas","id":121923461,"mode":"casual","hero":"Shaman","hero_deck":"Midrange","opponent":"Warlock","opponent_deck":"Zoo","coin":false,"result":"win","duration":335,"rank":null,"legend":null,"note":null,"added":"2019-01-13T15:59:13Z","card_history":[]},{"user_hash":"9C19210E2DFF9528B8D6A94B9A39A9A5","region":"Americas","id":121923287,"mode":"casual","hero":"Shaman","hero_deck":"Midrange","opponent":"Paladin","opponent_deck":null,"coin":true,"result":"win","duration":458,"rank":null,"legend":null,"note":null,"added":"2019-01-13T15:53:13Z","card_history":[]},{"user_hash":"9C19210E2DFF9528B8D6A94B9A39A9A5","region":"Americas","id":121923054,"mode":"casual","hero":"Shaman","hero_deck":"Midrange","opponent":"Hunter","opponent_deck":null,"coin":false,"result":"win","duration":343,"rank":null,"legend":null,"note":null,"added":"2019-01-13T15:44:37Z","card_history":[]},{"user_hash":"9C19210E2DFF9528B8D6A94B9A39A9A5","region":"Americas","id":121922886,"mode":"casual","hero":"Shaman","hero_deck":null,"opponent":"Priest","opponent_deck":null,"coin":false,"result":"win","duration":102,"rank":null,"legend":null,"note":null,"added":"2019-01-13T15:38:37Z","card_history":[]},{"user_hash":"9C19210E2DFF9528B8D6A94B9A39A9A5","region":"Americas","id":121922832,"mode":"casual","hero":"Shaman","hero_deck":"Token","opponent":"Shaman","opponent_deck":null,"coin":false,"result":"win","duration":470,"rank":null,"legend":null,"note":null,"added":"2019-01-13T15:36:24Z","card_history":[]},{"user_hash":"9C19210E2DFF9528B8D6A94B9A39A9A5","region":"Americas","id":121922571,"mode":"casual","hero":"Shaman","hero_deck":"Midrange","opponent":"Paladin","opponent_deck":null,"coin":false,"result":"win","duration":477,"rank":null,"legend":null,"note":null,"added":"2019-01-13T15:27:11Z","card_history":[]},{"user_hash":"9C19210E2DFF9528B8D6A94B9A39A9A5","region":"Americas","id":121922341,"mode":"casual","hero":"Shaman","hero_deck":"Midrange","opponent":"Warrior","opponent_deck":null,"coin":true,"result":"loss","duration":510,"rank":null,"legend":null,"note":null,"added":"2019-01-13T15:18:43Z","card_history":[]}]}