{"range_start":"2019-01-11T00:00:00Z","range_end":"2019-01-12T00:00:00Z","unique_users":19,"total_games":156,"games":[{"user_hash":"66FFB43E8DB8910A32FB03BD640103F6","region":"Americas","id":121868664,"mode":"ranked","hero":"Hunter","hero_deck":null,"opponent":"Mage","opponent_deck":null,"coin":false,"result":"win","duration":780,"rank":14,"legend":null,"note":null,"added":"2019-01-11T21:47:13Z","card_history":[]},{"user_hash":"66FFB43E8DB8910A32FB03BD640103F6","region":"Americas","id":121868314,"mode":"ranked","hero":"Hunter","hero_deck":"Midrange","opponent":"Hunter","opponent_deck":"Midrange","coin":false,"result":"win","duration":250,"rank":14,"legend":null,"note":null,"added":"2019-01-11T21:33:59Z","card_history":[]},{"user_hash":"66FFB43E8DB8910A32FB03BD640103F6","region":"Americas","id":121868178,"mode":"ranked","hero":"Hunter","hero_deck":"Midrange","opponent":"Priest","opponent_deck":null,"coin":true,"result":"win","duration":308,"rank":14,"legend":null,"note":null,"added":"2019-01-11T21:28:34Z","card_history":[]},{"user_hash":"66FFB43E8DB8910A32FB03BD640103F6","region":"Americas","id":121868041,"mode":"ranked","hero":"Hunter","hero_deck":"Midrange","opponent":"Priest","opponent_deck":null,"coin":false,"result":"loss","duration":616,"rank":14,"legend":null,"note":null,"added":"2019-01-11T21:23:11Z","card_history":[]},{"user_hash":"66FFB43E8DB8910A32FB03BD640103F6","region":"Americas","id":121867784,"mode":"ranked","hero":"Hunter","hero_deck":"Midrange","opponent":"Hunter","opponent_deck":"Midrange","coin":false,"result":"win","duration":642,"rank":14,"legend":null,"note":null,"added":"2019-01-11T21:12:43Z","card_history":[]},{"user_hash":"613D0C19DD5157C604AD55924E4B802A","region":"Americas","id":121850050,"mode":"ranked","hero":"Druid","hero_deck":null,"opponent":"Rogue","opponent_deck":null,"coin":true,"result":"loss","duration":616,"rank":3,"legend":null,"note":null,"added":"2019-01-11T09:02:38Z","card_history":[]},{"user_hash":"613D0C19DD5157C604AD55924E4B802A","region":"Americas","id":121849830,"mode":"ranked","hero":"Druid","hero_deck":null,"opponent":"Paladin","opponent_deck":"Murloc","coin":true,"result":"win","duration":654,"rank":3,"legend":null,"note":null,"added":"2019-01-11T08:51:49Z","card_history":[]},{"user_hash":"613D0C19DD5157C604AD55924E4B802A","region":"Americas","id":121849608,"mode":"ranked","hero":"Druid","hero_deck":null,"opponent":"Rogue","opponent_deck":null,"coin":false,"result":"loss","duration":728,"rank":3,"legend":null,"note":null,"added":"2019-01-11T08:40:50Z","card_history":[]},{"user_hash":"613D0C19DD5157C604AD55924E4B802A","region":"Americas","id":121849378,"mode":"ranked","hero":"Druid","hero_deck":null,"opponent":"Paladin","opponent_deck":null,"coin":false,"result":"win","duration":739,"rank":3,"legend":null,"note":null,"added":"2019-01-11T08:28:34Z","card_history":[]},{"user_hash":"613D0C19DD5157C604AD55924E4B802A","region":"Americas","id":121849176,"mode":"ranked","hero":"Druid","hero_deck":null,"opponent":"Shaman","opponent_deck":"Midrange","coin":true,"result":"win","duration":671,"rank":3,"legend":null,"note":null,"added":"2019-01-11T08:16:06Z","card_history":[]},{"user_hash":"613D0C19DD5157C604AD55924E4B802A","region":"Americas","id":121848996,"mode":"ranked","hero":"Druid","hero_deck":null,"opponent":"Priest","opponent_deck":null,"coin":true,"result":"loss","duration":670,"rank":3,"legend":null,"note":null,"added":"2019-01-11T08:04:27Z","card_history":[]},{"user_hash":"58C888572FE027C1FAC56783A58A7649","region":"Americas","id":121864528,"mode":"casual","hero":"Warrior","hero_deck":null,"opponent":"Mage","opponent_deck":"Secret","coin":false,"result":"win","duration":780,"rank":null,"legend":null,"note":null,"added":"2019-01-11T18:57:32Z","card_history":[]},{"user_hash":"58C888572FE027C1FAC56783A58A7649","region":"Americas","id":121864180,"mode":"ranked","hero":"Mage","hero_deck":"Burn","opponent":"Hunter","opponent_deck":"Midrange","coin":true,"result":"win","duration":336,"rank":null,"legend":null,"note":null,"added":"2019-01-11T18:44:06Z","card_history":[]},{"user_hash":"58C888572FE027C1FAC56783A58A7649","region":"Americas","id":121864025,"mode":"ranked","hero":"Mage","hero_deck":null,"opponent":"Paladin","opponent_deck":null,"coin":false,"result":"loss","duration":549,"rank":null,"legend":null,"note":null,"added":"2019-01-11T18:38:17Z","card_history":[]},{"user_hash":"58C888572FE027C1FAC56783A58A7649","region":"Americas","id":121863650,"mode":"ranked","hero":"Mage","hero_deck":"Secret","opponent":"Hunter","opponent_deck":"Midrange","coin":true,"result":"win","duration":449,"rank":null,"legend":null,"note":null,"added":"2019-01-11T18:23:59Z","card_history":[]},{"user_hash":"C434EFEA7E3DD45BBE654481BE46D850","region":"Americas","id":121844671,"mode":"ranked","hero":"Priest","hero_deck":null,"opponent":"Priest","opponent_deck":null,"coin":true,"result":"win","duration":1429,"rank":18,"legend":null,"note":null,"added":"2019-01-11T03:28:21Z","card_history":[]},{"user_hash":"C434EFEA7E3DD45BBE654481BE46D850","region":"Americas","id":121844287,"mode":"ranked","hero":"Priest","hero_deck":null,"opponent":"Paladin","opponent_deck":null,"coin":true,"result":"loss","duration":402,"rank":18,"legend":null,"note":null,"added":"2019-01-11T03:04:17Z","card_history":[]},{"user_hash":"C434EFEA7E3DD45BBE654481BE46D850","region":"Americas","id":121844185,"mode":"ranked","hero":"Priest","hero_deck":null,"opponent":"Druid","opponent_deck":null,"coin":false,"result":"win","duration":746,"rank":18,"legend":null,"note":null,"added":"2019-01-11T02:57:17Z","card_history":[]},{"user_hash":"C434EFEA7E3DD45BBE654481BE46D850","region":"Americas","id":121843969,"mode":"ranked","hero":"Priest","hero_deck":null,"opponent":"Mage","opponent_deck":null,"coin":true,"result":"loss","duration":305,"rank":18,"legend":null,"note":null,"added":"2019-01-11T02:44:35Z","card_history":[]},{"user_hash":"C434EFEA7E3DD45BBE654481BE46D850","region":"Americas","id":121843834,"mode":"ranked","hero":"Mage","hero_deck":null,"opponent":"Warrior","opponent_deck":"Taunt","coin":false,"result":"win","duration":1029,"rank":19,"legend":null,"note":null,"added":"2019-01-11T02:36:08Z","card_history":[]},{"user_hash":"C434EFEA7E3DD45BBE654481BE46D850","region":"Americas","id":121843559,"mode":"ranked","hero":"Mage","hero_deck":null,"opponent":"Rogue","opponent_deck":null,"coin":false,"result":"win","duration":534,"rank":19,"legend":null,"note":null,"added":"2019-01-11T02:18:43Z","card_history":[]},{"user_hash":"C434EFEA7E3DD45BBE654481BE46D850","region":"Americas","id":121843409,"mode":"casual","hero":"Mage","hero_deck":null,"opponent":"Druid","opponent_deck":"Token","coin":false,"result":"win","duration":408,"rank":null,"legend":null,"note":null,"added":"2019-01-11T02:09:27Z","card_history":[]},{"user_hash":"C434EFEA7E3DD45BBE654481BE46D850","region":"Americas","id":121843292,"mode":"casual","hero":"Mage","hero_deck":null,"opponent":"Shaman","opponent_deck":null,"coin":true,"result":"loss","duration":412,"rank":null,"legend":null,"note":null,"added":"2019-01-11T02:02:09Z","card_history":[]},{"user_hash":"C434EFEA7E3DD45BBE654481BE46D850","region":"Americas","id":121843158,"mode":"casual","hero":"Mage","hero_deck":null,"opponent":"Rogue","opponent_deck":null,"coin":true,"result":"loss","duration":515,"rank":null,"legend":null,"note":null,"added":"2019-01-11T01:54:52Z","card_history":[]},{"user_hash":"C434EFEA7E3DD45BBE654481BE46D850","region":"Americas","id":121842890,"mode":"casual","hero":"Mage","hero_deck":null,"opponent":"Hunter","opponent_deck":"Midrange","coin":true,"result":"loss","duration":404,"rank":null,"legend":null,"note":null,"added":"2019-01-11T01:39:21Z","card_history":[]},{"user_hash":"ACA54F4E01ACB4D94F6D77278D82F2FB","region":"Americas","id":121859146,"mode":"ranked","hero":"Priest","hero_deck":"Combo","opponent":"Rogue","opponent_deck":"Miracle","coin":true,"result":"win","duration":820,"rank":5,"legend":null,"note":null,"added":"2019-01-11T15:42:54Z","card_history":[]},{"user_hash":"ACA54F4E01ACB4D94F6D77278D82F2FB","region":"Americas","id":121858803,"mode":"ranked","hero":"Priest","hero_deck":null,"opponent":"Hunter","opponent_deck":"Midrange","coin":true,"result":"loss","duration":1163,"rank":5,"legend":null,"note":null,"added":"2019-01-11T15:28:48Z","card_history":[]},{"user_hash":"ACA54F4E01ACB4D94F6D77278D82F2FB","region":"Americas","id":121858317,"mode":"ranked","hero":"Priest","hero_deck":null,"opponent":"Hunter","opponent_deck":"Midrange","coin":false,"result":"loss","duration":253,"rank":5,"legend":null,"note":null,"added":"2019-01-11T15:09:16Z","card_history":[]},{"user_hash":"ACA54F4E01ACB4D94F6D77278D82F2FB","region":"Americas","id":121858195,"mode":"ranked","hero":"Hunter","hero_deck":"Midrange","opponent":"Druid","opponent_deck":null,"coin":true,"result":"win","duration":215,"rank":5,"legend":null,"note":null,"added":"2019-01-11T15:04:44Z","card_history":[]},{"user_hash":"ACA54F4E01ACB4D94F6D77278D82F2FB","region":"Americas","id":121858101,"mode":"ranked","hero":"Hunter","hero_deck":"Midrange","opponent":"Hunter","opponent_deck":"Midrange","coin":true,"result":"win","duration":290,"rank":5,"legend":null,"note":null,"added":"2019-01-11T15:00:52Z","card_history":[]},{"user_hash":"98D139BEAF5AE0FFDF0DB6F833114305","region":"Americas","id":121866849,"mode":"ranked","hero":"Hunter","hero_deck":"Midrange","opponent":"Hunter","opponent_deck":"Midrange","coin":false,"result":"win","duration":396,"rank":8,"legend":null,"note":null,"added":"2019-01-11T20:34:23Z","card_history":[]},{"user_hash":"98D139BEAF5AE0FFDF0DB6F833114305","region":"Americas","id":121863810,"mode":"ranked","hero":"Hunter","hero_deck":"Midrange","opponent":"Hunter","opponent_deck":"Midrange","coin":true,"result":"win","duration":546,"rank":8,"legend":null,"note":null,"added":"2019-01-11T18:30:12Z","card_history":[]},{"user_hash":"98D139BEAF5AE0FFDF0DB6F833114305","region":"Americas","id":121863560,"mode":"ranked","hero":"Hunter","hero_deck":"Midrange","opponent":"Warrior","opponent_deck":"Taunt","coin":false,"result":"win","duration":215,"rank":9,"legend":null,"note":null,"added":"2019-01-11T18:20:46Z","card_history":[]},{"user_hash":"98D139BEAF5AE0FFDF0DB6F833114305","region":"Americas","id":121842259,"mode":"ranked","hero":"Paladin","hero_deck":null,"opponent":"Rogue","opponent_deck":null,"coin":true,"result":"win","duration":678,"rank":9,"legend":null,"note":null,"added":"2019-01-11T01:04:21Z","card_history":[]},{"user_hash":"A291E82C4070D38FB127D2A8481A505A","region":"Europe","id":121870645,"mode":"ranked","hero":"Hunter","hero_deck":"Midrange","opponent":"Warlock","opponent_deck":"Hand","coin":false,"result":"loss","duration":1087,"rank":null,"legend":null,"note":null,"added":"2019-01-11T23:11:55Z","card_history":[]},{"user_hash":"A291E82C4070D38FB127D2A8481A505A","region":"Europe","id":121870233,"mode":"ranked","hero":"Hunter","hero_deck":"Midrange","opponent":"Priest","opponent_deck":"Dragon","coin":true,"result":"win","duration":1223,"rank":null,"legend":null,"note":null,"added":"2019-01-11T22:53:17Z","card_history":[]},{"user_hash":"A291E82C4070D38FB127D2A8481A505A","region":"Europe","id":121869769,"mode":"ranked","hero":"Hunter","hero_deck":null,"opponent":"Priest","opponent_deck":"Combo","coin":false,"result":"loss","duration":608,"rank":null,"legend":null,"note":null,"added":"2019-01-11T22:32:26Z","card_history":[]},{"user_hash":"A291E82C4070D38FB127D2A8481A505A","region":"Europe","id":121869360,"mode":"ranked","hero":"Druid","hero_deck":"Token","opponent":"Priest","opponent_deck":"Combo","coin":true,"result":"win","duration":299,"rank":null,"legend":null,"note":null,"added":"2019-01-11T22:15:56Z","card_history":[]},{"user_hash":"A291E82C4070D38FB127D2A8481A505A","region":"Europe","id":121869222,"mode":"ranked","hero":"Druid","hero_deck":"Token","opponent":"Hunter","opponent_deck":"Midrange","coin":false,"result":"loss","duration":650,"rank":null,"legend":null,"note":null,"added":"2019-01-11T22:10:24Z","card_history":[]},{"user_hash":"A291E82C4070D38FB127D2A8481A505A","region":"Europe","id":121868951,"mode":"ranked","hero":"Druid","hero_deck":"Token","opponent":"Rogue","opponent_deck":"Quest","coin":true,"result":"win","duration":593,"rank":null,"legend":null,"note":null,"added":"2019-01-11T21:58:55Z","card_history":[]},{"user_hash":"A291E82C4070D38FB127D2A8481A505A","region":"Europe","id":121868709,"mode":"ranked","hero":"Druid","hero_deck":null,"opponent":"Priest","opponent_deck":"Dragon","coin":true,"result":"loss","duration":427,"rank":null,"legend":null,"note":null,"added":"2019-01-11T21:48:48Z","card_history":[]},{"user_hash":"A291E82C4070D38FB127D2A8481A505A","region":"Europe","id":121868499,"mode":"ranked","hero":"Druid","hero_deck":null,"opponent":"Warlock","opponent_deck":"Zoo","coin":false,"result":"loss","duration":216,"rank":null,"legend":null,"note":null,"added":"2019-01-11T21:41:02Z","card_history":[]},{"user_hash":"A291E82C4070D38FB127D2A8481A505A","region":"Europe","id":121868391,"mode":"ranked","hero":"Druid","hero_deck":"Token","opponent":"Paladin","opponent_deck":null,"coin":false,"result":"loss","duration":533,"rank":null,"legend":null,"note":null,"added":"2019-01-11T21:36:59Z","card_history":[]},{"user_hash":"A291E82C4070D38FB127D2A8481A505A","region":"Europe","id":121868163,"mode":"ranked","hero":"Druid","hero_deck":"Token","opponent":"Rogue","opponent_deck":"Miracle","coin":true,"result":"loss","duration":339,"rank":null,"legend":null,"note":null,"added":"2019-01-11T21:27:51Z","card_history":[]},{"user_hash":"A291E82C4070D38FB127D2A8481A505A","region":"Europe","id":121867998,"mode":"ranked","hero":"Druid","hero_deck":"Token","opponent":"Priest","opponent_deck":"Combo","coin":true,"result":"loss","duration":567,"rank":null,"legend":null,"note":null,"added":"2019-01-11T21:21:32Z","card_history":[]},{"user_hash":"A291E82C4070D38FB127D2A8481A505A","region":"Europe","id":121867765,"mode":"ranked","hero":"Druid","hero_deck":"Token","opponent":"Paladin","opponent_deck":null,"coin":true,"result":"loss","duration":362,"rank":null,"legend":null,"note":null,"added":"2019-01-11T21:11:51Z","card_history":[]},{"user_hash":"A291E82C4070D38FB127D2A8481A505A","region":"Europe","id":121867611,"mode":"ranked","hero":"Druid","hero_deck":"Token","opponent":"Paladin","opponent_deck":null,"coin":true,"result":"win","duration":290,"rank":null,"legend":null,"note":null,"added":"2019-01-11T21:05:32Z","card_history":[]},{"user_hash":"A291E82C4070D38FB127D2A8481A505A","region":"Europe","id":121867486,"mode":"ranked","hero":"Druid","hero_deck":"Token","opponent":"Priest","opponent_deck":"Dragon","coin":true,"result":"loss","duration":530,"rank":null,"legend":null,"note":null,"added":"2019-01-11T21:00:08Z","card_history":[]},{"user_hash":"A291E82C4070D38FB127D2A8481A505A","region":"Europe","id":121867252,"mode":"ranked","hero":"Druid","hero_deck":"Token","opponent":"Paladin","opponent_deck":null,"coin":false,"result":"loss","duration":844,"rank":null,"legend":null,"note":null,"added":"2019-01-11T20:51:00Z","card_history":[]},{"user_hash":"A291E82C4070D38FB127D2A8481A505A","region":"Europe","id":121866916,"mode":"ranked","hero":"Druid","hero_deck":"Token","opponent":"Paladin","opponent_deck":null,"coin":false,"result":"win","duration":320,"rank":null,"legend":null,"note":null,"added":"2019-01-11T20:36:44Z","card_history":[]},{"user_hash":"A291E82C4070D38FB127D2A8481A505A","region":"Europe","id":121866761,"mode":"ranked","hero":"Druid","hero_deck":"Token","opponent":"Warlock","opponent_deck":null,"coin":true,"result":"win","duration":374,"rank":null,"legend":null,"note":null,"added":"2019-01-11T20:30:16Z","card_history":[]},{"user_hash":"BC6A2D9C1B85279990741B28594638D8","region":"Europe","id":121853484,"mode":"ranked","hero":"Druid","hero_deck":null,"opponent":"Rogue","opponent_deck":null,"coin":false,"result":"loss","duration":867,"rank":7,"legend":null,"note":null,"added":"2019-01-11T11:56:47Z","card_history":[]},{"user_hash":"BC6A2D9C1B85279990741B28594638D8","region":"Europe","id":121853192,"mode":"ranked","hero":"Druid","hero_deck":null,"opponent":"Hunter","opponent_deck":"Midrange","coin":false,"result":"win","duration":1338,"rank":8,"legend":null,"note":null,"added":"2019-01-11T11:42:09Z","card_history":[]},{"user_hash":"BC6A2D9C1B85279990741B28594638D8","region":"Europe","id":121852737,"mode":"ranked","hero":"Druid","hero_deck":null,"opponent":"Priest","opponent_deck":"Dragon","coin":true,"result":"win","duration":535,"rank":8,"legend":null,"note":null,"added":"2019-01-11T11:19:41Z","card_history":[]},{"user_hash":"5A2A39E6E9507C45EA8C3DAEA7F8519D","region":"Americas","id":121871553,"mode":"ranked","hero":"Druid","hero_deck":"Jade","opponent":"Priest","opponent_deck":null,"coin":false,"result":"win","duration":446,"rank":18,"legend":null,"note":null,"added":"2019-01-11T23:55:44Z","card_history":[]},{"user_hash":"5A2A39E6E9507C45EA8C3DAEA7F8519D","region":"Americas","id":121871392,"mode":"ranked","hero":"Druid","hero_deck":null,"opponent":"Warlock","opponent_deck":null,"coin":false,"result":"loss","duration":123,"rank":18,"legend":null,"note":null,"added":"2019-01-11T23:48:01Z","card_history":[]},{"user_hash":"46B0FDE764B5F3948106719B8026CF2F","region":"Europe","id":121859981,"mode":"ranked","hero":"Warlock","hero_deck":"Hand","opponent":"Warlock","opponent_deck":null,"coin":false,"result":"loss","duration":420,"rank":17,"legend":null,"note":null,"added":"2019-01-11T16:14:31Z","card_history":[]},{"user_hash":"46B0FDE764B5F3948106719B8026CF2F","region":"Europe","id":121859774,"mode":"ranked","hero":"Warlock","hero_deck":"Zoo","opponent":"Shaman","opponent_deck":null,"coin":false,"result":"loss","duration":440,"rank":16,"legend":null,"note":null,"added":"2019-01-11T16:07:20Z","card_history":[]},{"user_hash":"994698F284025C5255BE77C4406D1198","region":"Europe","id":121846172,"mode":"friendly","hero":"Mage","hero_deck":null,"opponent":"Warrior","opponent_deck":"Taunt","coin":true,"result":"win","duration":1349,"rank":null,"legend":null,"note":null,"added":"2019-01-11T04:59:51Z","card_history":[]},{"user_hash":"994698F284025C5255BE77C4406D1198","region":"Europe","id":121843080,"mode":"ranked","hero":"Mage","hero_deck":null,"opponent":"Hunter","opponent_deck":"Midrange","coin":false,"result":"loss","duration":676,"rank":7,"legend":null,"note":null,"added":"2019-01-11T01:50:11Z","card_history":[]},{"user_hash":"72EE35E628BB8E1ECBF34E29CBB823F6","region":"Europe","id":121870858,"mode":"ranked","hero":"Paladin","hero_deck":"Midrange","opponent":"Mage","opponent_deck":null,"coin":true,"result":"win","duration":598,"rank":19,"legend":null,"note":null,"added":"2019-01-11T23:23:07Z","card_history":[]},{"user_hash":"72EE35E628BB8E1ECBF34E29CBB823F6","region":"Europe","id":121870644,"mode":"ranked","hero":"Paladin","hero_deck":"Midrange","opponent":"Shaman","opponent_deck":"Control","coin":false,"result":"win","duration":362,"rank":19,"legend":null,"note":null,"added":"2019-01-11T23:12:51Z","card_history":[]},{"user_hash":"72EE35E628BB8E1ECBF34E29CBB823F6","region":"Europe","id":121869494,"mode":"ranked","hero":"Paladin","hero_deck":"Midrange","opponent":"Shaman","opponent_deck":"Token","coin":true,"result":"win","duration":572,"rank":19,"legend":null,"note":null,"added":"2019-01-11T22:21:56Z","card_history":[]},{"user_hash":"72EE35E628BB8E1ECBF34E29CBB823F6","region":"Europe","id":121866093,"mode":"ranked","hero":"Paladin","hero_deck":"Midrange","opponent":"Paladin","opponent_deck":null,"coin":false,"result":"win","duration":422,"rank":20,"legend":null,"note":null,"added":"2019-01-11T20:03:10Z","card_history":[]},{"user_hash":"72EE35E628BB8E1ECBF34E29CBB823F6","region":"Europe","id":121865896,"mode":"ranked","hero":"Paladin","hero_deck":"Midrange","opponent":"Hunter","opponent_deck":"Midrange","coin":false,"result":"win","duration":498,"rank":20,"legend":null,"note":null,"added":"2019-01-11T19:55:36Z","card_history":[]},{"user_hash":"72EE35E628BB8E1ECBF34E29CBB823F6","region":"Europe","id":121865702,"mode":"ranked","hero":"Paladin","hero_deck":"Midrange","opponent":"Warlock","opponent_deck":"Zoo","coin":true,"result":"win","duration":463,"rank":20,"legend":null,"note":null,"added":"2019-01-11T19:47:02Z","card_history":[]},{"user_hash":"68209F28134438C0EF193066FE7B44A8","region":"Americas","id":121850095,"mode":"ranked","hero":"Warrior","hero_deck":"Taunt","opponent":"Hunter","opponent_deck":"Midrange","coin":false,"result":"win","duration":637,"rank":8,"legend":null,"note":null,"added":"2019-01-11T09:04:28Z","card_history":[]},{"user_hash":"68209F28134438C0EF193066FE7B44A8","region":"Americas","id":121849874,"mode":"ranked","hero":"Warrior","hero_deck":"Taunt","opponent":"Rogue","opponent_deck":null,"coin":true,"result":"win","duration":625,"rank":9,"legend":null,"note":null,"added":"2019-01-11T08:53:41Z","card_history":[]},{"user_hash":"68209F28134438C0EF193066FE7B44A8","region":"Americas","id":121849631,"mode":"ranked","hero":"Warrior","hero_deck":"Taunt","opponent":"Paladin","opponent_deck":null,"coin":false,"result":"win","duration":1399,"rank":9,"legend":null,"note":null,"added":"2019-01-11T08:42:08Z","card_history":[]},{"user_hash":"68209F28134438C0EF193066FE7B44A8","region":"Americas","id":121849225,"mode":"ranked","hero":"Warrior","hero_deck":"Taunt","opponent":"Priest","opponent_deck":"Dragon","coin":true,"result":"loss","duration":748,"rank":9,"legend":null,"note":null,"added":"2019-01-11T08:18:23Z","card_history":[]},{"user_hash":"68209F28134438C0EF193066FE7B44A8","region":"Americas","id":121848897,"mode":"ranked","hero":"Warrior","hero_deck":"Taunt","opponent":"Paladin","opponent_deck":null,"coin":true,"result":"win","duration":653,"rank":9,"legend":null,"note":null,"added":"2019-01-11T07:57:59Z","card_history":[]},{"user_hash":"68209F28134438C0EF193066FE7B44A8","region":"Americas","id":121848711,"mode":"ranked","hero":"Warrior","hero_deck":"Taunt","opponent":"Warrior","opponent_deck":"Taunt","coin":true,"result":"loss","duration":650,"rank":8,"legend":null,"note":null,"added":"2019-01-11T07:46:37Z","card_history":[]},{"user_hash":"68209F28134438C0EF193066FE7B44A8","region":"Americas","id":121848541,"mode":"ranked","hero":"Warrior","hero_deck":"Taunt","opponent":"Rogue","opponent_deck":null,"coin":true,"result":"loss","duration":421,"rank":8,"legend":null,"note":null,"added":"2019-01-11T07:34:35Z","card_history":[]},{"user_hash":"68209F28134438C0EF193066FE7B44A8","region":"Americas","id":121848417,"mode":"ranked","hero":"Warrior","hero_deck":"Taunt","opponent":"Rogue","opponent_deck":null,"coin":true,"result":"win","duration":521,"rank":9,"legend":null,"note":null,"added":"2019-01-11T07:26:45Z","card_history":[]},{"user_hash":"68209F28134438C0EF193066FE7B44A8","region":"Americas","id":121847671,"mode":"ranked","hero":"Hunter","hero_deck":"Midrange","opponent":"Warrior","opponent_deck":"Taunt","coin":true,"result":"win","duration":529,"rank":9,"legend":null,"note":null,"added":"2019-01-11T06:38:24Z","card_history":[]},{"user_hash":"68209F28134438C0EF193066FE7B44A8","region":"Americas","id":121847510,"mode":"ranked","hero":"Hunter","hero_deck":"Midrange","opponent":"Priest","opponent_deck":"Combo","coin":false,"result":"loss","duration":433,"rank":9,"legend":null,"note":null,"added":"2019-01-11T06:29:24Z","card_history":[]},{"user_hash":"68209F28134438C0EF193066FE7B44A8","region":"Americas","id":121847336,"mode":"ranked","hero":"Hunter","hero_deck":"Midrange","opponent":"Hunter","opponent_deck":"Midrange","coin":true,"result":"win","duration":350,"rank":9,"legend":null,"note":null,"added":"2019-01-11T06:16:31Z","card_history":[]},{"user_hash":"68209F28134438C0EF193066FE7B44A8","region":"Americas","id":121847158,"mode":"ranked","hero":"Hunter","hero_deck":"Midrange","opponent":"Hunter","opponent_deck":"Midrange","coin":true,"result":"win","duration":470,"rank":9,"legend":null,"note":null,"added":"2019-01-11T06:04:28Z","card_history":[]},{"user_hash":"68209F28134438C0EF193066FE7B44A8","region":"Americas","id":121847024,"mode":"ranked","hero":"Hunter","hero_deck":"Midrange","opponent":"Priest","opponent_deck":null,"coin":false,"result":"win","duration":372,"rank":9,"legend":null,"note":null,"added":"2019-01-11T05:55:50Z","card_history":[]},{"user_hash":"68209F28134438C0EF193066FE7B44A8","region":"Americas","id":121846931,"mode":"ranked","hero":"Warlock","hero_deck":null,"opponent":"Paladin","opponent_deck":null,"coin":true,"result":"loss","duration":471,"rank":9,"legend":null,"note":null,"added":"2019-01-11T05:49:26Z","card_history":[]},{"user_hash":"68209F28134438C0EF193066FE7B44A8","region":"Americas","id":121846801,"mode":"ranked","hero":"Warlock","hero_deck":"Hand","opponent":"Mage","opponent_deck":null,"coin":true,"result":"loss","duration":523,"rank":9,"legend":null,"note":null,"added":"2019-01-11T05:41:18Z","card_history":[]},{"user_hash":"AA15CB2ECEA9B34592924C614376818D","region":"Europe","id":121864856,"mode":"ranked","hero":"Druid","hero_deck":"Jade","opponent":"Warlock","opponent_deck":null,"coin":true,"result":"win","duration":1089,"rank":9,"legend":null,"note":null,"added":"2019-01-11T19:10:16Z","card_history":[]},{"user_hash":"AA15CB2ECEA9B34592924C614376818D","region":"Europe","id":121864364,"mode":"ranked","hero":"Druid","hero_deck":null,"opponent":"Mage","opponent_deck":null,"coin":true,"result":"win","duration":126,"rank":9,"legend":null,"note":null,"added":"2019-01-11T18:51:17Z","card_history":[]},{"user_hash":"AA15CB2ECEA9B34592924C614376818D","region":"Europe","id":121864274,"mode":"ranked","hero":"Druid","hero_deck":"Jade","opponent":"Warlock","opponent_deck":null,"coin":true,"result":"loss","duration":1312,"rank":9,"legend":null,"note":null,"added":"2019-01-11T18:47:34Z","card_history":[]},{"user_hash":"AA15CB2ECEA9B34592924C614376818D","region":"Europe","id":121863698,"mode":"ranked","hero":"Druid","hero_deck":"Jade","opponent":"Priest","opponent_deck":null,"coin":false,"result":"loss","duration":1834,"rank":9,"legend":null,"note":null,"added":"2019-01-11T18:25:25Z","card_history":[]},{"user_hash":"AA15CB2ECEA9B34592924C614376818D","region":"Europe","id":121862848,"mode":"ranked","hero":"Druid","hero_deck":null,"opponent":"Mage","opponent_deck":"Secret","coin":true,"result":"loss","duration":607,"rank":9,"legend":null,"note":null,"added":"2019-01-11T17:53:36Z","card_history":[]},{"user_hash":"AA15CB2ECEA9B34592924C614376818D","region":"Europe","id":121862537,"mode":"ranked","hero":"Druid","hero_deck":"Jade","opponent":"Priest","opponent_deck":null,"coin":false,"result":"win","duration":1098,"rank":9,"legend":null,"note":null,"added":"2019-01-11T17:42:47Z","card_history":[]},{"user_hash":"AA15CB2ECEA9B34592924C614376818D","region":"Europe","id":121861926,"mode":"casual","hero":"Rogue","hero_deck":null,"opponent":"Mage","opponent_deck":null,"coin":true,"result":"win","duration":308,"rank":null,"legend":null,"note":null,"added":"2019-01-11T17:20:18Z","card_history":[]},{"user_hash":"AA15CB2ECEA9B34592924C614376818D","region":"Europe","id":121861782,"mode":"casual","hero":"Rogue","hero_deck":"Miracle","opponent":"Rogue","opponent_deck":null,"coin":false,"result":"loss","duration":243,"rank":null,"legend":null,"note":null,"added":"2019-01-11T17:14:52Z","card_history":[]},{"user_hash":"AA15CB2ECEA9B34592924C614376818D","region":"Europe","id":121861521,"mode":"friendly","hero":"Warlock","hero_deck":null,"opponent":"Hunter","opponent_deck":null,"coin":true,"result":"loss","duration":92,"rank":null,"legend":null,"note":null,"added":"2019-01-11T17:06:20Z","card_history":[]},{"user_hash":"5FED09A38E1809E4E1EFA10C03545BCD","region":"Americas","id":121847454,"mode":"ranked","hero":"Priest","hero_deck":"Miracle","opponent":"Warrior","opponent_deck":"Taunt","coin":true,"result":"win","duration":864,"rank":9,"legend":null,"note":null,"added":"2019-01-11T06:25:32Z","card_history":[]},{"user_hash":"5FED09A38E1809E4E1EFA10C03545BCD","region":"Americas","id":121847252,"mode":"ranked","hero":"Priest","hero_deck":"Miracle","opponent":"Hunter","opponent_deck":"Midrange","coin":true,"result":"loss","duration":504,"rank":9,"legend":null,"note":null,"added":"2019-01-11T06:11:02Z","card_history":[]},{"user_hash":"D2D4E71B34199C03AC9320F5DD7A33D9","region":"Americas","id":121868659,"mode":"ranked","hero":"Paladin","hero_deck":null,"opponent":"Paladin","opponent_deck":null,"coin":true,"result":"win","duration":287,"rank":4,"legend":null,"note":null,"added":"2019-01-11T21:47:03Z","card_history":[]},{"user_hash":"D2D4E71B34199C03AC9320F5DD7A33D9","region":"Americas","id":121867681,"mode":"ranked","hero":"Paladin","hero_deck":null,"opponent":"Hunter","opponent_deck":"Midrange","coin":false,"result":"win","duration":408,"rank":4,"legend":null,"note":null,"added":"2019-01-11T21:08:30Z","card_history":[]},{"user_hash":"D2D4E71B34199C03AC9320F5DD7A33D9","region":"Americas","id":121867527,"mode":"ranked","hero":"Paladin","hero_deck":null,"opponent":"Hunter","opponent_deck":null,"coin":true,"result":"win","duration":266,"rank":null,"legend":null,"note":null,"added":"2019-01-11T21:01:36Z","card_history":[]},{"user_hash":"1896A23AA498E73245FA74A3DE1C3D24","region":"Europe","id":121865386,"mode":"ranked","hero":"Paladin","hero_deck":"Midrange","opponent":"Rogue","opponent_deck":null,"coin":false,"result":"loss","duration":578,"rank":18,"legend":null,"note":null,"added":"2019-01-11T19:33:00Z","card_history":[]},{"user_hash":"1896A23AA498E73245FA74A3DE1C3D24","region":"Europe","id":121865139,"mode":"ranked","hero":"Paladin","hero_deck":null,"opponent":"Paladin","opponent_deck":"Midrange","coin":false,"result":"loss","duration":212,"rank":18,"legend":null,"note":null,"added":"2019-01-11T19:22:42Z","card_history":[]},{"user_hash":"1896A23AA498E73245FA74A3DE1C3D24","region":"Europe","id":121865042,"mode":"ranked","hero":"Paladin","hero_deck":"Midrange","opponent":"Priest","opponent_deck":"Dragon","coin":false,"result":"win","duration":657,"rank":18,"legend":null,"note":null,"added":"2019-01-11T19:18:45Z","card_history":[]},{"user_hash":"1896A23AA498E73245FA74A3DE1C3D24","region":"Europe","id":121864764,"mode":"ranked","hero":"Paladin","hero_deck":null,"opponent":"Priest","opponent_deck":null,"coin":false,"result":"win","duration":27,"rank":null,"legend":null,"note":null,"added":"2019-01-11T19:07:31Z","card_history":[]},{"user_hash":"1896A23AA498E73245FA74A3DE1C3D24","region":"Europe","id":121864744,"mode":"ranked","hero":"Paladin","hero_deck":"Midrange","opponent":"Mage","opponent_deck":null,"coin":true,"result":"win","duration":798,"rank":19,"legend":null,"note":null,"added":"2019-01-11T19:06:43Z","card_history":[]},{"user_hash":"1896A23AA498E73245FA74A3DE1C3D24","region":"Europe","id":121864386,"mode":"ranked","hero":"Paladin","hero_deck":"Midrange","opponent":"Rogue","opponent_deck":null,"coin":false,"result":"win","duration":766,"rank":19,"legend":null,"note":null,"added":"2019-01-11T18:53:08Z","card_history":[]},{"user_hash":"1896A23AA498E73245FA74A3DE1C3D24","region":"Europe","id":121863746,"mode":"ranked","hero":"Paladin","hero_deck":"Midrange","opponent":"Hunter","opponent_deck":"Midrange","coin":true,"result":"win","duration":933,"rank":19,"legend":null,"note":null,"added":"2019-01-11T18:28:02Z","card_history":[]},{"user_hash":"1896A23AA498E73245FA74A3DE1C3D24","region":"Europe","id":121863311,"mode":"ranked","hero":"Paladin","hero_deck":"Control","opponent":"Rogue","opponent_deck":"Miracle","coin":false,"result":"loss","duration":315,"rank":19,"legend":null,"note":null,"added":"2019-01-11T18:12:12Z","card_history":[]},{"user_hash":"1896A23AA498E73245FA74A3DE1C3D24","region":"Europe","id":121863170,"mode":"ranked","hero":"Paladin","hero_deck":"Midrange","opponent":"Priest","opponent_deck":null,"coin":true,"result":"loss","duration":325,"rank":19,"legend":null,"note":null,"added":"2019-01-11T18:06:46Z","card_history":[]},{"user_hash":"1896A23AA498E73245FA74A3DE1C3D24","region":"Europe","id":121863019,"mode":"ranked","hero":"Paladin","hero_deck":"Midrange","opponent":"Mage","opponent_deck":"Burn","coin":true,"result":"win","duration":1118,"rank":19,"legend":null,"note":null,"added":"2019-01-11T18:01:11Z","card_history":[]},{"user_hash":"1896A23AA498E73245FA74A3DE1C3D24","region":"Europe","id":121862498,"mode":"ranked","hero":"Paladin","hero_deck":"Midrange","opponent":"Priest","opponent_deck":"Dragon","coin":true,"result":"win","duration":523,"rank":19,"legend":null,"note":null,"added":"2019-01-11T17:42:21Z","card_history":[]},{"user_hash":"1896A23AA498E73245FA74A3DE1C3D24","region":"Europe","id":121862246,"mode":"ranked","hero":"Paladin","hero_deck":null,"opponent":"Mage","opponent_deck":null,"coin":false,"result":"loss","duration":178,"rank":19,"legend":null,"note":null,"added":"2019-01-11T17:33:22Z","card_history":[]},{"user_hash":"1896A23AA498E73245FA74A3DE1C3D24","region":"Europe","id":121862160,"mode":"ranked","hero":"Paladin","hero_deck":"Midrange","opponent":"Paladin","opponent_deck":"Midrange","coin":false,"result":"win","duration":552,"rank":19,"legend":null,"note":null,"added":"2019-01-11T17:30:03Z","card_history":[]},{"user_hash":"1896A23AA498E73245FA74A3DE1C3D24","region":"Europe","id":121861695,"mode":"ranked","hero":"Paladin","hero_deck":null,"opponent":"Priest","opponent_deck":"Combo","coin":true,"result":"loss","duration":1893,"rank":19,"legend":null,"note":null,"added":"2019-01-11T17:13:14Z","card_history":[]},{"user_hash":"1896A23AA498E73245FA74A3DE1C3D24","region":"Europe","id":121860785,"mode":"ranked","hero":"Paladin","hero_deck":"Midrange","opponent":"Paladin","opponent_deck":"Murloc","coin":false,"result":"win","duration":418,"rank":19,"legend":null,"note":null,"added":"2019-01-11T16:41:26Z","card_history":[]},{"user_hash":"1896A23AA498E73245FA74A3DE1C3D24","region":"Europe","id":121860539,"mode":"ranked","hero":"Paladin","hero_deck":"Control","opponent":"Mage","opponent_deck":null,"coin":true,"result":"loss","duration":326,"rank":19,"legend":null,"note":null,"added":"2019-01-11T16:34:14Z","card_history":[]},{"user_hash":"1896A23AA498E73245FA74A3DE1C3D24","region":"Europe","id":121858338,"mode":"ranked","hero":"Paladin","hero_deck":"Midrange","opponent":"Shaman","opponent_deck":"Token","coin":true,"result":"loss","duration":2419,"rank":19,"legend":null,"note":null,"added":"2019-01-11T15:10:39Z","card_history":[]},{"user_hash":"1896A23AA498E73245FA74A3DE1C3D24","region":"Europe","id":121857213,"mode":"ranked","hero":"Paladin","hero_deck":null,"opponent":"Shaman","opponent_deck":null,"coin":false,"result":"loss","duration":162,"rank":18,"legend":null,"note":null,"added":"2019-01-11T14:30:00Z","card_history":[]},{"user_hash":"1896A23AA498E73245FA74A3DE1C3D24","region":"Europe","id":121857135,"mode":"ranked","hero":"Paladin","hero_deck":"Control","opponent":"Shaman","opponent_deck":null,"coin":true,"result":"loss","duration":286,"rank":18,"legend":null,"note":null,"added":"2019-01-11T14:27:01Z","card_history":[]},{"user_hash":"1896A23AA498E73245FA74A3DE1C3D24","region":"Europe","id":121856994,"mode":"ranked","hero":"Paladin","hero_deck":"Midrange","opponent":"Rogue","opponent_deck":null,"coin":false,"result":"win","duration":643,"rank":19,"legend":null,"note":null,"added":"2019-01-11T14:22:06Z","card_history":[]},{"user_hash":"1896A23AA498E73245FA74A3DE1C3D24","region":"Europe","id":121856709,"mode":"ranked","hero":"Paladin","hero_deck":"Midrange","opponent":"Warlock","opponent_deck":"Zoo","coin":true,"result":"win","duration":222,"rank":19,"legend":null,"note":null,"added":"2019-01-11T14:11:03Z","card_history":[]},{"user_hash":"1896A23AA498E73245FA74A3DE1C3D24","region":"Europe","id":121856604,"mode":"ranked","hero":"Paladin","hero_deck":"Midrange","opponent":"Mage","opponent_deck":null,"coin":true,"result":"loss","duration":341,"rank":18,"legend":null,"note":null,"added":"2019-01-11T14:06:57Z","card_history":[]},{"user_hash":"1896A23AA498E73245FA74A3DE1C3D24","region":"Europe","id":121856464,"mode":"ranked","hero":"Paladin","hero_deck":"Midrange","opponent":"Paladin","opponent_deck":null,"coin":true,"result":"loss","duration":276,"rank":18,"legend":null,"note":null,"added":"2019-01-11T14:00:54Z","card_history":[]},{"user_hash":"1896A23AA498E73245FA74A3DE1C3D24","region":"Europe","id":121856343,"mode":"ranked","hero":"Paladin","hero_deck":"Midrange","opponent":"Hunter","opponent_deck":"Midrange","coin":true,"result":"win","duration":264,"rank":19,"legend":null,"note":null,"added":"2019-01-11T13:55:54Z","card_history":[]},{"user_hash":"1896A23AA498E73245FA74A3DE1C3D24","region":"Europe","id":121856063,"mode":"ranked","hero":"Paladin","hero_deck":"Midrange","opponent":"Priest","opponent_deck":null,"coin":false,"result":"win","duration":361,"rank":19,"legend":null,"note":null,"added":"2019-01-11T13:44:19Z","card_history":[]},{"user_hash":"1896A23AA498E73245FA74A3DE1C3D24","region":"Europe","id":121855919,"mode":"ranked","hero":"Paladin","hero_deck":"Midrange","opponent":"Hunter","opponent_deck":"Midrange","coin":false,"result":"win","duration":308,"rank":19,"legend":null,"note":null,"added":"2019-01-11T13:38:06Z","card_history":[]},{"user_hash":"1896A23AA498E73245FA74A3DE1C3D24","region":"Europe","id":121855769,"mode":"ranked","hero":"Paladin","hero_deck":"Midrange","opponent":"Priest","opponent_deck":null,"coin":true,"result":"win","duration":499,"rank":19,"legend":null,"note":null,"added":"2019-01-11T13:32:35Z","card_history":[]},{"user_hash":"1896A23AA498E73245FA74A3DE1C3D24","region":"Europe","id":121855544,"mode":"ranked","hero":"Paladin","hero_deck":"Midrange","opponent":"Warlock","opponent_deck":null,"coin":true,"result":"loss","duration":559,"rank":19,"legend":null,"note":null,"added":"2019-01-11T13:23:44Z","card_history":[]},{"user_hash":"1896A23AA498E73245FA74A3DE1C3D24","region":"Europe","id":121855286,"mode":"ranked","hero":"Paladin","hero_deck":"Midrange","opponent":"Rogue","opponent_deck":null,"coin":true,"result":"win","duration":403,"rank":20,"legend":null,"note":null,"added":"2019-01-11T13:14:01Z","card_history":[]},{"user_hash":"1896A23AA498E73245FA74A3DE1C3D24","region":"Europe","id":121855112,"mode":"ranked","hero":"Paladin","hero_deck":"Midrange","opponent":"Mage","opponent_deck":"Burn","coin":true,"result":"win","duration":497,"rank":20,"legend":null,"note":null,"added":"2019-01-11T13:06:55Z","card_history":[]},{"user_hash":"1896A23AA498E73245FA74A3DE1C3D24","region":"Europe","id":121854889,"mode":"ranked","hero":"Paladin","hero_deck":"Midrange","opponent":"Hunter","opponent_deck":null,"coin":false,"result":"win","duration":425,"rank":20,"legend":null,"note":null,"added":"2019-01-11T12:58:20Z","card_history":[]},{"user_hash":"1896A23AA498E73245FA74A3DE1C3D24","region":"Europe","id":121854675,"mode":"ranked","hero":"Paladin","hero_deck":"Midrange","opponent":"Mage","opponent_deck":null,"coin":true,"result":"win","duration":366,"rank":20,"legend":null,"note":null,"added":"2019-01-11T12:50:58Z","card_history":[]},{"user_hash":"1896A23AA498E73245FA74A3DE1C3D24","region":"Europe","id":121854506,"mode":"ranked","hero":"Paladin","hero_deck":"Control","opponent":"Shaman","opponent_deck":null,"coin":true,"result":"loss","duration":189,"rank":20,"legend":null,"note":null,"added":"2019-01-11T12:44:41Z","card_history":[]},{"user_hash":"1896A23AA498E73245FA74A3DE1C3D24","region":"Europe","id":121854423,"mode":"ranked","hero":"Paladin","hero_deck":"Midrange","opponent":"Rogue","opponent_deck":"Miracle","coin":false,"result":"loss","duration":404,"rank":20,"legend":null,"note":null,"added":"2019-01-11T12:41:18Z","card_history":[]},{"user_hash":"1896A23AA498E73245FA74A3DE1C3D24","region":"Europe","id":121854265,"mode":"ranked","hero":"Paladin","hero_deck":"Midrange","opponent":"Warlock","opponent_deck":"Zoo","coin":false,"result":"loss","duration":369,"rank":20,"legend":null,"note":null,"added":"2019-01-11T12:34:20Z","card_history":[]},{"user_hash":"1896A23AA498E73245FA74A3DE1C3D24","region":"Europe","id":121854110,"mode":"ranked","hero":"Paladin","hero_deck":"Midrange","opponent":"Priest","opponent_deck":null,"coin":false,"result":"win","duration":515,"rank":21,"legend":null,"note":null,"added":"2019-01-11T12:27:49Z","card_history":[]},{"user_hash":"1896A23AA498E73245FA74A3DE1C3D24","region":"Europe","id":121842978,"mode":"ranked","hero":"Paladin","hero_deck":null,"opponent":"Hunter","opponent_deck":null,"coin":false,"result":"loss","duration":112,"rank":21,"legend":null,"note":null,"added":"2019-01-11T01:45:34Z","card_history":[]},{"user_hash":"1896A23AA498E73245FA74A3DE1C3D24","region":"Europe","id":121842941,"mode":"ranked","hero":"Paladin","hero_deck":"Midrange","opponent":"Rogue","opponent_deck":null,"coin":false,"result":"loss","duration":392,"rank":21,"legend":null,"note":null,"added":"2019-01-11T01:43:24Z","card_history":[]},{"user_hash":"1896A23AA498E73245FA74A3DE1C3D24","region":"Europe","id":121842823,"mode":"ranked","hero":"Paladin","hero_deck":"Midrange","opponent":"Hunter","opponent_deck":"Midrange","coin":false,"result":"win","duration":341,"rank":21,"legend":null,"note":null,"added":"2019-01-11T01:36:20Z","card_history":[]},{"user_hash":"1896A23AA498E73245FA74A3DE1C3D24","region":"Europe","id":121842714,"mode":"ranked","hero":"Paladin","hero_deck":"Midrange","opponent":"Mage","opponent_deck":null,"coin":true,"result":"win","duration":482,"rank":21,"legend":null,"note":null,"added":"2019-01-11T01:30:29Z","card_history":[]},{"user_hash":"1896A23AA498E73245FA74A3DE1C3D24","region":"Europe","id":121842565,"mode":"ranked","hero":"Paladin","hero_deck":"Midrange","opponent":"Warlock","opponent_deck":"Zoo","coin":false,"result":"win","duration":362,"rank":21,"legend":null,"note":null,"added":"2019-01-11T01:22:00Z","card_history":[]},{"user_hash":"1896A23AA498E73245FA74A3DE1C3D24","region":"Europe","id":121842456,"mode":"ranked","hero":"Paladin","hero_deck":null,"opponent":"Hunter","opponent_deck":"Midrange","coin":false,"result":"loss","duration":239,"rank":21,"legend":null,"note":null,"added":"2019-01-11T01:15:43Z","card_history":[]},{"user_hash":"1896A23AA498E73245FA74A3DE1C3D24","region":"Europe","id":121842375,"mode":"ranked","hero":"Paladin","hero_deck":"Midrange","opponent":"Warrior","opponent_deck":null,"coin":true,"result":"win","duration":245,"rank":22,"legend":null,"note":null,"added":"2019-01-11T01:11:22Z","card_history":[]},{"user_hash":"1896A23AA498E73245FA74A3DE1C3D24","region":"Europe","id":121842290,"mode":"ranked","hero":"Paladin","hero_deck":null,"opponent":"Hunter","opponent_deck":null,"coin":false,"result":"loss","duration":201,"rank":22,"legend":null,"note":null,"added":"2019-01-11T01:07:03Z","card_history":[]},{"user_hash":"1896A23AA498E73245FA74A3DE1C3D24","region":"Europe","id":121842230,"mode":"ranked","hero":"Paladin","hero_deck":"Midrange","opponent":"Warrior","opponent_deck":null,"coin":false,"result":"win","duration":323,"rank":22,"legend":null,"note":null,"added":"2019-01-11T01:03:19Z","card_history":[]},{"user_hash":"1896A23AA498E73245FA74A3DE1C3D24","region":"Europe","id":121842121,"mode":"ranked","hero":"Paladin","hero_deck":"Midrange","opponent":"Druid","opponent_deck":"Jade","coin":true,"result":"win","duration":249,"rank":22,"legend":null,"note":null,"added":"2019-01-11T00:57:35Z","card_history":[]},{"user_hash":"1896A23AA498E73245FA74A3DE1C3D24","region":"Europe","id":121842033,"mode":"ranked","hero":"Paladin","hero_deck":"Midrange","opponent":"Mage","opponent_deck":"Freeze","coin":false,"result":"loss","duration":429,"rank":22,"legend":null,"note":null,"added":"2019-01-11T00:53:04Z","card_history":[]},{"user_hash":"1896A23AA498E73245FA74A3DE1C3D24","region":"Europe","id":121841892,"mode":"ranked","hero":"Paladin","hero_deck":"Midrange","opponent":"Hunter","opponent_deck":"Midrange","coin":false,"result":"win","duration":656,"rank":22,"legend":null,"note":null,"added":"2019-01-11T00:45:30Z","card_history":[]},{"user_hash":"1896A23AA498E73245FA74A3DE1C3D24","region":"Europe","id":121841664,"mode":"ranked","hero":"Paladin","hero_deck":"Midrange","opponent":"Hunter","opponent_deck":"Midrange","coin":false,"result":"win","duration":378,"rank":23,"legend":null,"note":null,"added":"2019-01-11T00:34:14Z","card_history":[]},{"user_hash":"1896A23AA498E73245FA74A3DE1C3D24","region":"Europe","id":121841528,"mode":"ranked","hero":"Paladin","hero_deck":null,"opponent":"Rogue","opponent_deck":null,"coin":true,"result":"win","duration":814,"rank":23,"legend":null,"note":null,"added":"2019-01-11T00:27:32Z","card_history":[]},{"user_hash":"1896A23AA498E73245FA74A3DE1C3D24","region":"Europe","id":121841268,"mode":"ranked","hero":"Paladin","hero_deck":"Midrange","opponent":"Rogue","opponent_deck":null,"coin":true,"result":"win","duration":549,"rank":23,"legend":null,"note":null,"added":"2019-01-11T00:13:41Z","card_history":[]},{"user_hash":"1896A23AA498E73245FA74A3DE1C3D24","region":"Europe","id":121841090,"mode":"ranked","hero":"Paladin","hero_deck":null,"opponent":"Hunter","opponent_deck":null,"coin":false,"result":"loss","duration":22,"rank":null,"legend":null,"note":null,"added":"2019-01-11T00:04:12Z","card_history":[]},{"user_hash":"1896A23AA498E73245FA74A3DE1C3D24","region":"Europe","id":121841073,"mode":"ranked","hero":"Paladin","hero_deck":null,"opponent":"Hunter","opponent_deck":null,"coin":true,"result":"loss","duration":87,"rank":23,"legend":null,"note":null,"added":"2019-01-11T00:03:37Z","card_history":[]},{"user_hash":"1896A23AA498E73245FA74A3DE1C3D24","region":"Europe","id":121841016,"mode":"ranked","hero":"Paladin","hero_deck":"Midrange","opponent":"Druid","opponent_deck":null,"coin":true,"result":"loss","duration":534,"rank":23,"legend":null,"note":null,"added":"2019-01-11T00:00:45Z","card_history":[]},{"user_hash":"668E13AEDEF99027EFF18815FEF5DC80","region":"Europe","id":121863353,"mode":"ranked","hero":"Hunter","hero_deck":"Midrange","opponent":"Priest","opponent_deck":"Dragon","coin":true,"result":"win","duration":901,"rank":null,"legend":null,"note":null,"added":"2019-01-11T18:12:47Z","card_history":[]},{"user_hash":"668E13AEDEF99027EFF18815FEF5DC80","region":"Europe","id":121862925,"mode":"ranked","hero":"Hunter","hero_deck":null,"opponent":"Hunter","opponent_deck":"Face","coin":true,"result":"loss","duration":255,"rank":null,"legend":null,"note":null,"added":"2019-01-11T17:56:37Z","card_history":[]},{"user_hash":"668E13AEDEF99027EFF18815FEF5DC80","region":"Europe","id":121855207,"mode":"ranked","hero":"Hunter","hero_deck":"Midrange","opponent":"Hunter","opponent_deck":"Midrange","coin":false,"result":"win","duration":412,"rank":null,"legend":null,"note":null,"added":"2019-01-11T13:10:00Z","card_history":[]},{"user_hash":"668E13AEDEF99027EFF18815FEF5DC80","region":"Europe","id":121855019,"mode":"ranked","hero":"Hunter","hero_deck":"Midrange","opponent":"Rogue","opponent_deck":null,"coin":false,"result":"loss","duration":291,"rank":null,"legend":null,"note":null,"added":"2019-01-11T13:02:18Z","card_history":[]},{"user_hash":"668E13AEDEF99027EFF18815FEF5DC80","region":"Europe","id":121854834,"mode":"ranked","hero":"Hunter","hero_deck":"Midrange","opponent":"Warlock","opponent_deck":"Hand","coin":true,"result":"win","duration":637,"rank":null,"legend":null,"note":null,"added":"2019-01-11T12:55:58Z","card_history":[]},{"user_hash":"668E13AEDEF99027EFF18815FEF5DC80","region":"Europe","id":121854466,"mode":"ranked","hero":"Hunter","hero_deck":"Midrange","opponent":"Priest","opponent_deck":"Dragon","coin":false,"result":"loss","duration":679,"rank":null,"legend":null,"note":null,"added":"2019-01-11T12:41:50Z","card_history":[]},{"user_hash":"B03CF8A93EC68D2AE36541FD31D76127","region":"Europe","id":121865397,"mode":"ranked","hero":"Shaman","hero_deck":null,"opponent":"Hunter","opponent_deck":null,"coin":true,"result":"loss","duration":160,"rank":9,"legend":null,"note":null,"added":"2019-01-11T19:32:28Z","card_history":[]}]}