{"range_start":"2019-01-16T00:00:00Z","range_end":"2019-01-17T00:00:00Z","unique_users":16,"total_games":173,"games":[{"user_hash":"613D0C19DD5157C604AD55924E4B802A","region":"Americas","id":122006575,"mode":"ranked","hero":"Priest","hero_deck":"Dragon","opponent":"Priest","opponent_deck":"Dragon","coin":false,"result":"win","duration":615,"rank":3,"legend":null,"note":null,"added":"2019-01-16T05:17:06Z","card_history":[]},{"user_hash":"613D0C19DD5157C604AD55924E4B802A","region":"Americas","id":122006411,"mode":"ranked","hero":"Priest","hero_deck":"Dragon","opponent":"Paladin","opponent_deck":null,"coin":false,"result":"win","duration":535,"rank":4,"legend":null,"note":null,"added":"2019-01-16T05:06:33Z","card_history":[]},{"user_hash":"613D0C19DD5157C604AD55924E4B802A","region":"Americas","id":122006274,"mode":"ranked","hero":"Priest","hero_deck":"Dragon","opponent":"Hunter","opponent_deck":"Midrange","coin":false,"result":"win","duration":722,"rank":4,"legend":null,"note":null,"added":"2019-01-16T04:57:18Z","card_history":[]},{"user_hash":"613D0C19DD5157C604AD55924E4B802A","region":"Americas","id":122005998,"mode":"ranked","hero":"Druid","hero_deck":null,"opponent":"Priest","opponent_deck":null,"coin":true,"result":"loss","duration":319,"rank":3,"legend":null,"note":null,"added":"2019-01-16T04:38:24Z","card_history":[]},{"user_hash":"613D0C19DD5157C604AD55924E4B802A","region":"Americas","id":122003794,"mode":"ranked","hero":"Druid","hero_deck":null,"opponent":"Shaman","opponent_deck":"Midrange","coin":false,"result":"loss","duration":750,"rank":3,"legend":null,"note":null,"added":"2019-01-16T02:24:36Z","card_history":[]},{"user_hash":"4FDDDA84DDA9BB29DCC230E05EA70D48","region":"Americas","id":122027624,"mode":"ranked","hero":"Rogue","hero_deck":null,"opponent":"Paladin","opponent_deck":"Midrange","coin":false,"result":"loss","duration":286,"rank":5,"legend":null,"note":null,"added":"2019-01-16T20:45:16Z","card_history":[]},{"user_hash":"4FDDDA84DDA9BB29DCC230E05EA70D48","region":"Americas","id":122027502,"mode":"ranked","hero":"Rogue","hero_deck":null,"opponent":"Shaman","opponent_deck":null,"coin":true,"result":"loss","duration":223,"rank":5,"legend":null,"note":null,"added":"2019-01-16T20:40:05Z","card_history":[]},{"user_hash":"4FDDDA84DDA9BB29DCC230E05EA70D48","region":"Americas","id":122027412,"mode":"ranked","hero":"Rogue","hero_deck":null,"opponent":"Priest","opponent_deck":null,"coin":false,"result":"win","duration":368,"rank":5,"legend":null,"note":null,"added":"2019-01-16T20:35:52Z","card_history":[]},{"user_hash":"4FDDDA84DDA9BB29DCC230E05EA70D48","region":"Americas","id":122027252,"mode":"ranked","hero":"Rogue","hero_deck":null,"opponent":"Shaman","opponent_deck":"Midrange","coin":false,"result":"loss","duration":341,"rank":4,"legend":null,"note":null,"added":"2019-01-16T20:29:25Z","card_history":[]},{"user_hash":"4FDDDA84DDA9BB29DCC230E05EA70D48","region":"Americas","id":122027100,"mode":"ranked","hero":"Rogue","hero_deck":null,"opponent":"Warrior","opponent_deck":null,"coin":false,"result":"loss","duration":138,"rank":4,"legend":null,"note":null,"added":"2019-01-16T20:23:14Z","card_history":[]},{"user_hash":"4FDDDA84DDA9BB29DCC230E05EA70D48","region":"Americas","id":122022338,"mode":"ranked","hero":"Rogue","hero_deck":null,"opponent":"Warlock","opponent_deck":null,"coin":false,"result":"loss","duration":378,"rank":4,"legend":null,"note":null,"added":"2019-01-16T17:13:17Z","card_history":[]},{"user_hash":"4FDDDA84DDA9BB29DCC230E05EA70D48","region":"Americas","id":122022155,"mode":"ranked","hero":"Rogue","hero_deck":null,"opponent":"Warlock","opponent_deck":null,"coin":true,"result":"loss","duration":377,"rank":4,"legend":null,"note":null,"added":"2019-01-16T17:06:35Z","card_history":[]},{"user_hash":"4FDDDA84DDA9BB29DCC230E05EA70D48","region":"Americas","id":122021983,"mode":"ranked","hero":"Rogue","hero_deck":null,"opponent":"Priest","opponent_deck":"Dragon","coin":false,"result":"loss","duration":450,"rank":null,"legend":null,"note":null,"added":"2019-01-16T17:00:06Z","card_history":[]},{"user_hash":"4FDDDA84DDA9BB29DCC230E05EA70D48","region":"Americas","id":122021767,"mode":"ranked","hero":"Rogue","hero_deck":null,"opponent":"Shaman","opponent_deck":"Midrange","coin":true,"result":"loss","duration":567,"rank":null,"legend":null,"note":null,"added":"2019-01-16T16:52:24Z","card_history":[]},{"user_hash":"4FDDDA84DDA9BB29DCC230E05EA70D48","region":"Americas","id":122021492,"mode":"ranked","hero":"Rogue","hero_deck":null,"opponent":"Hunter","opponent_deck":null,"coin":true,"result":"win","duration":312,"rank":null,"legend":null,"note":null,"added":"2019-01-16T16:42:27Z","card_history":[]},{"user_hash":"4FDDDA84DDA9BB29DCC230E05EA70D48","region":"Americas","id":122021321,"mode":"ranked","hero":"Rogue","hero_deck":null,"opponent":"Shaman","opponent_deck":null,"coin":false,"result":"loss","duration":376,"rank":null,"legend":null,"note":null,"added":"2019-01-16T16:36:53Z","card_history":[]},{"user_hash":"4FDDDA84DDA9BB29DCC230E05EA70D48","region":"Americas","id":122021138,"mode":"ranked","hero":"Rogue","hero_deck":null,"opponent":"Shaman","opponent_deck":null,"coin":false,"result":"win","duration":268,"rank":4,"legend":null,"note":null,"added":"2019-01-16T16:30:23Z","card_history":[]},{"user_hash":"4FDDDA84DDA9BB29DCC230E05EA70D48","region":"Americas","id":122020996,"mode":"ranked","hero":"Rogue","hero_deck":null,"opponent":"Priest","opponent_deck":null,"coin":true,"result":"win","duration":220,"rank":4,"legend":null,"note":null,"added":"2019-01-16T16:25:36Z","card_history":[]},{"user_hash":"4FDDDA84DDA9BB29DCC230E05EA70D48","region":"Americas","id":122020850,"mode":"ranked","hero":"Rogue","hero_deck":null,"opponent":"Rogue","opponent_deck":null,"coin":false,"result":"win","duration":335,"rank":4,"legend":null,"note":null,"added":"2019-01-16T16:21:09Z","card_history":[]},{"user_hash":"4FDDDA84DDA9BB29DCC230E05EA70D48","region":"Americas","id":122020680,"mode":"ranked","hero":"Rogue","hero_deck":null,"opponent":"Warrior","opponent_deck":null,"coin":true,"result":"win","duration":621,"rank":4,"legend":null,"note":null,"added":"2019-01-16T16:15:13Z","card_history":[]},{"user_hash":"4FDDDA84DDA9BB29DCC230E05EA70D48","region":"Americas","id":122020377,"mode":"ranked","hero":"Rogue","hero_deck":null,"opponent":"Warlock","opponent_deck":null,"coin":true,"result":"win","duration":317,"rank":4,"legend":null,"note":null,"added":"2019-01-16T16:04:30Z","card_history":[]},{"user_hash":"4FDDDA84DDA9BB29DCC230E05EA70D48","region":"Americas","id":122019893,"mode":"ranked","hero":"Rogue","hero_deck":null,"opponent":"Warlock","opponent_deck":null,"coin":true,"result":"loss","duration":344,"rank":4,"legend":null,"note":null,"added":"2019-01-16T15:48:00Z","card_history":[]},{"user_hash":"4FDDDA84DDA9BB29DCC230E05EA70D48","region":"Americas","id":122019719,"mode":"ranked","hero":"Rogue","hero_deck":null,"opponent":"Rogue","opponent_deck":null,"coin":true,"result":"loss","duration":469,"rank":4,"legend":null,"note":null,"added":"2019-01-16T15:41:41Z","card_history":[]},{"user_hash":"4FDDDA84DDA9BB29DCC230E05EA70D48","region":"Americas","id":122019485,"mode":"ranked","hero":"Rogue","hero_deck":null,"opponent":"Rogue","opponent_deck":null,"coin":false,"result":"win","duration":455,"rank":4,"legend":null,"note":null,"added":"2019-01-16T15:33:38Z","card_history":[]},{"user_hash":"4FDDDA84DDA9BB29DCC230E05EA70D48","region":"Americas","id":122007948,"mode":"ranked","hero":"Rogue","hero_deck":null,"opponent":"Priest","opponent_deck":null,"coin":false,"result":"win","duration":247,"rank":5,"legend":null,"note":null,"added":"2019-01-16T06:48:37Z","card_history":[]},{"user_hash":"4FDDDA84DDA9BB29DCC230E05EA70D48","region":"Americas","id":122007826,"mode":"ranked","hero":"Rogue","hero_deck":null,"opponent":"Mage","opponent_deck":"Secret","coin":false,"result":"win","duration":511,"rank":5,"legend":null,"note":null,"added":"2019-01-16T06:40:20Z","card_history":[]},{"user_hash":"4FDDDA84DDA9BB29DCC230E05EA70D48","region":"Americas","id":122007684,"mode":"ranked","hero":"Rogue","hero_deck":null,"opponent":"Shaman","opponent_deck":"Token","coin":true,"result":"win","duration":401,"rank":5,"legend":null,"note":null,"added":"2019-01-16T06:31:08Z","card_history":[]},{"user_hash":"4FDDDA84DDA9BB29DCC230E05EA70D48","region":"Americas","id":122007572,"mode":"ranked","hero":"Rogue","hero_deck":null,"opponent":"Warlock","opponent_deck":null,"coin":false,"result":"win","duration":196,"rank":5,"legend":null,"note":null,"added":"2019-01-16T06:23:23Z","card_history":[]},{"user_hash":"4FDDDA84DDA9BB29DCC230E05EA70D48","region":"Americas","id":122007510,"mode":"ranked","hero":"Rogue","hero_deck":null,"opponent":"Priest","opponent_deck":null,"coin":true,"result":"win","duration":205,"rank":6,"legend":null,"note":null,"added":"2019-01-16T06:19:22Z","card_history":[]},{"user_hash":"4FDDDA84DDA9BB29DCC230E05EA70D48","region":"Americas","id":122007448,"mode":"ranked","hero":"Rogue","hero_deck":null,"opponent":"Hunter","opponent_deck":"Midrange","coin":true,"result":"win","duration":274,"rank":6,"legend":null,"note":null,"added":"2019-01-16T06:15:23Z","card_history":[]},{"user_hash":"4FDDDA84DDA9BB29DCC230E05EA70D48","region":"Americas","id":122007379,"mode":"ranked","hero":"Rogue","hero_deck":null,"opponent":"Rogue","opponent_deck":"Miracle","coin":true,"result":"win","duration":321,"rank":6,"legend":null,"note":null,"added":"2019-01-16T06:10:19Z","card_history":[]},{"user_hash":"27B559DDB030E30F5548BC78CE3ACC6F","region":"Americas","id":122030348,"mode":"ranked","hero":"Paladin","hero_deck":null,"opponent":"Warrior","opponent_deck":null,"coin":false,"result":"win","duration":69,"rank":7,"legend":null,"note":null,"added":"2019-01-16T22:33:29Z","card_history":[]},{"user_hash":"27B559DDB030E30F5548BC78CE3ACC6F","region":"Americas","id":122030328,"mode":"ranked","hero":"Paladin","hero_deck":null,"opponent":"Priest","opponent_deck":"Combo","coin":false,"result":"loss","duration":551,"rank":7,"legend":null,"note":null,"added":"2019-01-16T22:32:06Z","card_history":[]},{"user_hash":"27B559DDB030E30F5548BC78CE3ACC6F","region":"Americas","id":122030114,"mode":"ranked","hero":"Paladin","hero_deck":null,"opponent":"Mage","opponent_deck":null,"coin":true,"result":"win","duration":598,"rank":7,"legend":null,"note":null,"added":"2019-01-16T22:22:34Z","card_history":[]},{"user_hash":"27B559DDB030E30F5548BC78CE3ACC6F","region":"Americas","id":122029866,"mode":"ranked","hero":"Paladin","hero_deck":null,"opponent":"Priest","opponent_deck":null,"coin":false,"result":"win","duration":684,"rank":7,"legend":null,"note":null,"added":"2019-01-16T22:12:10Z","card_history":[]},{"user_hash":"27B559DDB030E30F5548BC78CE3ACC6F","region":"Americas","id":122029570,"mode":"ranked","hero":"Hunter","hero_deck":"Midrange","opponent":"Warlock","opponent_deck":"Hand","coin":true,"result":"loss","duration":390,"rank":7,"legend":null,"note":null,"added":"2019-01-16T22:00:29Z","card_history":[]},{"user_hash":"27B559DDB030E30F5548BC78CE3ACC6F","region":"Americas","id":122029394,"mode":"ranked","hero":"Hunter","hero_deck":"Midrange","opponent":"Warrior","opponent_deck":"Pirate","coin":false,"result":"win","duration":256,"rank":7,"legend":null,"note":null,"added":"2019-01-16T21:53:49Z","card_history":[]},{"user_hash":"27B559DDB030E30F5548BC78CE3ACC6F","region":"Americas","id":122023766,"mode":"ranked","hero":"Rogue","hero_deck":null,"opponent":"Paladin","opponent_deck":null,"coin":true,"result":"win","duration":null,"rank":7,"legend":null,"note":null,"added":"2019-01-16T18:08:54Z","card_history":[]},{"user_hash":"27B559DDB030E30F5548BC78CE3ACC6F","region":"Americas","id":122004977,"mode":"friendly","hero":"Paladin","hero_deck":null,"opponent":"Warlock","opponent_deck":"Zoo","coin":true,"result":"win","duration":474,"rank":null,"legend":null,"note":null,"added":"2019-01-16T03:38:17Z","card_history":[]},{"user_hash":"27B559DDB030E30F5548BC78CE3ACC6F","region":"Americas","id":122004816,"mode":"friendly","hero":"Paladin","hero_deck":null,"opponent":"Paladin","opponent_deck":null,"coin":false,"result":"loss","duration":398,"rank":null,"legend":null,"note":null,"added":"2019-01-16T03:30:12Z","card_history":[]},{"user_hash":"27B559DDB030E30F5548BC78CE3ACC6F","region":"Americas","id":122004698,"mode":"friendly","hero":"Paladin","hero_deck":null,"opponent":"Rogue","opponent_deck":null,"coin":true,"result":"loss","duration":322,"rank":null,"legend":null,"note":null,"added":"2019-01-16T03:22:47Z","card_history":[]},{"user_hash":"27B559DDB030E30F5548BC78CE3ACC6F","region":"Americas","id":122003217,"mode":"ranked","hero":"Paladin","hero_deck":null,"opponent":"Hunter","opponent_deck":"Midrange","coin":true,"result":"win","duration":592,"rank":7,"legend":null,"note":null,"added":"2019-01-16T01:49:42Z","card_history":[]},{"user_hash":"27B559DDB030E30F5548BC78CE3ACC6F","region":"Americas","id":122003045,"mode":"ranked","hero":"Paladin","hero_deck":null,"opponent":"Rogue","opponent_deck":null,"coin":true,"result":"loss","duration":405,"rank":7,"legend":null,"note":null,"added":"2019-01-16T01:39:28Z","card_history":[]},{"user_hash":"27B559DDB030E30F5548BC78CE3ACC6F","region":"Americas","id":122002900,"mode":"ranked","hero":"Paladin","hero_deck":null,"opponent":"Warlock","opponent_deck":"Hand","coin":false,"result":"loss","duration":522,"rank":7,"legend":null,"note":null,"added":"2019-01-16T01:32:27Z","card_history":[]},{"user_hash":"58C888572FE027C1FAC56783A58A7649","region":"Americas","id":122023675,"mode":"ranked","hero":"Druid","hero_deck":null,"opponent":"Mage","opponent_deck":"Freeze","coin":false,"result":"win","duration":598,"rank":null,"legend":null,"note":null,"added":"2019-01-16T18:05:11Z","card_history":[]},{"user_hash":"58C888572FE027C1FAC56783A58A7649","region":"Americas","id":122023413,"mode":"ranked","hero":"Druid","hero_deck":null,"opponent":"Hunter","opponent_deck":"Midrange","coin":false,"result":"loss","duration":691,"rank":null,"legend":null,"note":null,"added":"2019-01-16T17:54:57Z","card_history":[]},{"user_hash":"C434EFEA7E3DD45BBE654481BE46D850","region":"Americas","id":122002503,"mode":"ranked","hero":"Priest","hero_deck":null,"opponent":"Paladin","opponent_deck":null,"coin":false,"result":"loss","duration":324,"rank":15,"legend":null,"note":null,"added":"2019-01-16T01:12:05Z","card_history":[]},{"user_hash":"C434EFEA7E3DD45BBE654481BE46D850","region":"Americas","id":122002377,"mode":"ranked","hero":"Priest","hero_deck":null,"opponent":"Mage","opponent_deck":null,"coin":true,"result":"loss","duration":168,"rank":15,"legend":null,"note":null,"added":"2019-01-16T01:06:33Z","card_history":[]},{"user_hash":"C434EFEA7E3DD45BBE654481BE46D850","region":"Americas","id":122002292,"mode":"ranked","hero":"Priest","hero_deck":null,"opponent":"Paladin","opponent_deck":null,"coin":false,"result":"loss","duration":812,"rank":14,"legend":null,"note":null,"added":"2019-01-16T01:02:37Z","card_history":[]},{"user_hash":"C434EFEA7E3DD45BBE654481BE46D850","region":"Americas","id":122002002,"mode":"ranked","hero":"Priest","hero_deck":"Combo","opponent":"Paladin","opponent_deck":null,"coin":true,"result":"loss","duration":318,"rank":14,"legend":null,"note":null,"added":"2019-01-16T00:48:51Z","card_history":[]},{"user_hash":"C434EFEA7E3DD45BBE654481BE46D850","region":"Americas","id":122001838,"mode":"ranked","hero":"Priest","hero_deck":null,"opponent":"Hunter","opponent_deck":"Midrange","coin":true,"result":"loss","duration":426,"rank":14,"legend":null,"note":null,"added":"2019-01-16T00:41:49Z","card_history":[]},{"user_hash":"C434EFEA7E3DD45BBE654481BE46D850","region":"Americas","id":122001681,"mode":"ranked","hero":"Priest","hero_deck":null,"opponent":"Warlock","opponent_deck":null,"coin":false,"result":"win","duration":422,"rank":14,"legend":null,"note":null,"added":"2019-01-16T00:33:53Z","card_history":[]},{"user_hash":"C434EFEA7E3DD45BBE654481BE46D850","region":"Americas","id":122001514,"mode":"ranked","hero":"Priest","hero_deck":null,"opponent":"Warrior","opponent_deck":"Taunt","coin":false,"result":"loss","duration":249,"rank":14,"legend":null,"note":null,"added":"2019-01-16T00:26:31Z","card_history":[]},{"user_hash":"C434EFEA7E3DD45BBE654481BE46D850","region":"Americas","id":122001415,"mode":"ranked","hero":"Priest","hero_deck":"Combo","opponent":"Warrior","opponent_deck":"Taunt","coin":false,"result":"loss","duration":543,"rank":14,"legend":null,"note":null,"added":"2019-01-16T00:22:05Z","card_history":[]},{"user_hash":"C434EFEA7E3DD45BBE654481BE46D850","region":"Americas","id":122001237,"mode":"ranked","hero":"Priest","hero_deck":null,"opponent":"Paladin","opponent_deck":null,"coin":true,"result":"loss","duration":954,"rank":14,"legend":null,"note":null,"added":"2019-01-16T00:12:49Z","card_history":[]},{"user_hash":"03F0DD5EBF0AC6CC6D7DA0B9336D9D6A","region":"Americas","id":122004601,"mode":"ranked","hero":"Priest","hero_deck":"Combo","opponent":"Rogue","opponent_deck":null,"coin":false,"result":"loss","duration":292,"rank":null,"legend":null,"note":null,"added":"2019-01-16T03:16:26Z","card_history":[]},{"user_hash":"03F0DD5EBF0AC6CC6D7DA0B9336D9D6A","region":"Americas","id":122004524,"mode":"ranked","hero":"Priest","hero_deck":"Combo","opponent":"Hunter","opponent_deck":"Midrange","coin":true,"result":"win","duration":346,"rank":null,"legend":null,"note":null,"added":"2019-01-16T03:11:23Z","card_history":[]},{"user_hash":"03F0DD5EBF0AC6CC6D7DA0B9336D9D6A","region":"Americas","id":122004414,"mode":"ranked","hero":"Priest","hero_deck":null,"opponent":"Warlock","opponent_deck":null,"coin":false,"result":"loss","duration":485,"rank":null,"legend":null,"note":null,"added":"2019-01-16T03:03:57Z","card_history":[]},{"user_hash":"ACA54F4E01ACB4D94F6D77278D82F2FB","region":"Americas","id":122027704,"mode":"ranked","hero":"Warrior","hero_deck":null,"opponent":"Shaman","opponent_deck":"Midrange","coin":true,"result":"win","duration":770,"rank":4,"legend":null,"note":null,"added":"2019-01-16T20:48:16Z","card_history":[]},{"user_hash":"ACA54F4E01ACB4D94F6D77278D82F2FB","region":"Americas","id":122027383,"mode":"ranked","hero":"Warrior","hero_deck":null,"opponent":"Hunter","opponent_deck":"Midrange","coin":false,"result":"loss","duration":768,"rank":4,"legend":null,"note":null,"added":"2019-01-16T20:35:00Z","card_history":[]},{"user_hash":"98D139BEAF5AE0FFDF0DB6F833114305","region":"Americas","id":122020842,"mode":"ranked","hero":"Hunter","hero_deck":"Midrange","opponent":"Hunter","opponent_deck":null,"coin":false,"result":"loss","duration":146,"rank":6,"legend":null,"note":null,"added":"2019-01-16T16:20:51Z","card_history":[]},{"user_hash":"98D139BEAF5AE0FFDF0DB6F833114305","region":"Americas","id":122006869,"mode":"ranked","hero":"Hunter","hero_deck":"Midrange","opponent":"Hunter","opponent_deck":"Midrange","coin":false,"result":"loss","duration":942,"rank":6,"legend":null,"note":null,"added":"2019-01-16T05:35:30Z","card_history":[]},{"user_hash":"98D139BEAF5AE0FFDF0DB6F833114305","region":"Americas","id":122005417,"mode":"ranked","hero":"Hunter","hero_deck":"Midrange","opponent":"Shaman","opponent_deck":"Midrange","coin":true,"result":"win","duration":416,"rank":7,"legend":null,"note":null,"added":"2019-01-16T04:05:14Z","card_history":[]},{"user_hash":"484CE0F8E1A123CEC8682A11FB1366E0","region":"Americas","id":122006205,"mode":"ranked","hero":"Warrior","hero_deck":"Pirate","opponent":"Hunter","opponent_deck":"Midrange","coin":true,"result":"win","duration":529,"rank":15,"legend":null,"note":null,"added":"2019-01-16T04:53:35Z","card_history":[]},{"user_hash":"484CE0F8E1A123CEC8682A11FB1366E0","region":"Americas","id":122006086,"mode":"ranked","hero":"Warrior","hero_deck":null,"opponent":"Priest","opponent_deck":null,"coin":true,"result":"loss","duration":28,"rank":null,"legend":null,"note":null,"added":"2019-01-16T04:44:35Z","card_history":[]},{"user_hash":"484CE0F8E1A123CEC8682A11FB1366E0","region":"Americas","id":122006042,"mode":"ranked","hero":"Warrior","hero_deck":"Pirate","opponent":"Priest","opponent_deck":null,"coin":true,"result":"loss","duration":178,"rank":15,"legend":null,"note":null,"added":"2019-01-16T04:42:03Z","card_history":[]},{"user_hash":"484CE0F8E1A123CEC8682A11FB1366E0","region":"Americas","id":122006002,"mode":"ranked","hero":"Warrior","hero_deck":"Pirate","opponent":"Paladin","opponent_deck":"Midrange","coin":true,"result":"win","duration":270,"rank":15,"legend":null,"note":null,"added":"2019-01-16T04:38:49Z","card_history":[]},{"user_hash":"484CE0F8E1A123CEC8682A11FB1366E0","region":"Americas","id":122005921,"mode":"ranked","hero":"Warrior","hero_deck":null,"opponent":"Warrior","opponent_deck":null,"coin":true,"result":"loss","duration":27,"rank":null,"legend":null,"note":null,"added":"2019-01-16T04:33:57Z","card_history":[]},{"user_hash":"484CE0F8E1A123CEC8682A11FB1366E0","region":"Americas","id":122005873,"mode":"ranked","hero":"Warrior","hero_deck":"Pirate","opponent":"Shaman","opponent_deck":null,"coin":false,"result":"loss","duration":703,"rank":15,"legend":null,"note":null,"added":"2019-01-16T04:30:34Z","card_history":[]},{"user_hash":"484CE0F8E1A123CEC8682A11FB1366E0","region":"Americas","id":122005647,"mode":"ranked","hero":"Warrior","hero_deck":null,"opponent":"Priest","opponent_deck":null,"coin":false,"result":"loss","duration":303,"rank":15,"legend":null,"note":null,"added":"2019-01-16T04:18:33Z","card_history":[]},{"user_hash":"484CE0F8E1A123CEC8682A11FB1366E0","region":"Americas","id":122005517,"mode":"ranked","hero":"Warrior","hero_deck":"Pirate","opponent":"Rogue","opponent_deck":null,"coin":false,"result":"win","duration":223,"rank":15,"legend":null,"note":null,"added":"2019-01-16T04:11:09Z","card_history":[]},{"user_hash":"484CE0F8E1A123CEC8682A11FB1366E0","region":"Americas","id":122005441,"mode":"ranked","hero":"Warrior","hero_deck":null,"opponent":"Shaman","opponent_deck":"Control","coin":true,"result":"loss","duration":436,"rank":15,"legend":null,"note":null,"added":"2019-01-16T04:07:05Z","card_history":[]},{"user_hash":"484CE0F8E1A123CEC8682A11FB1366E0","region":"Americas","id":122005323,"mode":"ranked","hero":"Warrior","hero_deck":null,"opponent":"Mage","opponent_deck":"Secret","coin":true,"result":"loss","duration":232,"rank":15,"legend":null,"note":null,"added":"2019-01-16T03:59:25Z","card_history":[]},{"user_hash":"484CE0F8E1A123CEC8682A11FB1366E0","region":"Americas","id":122005224,"mode":"ranked","hero":"Warrior","hero_deck":"Pirate","opponent":"Hunter","opponent_deck":"Midrange","coin":false,"result":"loss","duration":449,"rank":15,"legend":null,"note":null,"added":"2019-01-16T03:53:23Z","card_history":[]},{"user_hash":"484CE0F8E1A123CEC8682A11FB1366E0","region":"Americas","id":122005092,"mode":"ranked","hero":"Warrior","hero_deck":null,"opponent":"Hunter","opponent_deck":"Midrange","coin":true,"result":"loss","duration":239,"rank":15,"legend":null,"note":null,"added":"2019-01-16T03:45:42Z","card_history":[]},{"user_hash":"484CE0F8E1A123CEC8682A11FB1366E0","region":"Americas","id":122004976,"mode":"ranked","hero":"Warrior","hero_deck":"Pirate","opponent":"Paladin","opponent_deck":null,"coin":false,"result":"win","duration":194,"rank":15,"legend":null,"note":null,"added":"2019-01-16T03:38:27Z","card_history":[]},{"user_hash":"484CE0F8E1A123CEC8682A11FB1366E0","region":"Americas","id":122004908,"mode":"ranked","hero":"Warrior","hero_deck":"Pirate","opponent":"Hunter","opponent_deck":null,"coin":true,"result":"win","duration":364,"rank":15,"legend":null,"note":null,"added":"2019-01-16T03:34:51Z","card_history":[]},{"user_hash":"484CE0F8E1A123CEC8682A11FB1366E0","region":"Americas","id":122004782,"mode":"ranked","hero":"Warrior","hero_deck":"Pirate","opponent":"Rogue","opponent_deck":null,"coin":false,"result":"win","duration":264,"rank":15,"legend":null,"note":null,"added":"2019-01-16T03:28:12Z","card_history":[]},{"user_hash":"484CE0F8E1A123CEC8682A11FB1366E0","region":"Americas","id":122004707,"mode":"ranked","hero":"Warrior","hero_deck":"Pirate","opponent":"Druid","opponent_deck":"Token","coin":true,"result":"loss","duration":505,"rank":15,"legend":null,"note":null,"added":"2019-01-16T03:23:27Z","card_history":[]},{"user_hash":"484CE0F8E1A123CEC8682A11FB1366E0","region":"Americas","id":122004552,"mode":"ranked","hero":"Warrior","hero_deck":"Pirate","opponent":"Priest","opponent_deck":"Combo","coin":false,"result":"loss","duration":372,"rank":15,"legend":null,"note":null,"added":"2019-01-16T03:13:40Z","card_history":[]},{"user_hash":"A291E82C4070D38FB127D2A8481A505A","region":"Europe","id":122031311,"mode":"ranked","hero":"Hunter","hero_deck":"Face","opponent":"Hunter","opponent_deck":"Midrange","coin":true,"result":"win","duration":443,"rank":null,"legend":null,"note":null,"added":"2019-01-16T23:20:48Z","card_history":[]},{"user_hash":"A291E82C4070D38FB127D2A8481A505A","region":"Europe","id":122031174,"mode":"ranked","hero":"Hunter","hero_deck":"Face","opponent":"Warlock","opponent_deck":null,"coin":true,"result":"win","duration":525,"rank":null,"legend":null,"note":null,"added":"2019-01-16T23:12:52Z","card_history":[]},{"user_hash":"A291E82C4070D38FB127D2A8481A505A","region":"Europe","id":122030999,"mode":"ranked","hero":"Hunter","hero_deck":"Face","opponent":"Paladin","opponent_deck":"Control","coin":true,"result":"win","duration":255,"rank":null,"legend":null,"note":null,"added":"2019-01-16T23:03:43Z","card_history":[]},{"user_hash":"A291E82C4070D38FB127D2A8481A505A","region":"Europe","id":122030898,"mode":"ranked","hero":"Hunter","hero_deck":"Face","opponent":"Hunter","opponent_deck":"Midrange","coin":false,"result":"loss","duration":309,"rank":null,"legend":null,"note":null,"added":"2019-01-16T22:59:02Z","card_history":[]},{"user_hash":"A291E82C4070D38FB127D2A8481A505A","region":"Europe","id":122030772,"mode":"ranked","hero":"Hunter","hero_deck":"Face","opponent":"Druid","opponent_deck":null,"coin":true,"result":"loss","duration":583,"rank":null,"legend":null,"note":null,"added":"2019-01-16T22:53:16Z","card_history":[]},{"user_hash":"A291E82C4070D38FB127D2A8481A505A","region":"Europe","id":122030529,"mode":"ranked","hero":"Warlock","hero_deck":null,"opponent":"Paladin","opponent_deck":null,"coin":true,"result":"win","duration":861,"rank":null,"legend":null,"note":null,"added":"2019-01-16T22:41:07Z","card_history":[]},{"user_hash":"A291E82C4070D38FB127D2A8481A505A","region":"Europe","id":122030147,"mode":"ranked","hero":"Warlock","hero_deck":null,"opponent":"Paladin","opponent_deck":null,"coin":true,"result":"loss","duration":624,"rank":null,"legend":null,"note":null,"added":"2019-01-16T22:23:52Z","card_history":[]},{"user_hash":"A291E82C4070D38FB127D2A8481A505A","region":"Europe","id":122029765,"mode":"ranked","hero":"Warlock","hero_deck":"Zoo","opponent":"Priest","opponent_deck":"Combo","coin":false,"result":"win","duration":863,"rank":null,"legend":null,"note":null,"added":"2019-01-16T22:08:12Z","card_history":[]},{"user_hash":"A291E82C4070D38FB127D2A8481A505A","region":"Europe","id":122029361,"mode":"ranked","hero":"Warlock","hero_deck":null,"opponent":"Paladin","opponent_deck":"Control","coin":true,"result":"win","duration":860,"rank":null,"legend":null,"note":null,"added":"2019-01-16T21:52:28Z","card_history":[]},{"user_hash":"A291E82C4070D38FB127D2A8481A505A","region":"Europe","id":122028969,"mode":"ranked","hero":"Warlock","hero_deck":null,"opponent":"Hunter","opponent_deck":"Midrange","coin":false,"result":"win","duration":846,"rank":null,"legend":null,"note":null,"added":"2019-01-16T21:37:37Z","card_history":[]},{"user_hash":"A291E82C4070D38FB127D2A8481A505A","region":"Europe","id":122028586,"mode":"ranked","hero":"Warlock","hero_deck":"Zoo","opponent":"Priest","opponent_deck":"Combo","coin":false,"result":"loss","duration":796,"rank":null,"legend":null,"note":null,"added":"2019-01-16T21:23:11Z","card_history":[]},{"user_hash":"A291E82C4070D38FB127D2A8481A505A","region":"Europe","id":122028100,"mode":"ranked","hero":"Warlock","hero_deck":"Zoo","opponent":"Priest","opponent_deck":"Miracle","coin":true,"result":"win","duration":828,"rank":null,"legend":null,"note":null,"added":"2019-01-16T21:04:15Z","card_history":[]},{"user_hash":"A291E82C4070D38FB127D2A8481A505A","region":"Europe","id":122027759,"mode":"ranked","hero":"Warlock","hero_deck":null,"opponent":"Paladin","opponent_deck":null,"coin":true,"result":"loss","duration":691,"rank":null,"legend":null,"note":null,"added":"2019-01-16T20:50:17Z","card_history":[]},{"user_hash":"A291E82C4070D38FB127D2A8481A505A","region":"Europe","id":122027457,"mode":"ranked","hero":"Warlock","hero_deck":"Zoo","opponent":"Hunter","opponent_deck":"Midrange","coin":true,"result":"win","duration":726,"rank":null,"legend":null,"note":null,"added":"2019-01-16T20:38:22Z","card_history":[]},{"user_hash":"5A2A39E6E9507C45EA8C3DAEA7F8519D","region":"Americas","id":122006215,"mode":"ranked","hero":"Druid","hero_deck":"Jade","opponent":"Hunter","opponent_deck":"Midrange","coin":false,"result":"win","duration":568,"rank":17,"legend":null,"note":null,"added":"2019-01-16T04:53:41Z","card_history":[]},{"user_hash":"46B0FDE764B5F3948106719B8026CF2F","region":"Europe","id":122030103,"mode":"ranked","hero":"Mage","hero_deck":"Burn","opponent":"Mage","opponent_deck":"Burn","coin":true,"result":"win","duration":446,"rank":9,"legend":null,"note":null,"added":"2019-01-16T22:22:15Z","card_history":[]},{"user_hash":"46B0FDE764B5F3948106719B8026CF2F","region":"Europe","id":122029922,"mode":"ranked","hero":"Mage","hero_deck":"Burn","opponent":"Priest","opponent_deck":"Dragon","coin":false,"result":"loss","duration":623,"rank":9,"legend":null,"note":null,"added":"2019-01-16T22:14:37Z","card_history":[]},{"user_hash":"46B0FDE764B5F3948106719B8026CF2F","region":"Europe","id":122029661,"mode":"ranked","hero":"Mage","hero_deck":"Burn","opponent":"Hunter","opponent_deck":"Midrange","coin":false,"result":"win","duration":665,"rank":9,"legend":null,"note":null,"added":"2019-01-16T22:04:05Z","card_history":[]},{"user_hash":"46B0FDE764B5F3948106719B8026CF2F","region":"Europe","id":122028783,"mode":"ranked","hero":"Mage","hero_deck":"Burn","opponent":"Warrior","opponent_deck":null,"coin":true,"result":"win","duration":1346,"rank":10,"legend":null,"note":null,"added":"2019-01-16T21:30:54Z","card_history":[]},{"user_hash":"46B0FDE764B5F3948106719B8026CF2F","region":"Europe","id":122028188,"mode":"ranked","hero":"Mage","hero_deck":"Burn","opponent":"Shaman","opponent_deck":"Midrange","coin":false,"result":"win","duration":564,"rank":10,"legend":null,"note":null,"added":"2019-01-16T21:08:17Z","card_history":[]},{"user_hash":"46B0FDE764B5F3948106719B8026CF2F","region":"Europe","id":122025866,"mode":"ranked","hero":"Mage","hero_deck":"Freeze","opponent":"Priest","opponent_deck":"Miracle","coin":true,"result":"win","duration":266,"rank":10,"legend":null,"note":null,"added":"2019-01-16T19:32:55Z","card_history":[]},{"user_hash":"46B0FDE764B5F3948106719B8026CF2F","region":"Europe","id":122025738,"mode":"ranked","hero":"Paladin","hero_deck":null,"opponent":"Warrior","opponent_deck":"Pirate","coin":true,"result":"loss","duration":234,"rank":10,"legend":null,"note":null,"added":"2019-01-16T19:28:08Z","card_history":[]},{"user_hash":"46B0FDE764B5F3948106719B8026CF2F","region":"Europe","id":122025586,"mode":"ranked","hero":"Paladin","hero_deck":null,"opponent":"Mage","opponent_deck":null,"coin":true,"result":"win","duration":403,"rank":10,"legend":null,"note":null,"added":"2019-01-16T19:21:47Z","card_history":[]},{"user_hash":"46B0FDE764B5F3948106719B8026CF2F","region":"Europe","id":122025373,"mode":"ranked","hero":"Hunter","hero_deck":"Midrange","opponent":"Priest","opponent_deck":null,"coin":true,"result":"win","duration":214,"rank":10,"legend":null,"note":null,"added":"2019-01-16T19:11:59Z","card_history":[]},{"user_hash":"46B0FDE764B5F3948106719B8026CF2F","region":"Europe","id":122025272,"mode":"ranked","hero":"Hunter","hero_deck":"Midrange","opponent":"Warrior","opponent_deck":"Taunt","coin":false,"result":"loss","duration":608,"rank":10,"legend":null,"note":null,"added":"2019-01-16T19:08:13Z","card_history":[]},{"user_hash":"46B0FDE764B5F3948106719B8026CF2F","region":"Europe","id":122025014,"mode":"ranked","hero":"Hunter","hero_deck":"Midrange","opponent":"Warrior","opponent_deck":"Taunt","coin":false,"result":"loss","duration":771,"rank":10,"legend":null,"note":null,"added":"2019-01-16T18:57:55Z","card_history":[]},{"user_hash":"46B0FDE764B5F3948106719B8026CF2F","region":"Europe","id":122024685,"mode":"ranked","hero":"Hunter","hero_deck":"Midrange","opponent":"Hunter","opponent_deck":"Midrange","coin":false,"result":"loss","duration":241,"rank":10,"legend":null,"note":null,"added":"2019-01-16T18:44:50Z","card_history":[]},{"user_hash":"46B0FDE764B5F3948106719B8026CF2F","region":"Europe","id":122024570,"mode":"ranked","hero":"Paladin","hero_deck":null,"opponent":"Priest","opponent_deck":null,"coin":false,"result":"loss","duration":487,"rank":9,"legend":null,"note":null,"added":"2019-01-16T18:40:27Z","card_history":[]},{"user_hash":"46B0FDE764B5F3948106719B8026CF2F","region":"Europe","id":122023372,"mode":"ranked","hero":"Warlock","hero_deck":null,"opponent":"Priest","opponent_deck":null,"coin":false,"result":"loss","duration":411,"rank":9,"legend":null,"note":null,"added":"2019-01-16T17:53:41Z","card_history":[]},{"user_hash":"46B0FDE764B5F3948106719B8026CF2F","region":"Europe","id":122023177,"mode":"ranked","hero":"Warlock","hero_deck":"Zoo","opponent":"Druid","opponent_deck":"Token","coin":true,"result":"loss","duration":571,"rank":9,"legend":null,"note":null,"added":"2019-01-16T17:46:17Z","card_history":[]},{"user_hash":"46B0FDE764B5F3948106719B8026CF2F","region":"Europe","id":122022934,"mode":"ranked","hero":"Warlock","hero_deck":null,"opponent":"Hunter","opponent_deck":"Midrange","coin":true,"result":"loss","duration":472,"rank":9,"legend":null,"note":null,"added":"2019-01-16T17:36:10Z","card_history":[]},{"user_hash":"46B0FDE764B5F3948106719B8026CF2F","region":"Europe","id":122022677,"mode":"ranked","hero":"Warlock","hero_deck":null,"opponent":"Hunter","opponent_deck":"Midrange","coin":false,"result":"loss","duration":557,"rank":9,"legend":null,"note":null,"added":"2019-01-16T17:26:23Z","card_history":[]},{"user_hash":"46B0FDE764B5F3948106719B8026CF2F","region":"Europe","id":122003630,"mode":"ranked","hero":"Warrior","hero_deck":"Taunt","opponent":"Paladin","opponent_deck":null,"coin":true,"result":"loss","duration":824,"rank":8,"legend":null,"note":null,"added":"2019-01-16T02:14:23Z","card_history":[]},{"user_hash":"46B0FDE764B5F3948106719B8026CF2F","region":"Europe","id":122003311,"mode":"ranked","hero":"Warrior","hero_deck":"Taunt","opponent":"Hunter","opponent_deck":"Midrange","coin":false,"result":"loss","duration":1003,"rank":8,"legend":null,"note":null,"added":"2019-01-16T01:55:05Z","card_history":[]},{"user_hash":"46B0FDE764B5F3948106719B8026CF2F","region":"Europe","id":122003015,"mode":"ranked","hero":"Warrior","hero_deck":"Taunt","opponent":"Hunter","opponent_deck":"Midrange","coin":true,"result":"loss","duration":256,"rank":8,"legend":null,"note":null,"added":"2019-01-16T01:38:03Z","card_history":[]},{"user_hash":"46B0FDE764B5F3948106719B8026CF2F","region":"Europe","id":122002918,"mode":"ranked","hero":"Warrior","hero_deck":"Taunt","opponent":"Hunter","opponent_deck":"Midrange","coin":false,"result":"loss","duration":813,"rank":8,"legend":null,"note":null,"added":"2019-01-16T01:33:27Z","card_history":[]},{"user_hash":"72EE35E628BB8E1ECBF34E29CBB823F6","region":"Europe","id":122015819,"mode":"ranked","hero":"Shaman","hero_deck":null,"opponent":"Rogue","opponent_deck":"Miracle","coin":false,"result":"loss","duration":1081,"rank":20,"legend":null,"note":null,"added":"2019-01-16T13:25:01Z","card_history":[]},{"user_hash":"E1F68B170294558AF3AC4EA71A73D237","region":"Europe","id":122014028,"mode":"ranked","hero":"Shaman","hero_deck":"Midrange","opponent":"Warrior","opponent_deck":null,"coin":true,"result":"win","duration":447,"rank":22,"legend":null,"note":null,"added":"2019-01-16T12:11:49Z","card_history":[]},{"user_hash":"E1F68B170294558AF3AC4EA71A73D237","region":"Europe","id":122013861,"mode":"ranked","hero":"Shaman","hero_deck":null,"opponent":"Warrior","opponent_deck":null,"coin":true,"result":"win","duration":350,"rank":22,"legend":null,"note":null,"added":"2019-01-16T12:03:51Z","card_history":[]},{"user_hash":"1896A23AA498E73245FA74A3DE1C3D24","region":"Europe","id":122031979,"mode":"arena","hero":"Warrior","hero_deck":null,"opponent":"Mage","opponent_deck":null,"coin":true,"result":"loss","duration":766,"rank":null,"legend":null,"note":null,"added":"2019-01-16T23:53:43Z","card_history":[]},{"user_hash":"1896A23AA498E73245FA74A3DE1C3D24","region":"Europe","id":122031708,"mode":"arena","hero":"Warrior","hero_deck":null,"opponent":"Shaman","opponent_deck":null,"coin":false,"result":"win","duration":245,"rank":null,"legend":null,"note":null,"added":"2019-01-16T23:40:34Z","card_history":[]},{"user_hash":"1896A23AA498E73245FA74A3DE1C3D24","region":"Europe","id":122031629,"mode":"arena","hero":"Warrior","hero_deck":null,"opponent":"Mage","opponent_deck":null,"coin":true,"result":"loss","duration":205,"rank":null,"legend":null,"note":null,"added":"2019-01-16T23:36:13Z","card_history":[]},{"user_hash":"1896A23AA498E73245FA74A3DE1C3D24","region":"Europe","id":122031550,"mode":"arena","hero":"Warrior","hero_deck":null,"opponent":"Druid","opponent_deck":null,"coin":false,"result":"win","duration":403,"rank":null,"legend":null,"note":null,"added":"2019-01-16T23:32:38Z","card_history":[]},{"user_hash":"1896A23AA498E73245FA74A3DE1C3D24","region":"Europe","id":122031358,"mode":"arena","hero":"Warrior","hero_deck":null,"opponent":"Warrior","opponent_deck":null,"coin":true,"result":"win","duration":641,"rank":null,"legend":null,"note":null,"added":"2019-01-16T23:23:09Z","card_history":[]},{"user_hash":"1896A23AA498E73245FA74A3DE1C3D24","region":"Europe","id":122031159,"mode":"arena","hero":"Warrior","hero_deck":null,"opponent":"Paladin","opponent_deck":null,"coin":false,"result":"win","duration":436,"rank":null,"legend":null,"note":null,"added":"2019-01-16T23:12:04Z","card_history":[]},{"user_hash":"1896A23AA498E73245FA74A3DE1C3D24","region":"Europe","id":122031014,"mode":"arena","hero":"Warrior","hero_deck":null,"opponent":"Priest","opponent_deck":null,"coin":true,"result":"loss","duration":460,"rank":null,"legend":null,"note":null,"added":"2019-01-16T23:04:24Z","card_history":[]},{"user_hash":"1896A23AA498E73245FA74A3DE1C3D24","region":"Europe","id":122030533,"mode":"arena","hero":"Shaman","hero_deck":null,"opponent":"Warrior","opponent_deck":null,"coin":true,"result":"win","duration":1198,"rank":null,"legend":null,"note":null,"added":"2019-01-16T22:41:16Z","card_history":[]},{"user_hash":"1896A23AA498E73245FA74A3DE1C3D24","region":"Europe","id":122030070,"mode":"arena","hero":"Shaman","hero_deck":null,"opponent":"Shaman","opponent_deck":null,"coin":false,"result":"win","duration":422,"rank":null,"legend":null,"note":null,"added":"2019-01-16T22:20:42Z","card_history":[]},{"user_hash":"1896A23AA498E73245FA74A3DE1C3D24","region":"Europe","id":122029906,"mode":"arena","hero":"Shaman","hero_deck":null,"opponent":"Mage","opponent_deck":null,"coin":true,"result":"win","duration":497,"rank":null,"legend":null,"note":null,"added":"2019-01-16T22:13:24Z","card_history":[]},{"user_hash":"1896A23AA498E73245FA74A3DE1C3D24","region":"Europe","id":122029299,"mode":"arena","hero":"Shaman","hero_deck":null,"opponent":"Druid","opponent_deck":null,"coin":false,"result":"loss","duration":301,"rank":null,"legend":null,"note":null,"added":"2019-01-16T21:50:54Z","card_history":[]},{"user_hash":"1896A23AA498E73245FA74A3DE1C3D24","region":"Europe","id":122029099,"mode":"arena","hero":"Shaman","hero_deck":null,"opponent":"Rogue","opponent_deck":null,"coin":false,"result":"win","duration":503,"rank":null,"legend":null,"note":null,"added":"2019-01-16T21:43:35Z","card_history":[]},{"user_hash":"1896A23AA498E73245FA74A3DE1C3D24","region":"Europe","id":122028725,"mode":"arena","hero":"Hunter","hero_deck":null,"opponent":"Paladin","opponent_deck":null,"coin":false,"result":"loss","duration":485,"rank":null,"legend":null,"note":null,"added":"2019-01-16T21:29:20Z","card_history":[]},{"user_hash":"1896A23AA498E73245FA74A3DE1C3D24","region":"Europe","id":122028490,"mode":"arena","hero":"Hunter","hero_deck":null,"opponent":"Druid","opponent_deck":null,"coin":true,"result":"loss","duration":324,"rank":null,"legend":null,"note":null,"added":"2019-01-16T21:20:29Z","card_history":[]},{"user_hash":"1896A23AA498E73245FA74A3DE1C3D24","region":"Europe","id":122028334,"mode":"arena","hero":"Hunter","hero_deck":null,"opponent":"Rogue","opponent_deck":null,"coin":false,"result":"win","duration":703,"rank":null,"legend":null,"note":null,"added":"2019-01-16T21:14:48Z","card_history":[]},{"user_hash":"1896A23AA498E73245FA74A3DE1C3D24","region":"Europe","id":122028042,"mode":"arena","hero":"Hunter","hero_deck":null,"opponent":"Warlock","opponent_deck":null,"coin":false,"result":"loss","duration":428,"rank":null,"legend":null,"note":null,"added":"2019-01-16T21:02:52Z","card_history":[]},{"user_hash":"1896A23AA498E73245FA74A3DE1C3D24","region":"Europe","id":122027856,"mode":"arena","hero":"Hunter","hero_deck":null,"opponent":"Priest","opponent_deck":null,"coin":true,"result":"win","duration":346,"rank":null,"legend":null,"note":null,"added":"2019-01-16T20:55:33Z","card_history":[]},{"user_hash":"1896A23AA498E73245FA74A3DE1C3D24","region":"Europe","id":122026980,"mode":"arena","hero":"Hunter","hero_deck":null,"opponent":"Rogue","opponent_deck":null,"coin":true,"result":"win","duration":291,"rank":null,"legend":null,"note":null,"added":"2019-01-16T20:19:54Z","card_history":[]},{"user_hash":"1896A23AA498E73245FA74A3DE1C3D24","region":"Europe","id":122026598,"mode":"arena","hero":"Hunter","hero_deck":null,"opponent":"Warlock","opponent_deck":null,"coin":false,"result":"win","duration":497,"rank":null,"legend":null,"note":null,"added":"2019-01-16T20:04:39Z","card_history":[]},{"user_hash":"1896A23AA498E73245FA74A3DE1C3D24","region":"Europe","id":122026366,"mode":"arena","hero":"Hunter","hero_deck":null,"opponent":"Paladin","opponent_deck":null,"coin":true,"result":"win","duration":420,"rank":null,"legend":null,"note":null,"added":"2019-01-16T19:55:43Z","card_history":[]},{"user_hash":"1896A23AA498E73245FA74A3DE1C3D24","region":"Europe","id":122026175,"mode":"arena","hero":"Hunter","hero_deck":null,"opponent":"Warlock","opponent_deck":null,"coin":false,"result":"win","duration":393,"rank":null,"legend":null,"note":null,"added":"2019-01-16T19:48:09Z","card_history":[]},{"user_hash":"1896A23AA498E73245FA74A3DE1C3D24","region":"Europe","id":122026022,"mode":"arena","hero":"Hunter","hero_deck":null,"opponent":"Priest","opponent_deck":null,"coin":true,"result":"win","duration":459,"rank":null,"legend":null,"note":null,"added":"2019-01-16T19:41:14Z","card_history":[]},{"user_hash":"1896A23AA498E73245FA74A3DE1C3D24","region":"Europe","id":122025825,"mode":"arena","hero":"Hunter","hero_deck":null,"opponent":"Paladin","opponent_deck":null,"coin":false,"result":"win","duration":229,"rank":null,"legend":null,"note":null,"added":"2019-01-16T19:32:03Z","card_history":[]},{"user_hash":"1896A23AA498E73245FA74A3DE1C3D24","region":"Europe","id":122025533,"mode":"ranked","hero":"Shaman","hero_deck":"Midrange","opponent":"Warrior","opponent_deck":null,"coin":true,"result":"loss","duration":338,"rank":19,"legend":null,"note":null,"added":"2019-01-16T19:20:46Z","card_history":[]},{"user_hash":"1896A23AA498E73245FA74A3DE1C3D24","region":"Europe","id":122025414,"mode":"ranked","hero":"Shaman","hero_deck":null,"opponent":"Warlock","opponent_deck":"Zoo","coin":false,"result":"loss","duration":251,"rank":19,"legend":null,"note":null,"added":"2019-01-16T19:14:59Z","card_history":[]},{"user_hash":"1896A23AA498E73245FA74A3DE1C3D24","region":"Europe","id":122025316,"mode":"ranked","hero":"Shaman","hero_deck":"Midrange","opponent":"Mage","opponent_deck":"Secret","coin":false,"result":"loss","duration":689,"rank":19,"legend":null,"note":null,"added":"2019-01-16T19:10:41Z","card_history":[]},{"user_hash":"1896A23AA498E73245FA74A3DE1C3D24","region":"Europe","id":122025026,"mode":"ranked","hero":"Shaman","hero_deck":"Midrange","opponent":"Rogue","opponent_deck":null,"coin":true,"result":"win","duration":661,"rank":19,"legend":null,"note":null,"added":"2019-01-16T18:59:03Z","card_history":[]},{"user_hash":"1896A23AA498E73245FA74A3DE1C3D24","region":"Europe","id":122024708,"mode":"ranked","hero":"Shaman","hero_deck":"Midrange","opponent":"Warlock","opponent_deck":"Hand","coin":false,"result":"win","duration":654,"rank":19,"legend":null,"note":null,"added":"2019-01-16T18:46:41Z","card_history":[]},{"user_hash":"1896A23AA498E73245FA74A3DE1C3D24","region":"Europe","id":122024443,"mode":"ranked","hero":"Shaman","hero_deck":"Midrange","opponent":"Hunter","opponent_deck":"Midrange","coin":true,"result":"loss","duration":269,"rank":19,"legend":null,"note":null,"added":"2019-01-16T18:35:35Z","card_history":[]},{"user_hash":"1896A23AA498E73245FA74A3DE1C3D24","region":"Europe","id":122023911,"mode":"ranked","hero":"Shaman","hero_deck":"Midrange","opponent":"Druid","opponent_deck":null,"coin":false,"result":"win","duration":387,"rank":20,"legend":null,"note":null,"added":"2019-01-16T18:15:32Z","card_history":[]},{"user_hash":"1896A23AA498E73245FA74A3DE1C3D24","region":"Europe","id":122023699,"mode":"ranked","hero":"Shaman","hero_deck":"Midrange","opponent":"Rogue","opponent_deck":null,"coin":false,"result":"win","duration":871,"rank":20,"legend":null,"note":null,"added":"2019-01-16T18:07:41Z","card_history":[]},{"user_hash":"1896A23AA498E73245FA74A3DE1C3D24","region":"Europe","id":122023341,"mode":"ranked","hero":"Shaman","hero_deck":"Midrange","opponent":"Warrior","opponent_deck":null,"coin":false,"result":"win","duration":794,"rank":20,"legend":null,"note":null,"added":"2019-01-16T17:52:58Z","card_history":[]},{"user_hash":"1896A23AA498E73245FA74A3DE1C3D24","region":"Europe","id":122022989,"mode":"ranked","hero":"Shaman","hero_deck":"Token","opponent":"Paladin","opponent_deck":"Midrange","coin":false,"result":"win","duration":398,"rank":20,"legend":null,"note":null,"added":"2019-01-16T17:39:29Z","card_history":[]},{"user_hash":"1896A23AA498E73245FA74A3DE1C3D24","region":"Europe","id":122022817,"mode":"ranked","hero":"Shaman","hero_deck":"Control","opponent":"Shaman","opponent_deck":"Token","coin":false,"result":"loss","duration":186,"rank":20,"legend":null,"note":null,"added":"2019-01-16T17:32:38Z","card_history":[]},{"user_hash":"1896A23AA498E73245FA74A3DE1C3D24","region":"Europe","id":122022733,"mode":"ranked","hero":"Shaman","hero_deck":null,"opponent":"Warlock","opponent_deck":null,"coin":true,"result":"win","duration":56,"rank":null,"legend":null,"note":null,"added":"2019-01-16T17:29:20Z","card_history":[]},{"user_hash":"1896A23AA498E73245FA74A3DE1C3D24","region":"Europe","id":122022525,"mode":"ranked","hero":"Shaman","hero_deck":"Midrange","opponent":"Paladin","opponent_deck":"Midrange","coin":false,"result":"win","duration":561,"rank":20,"legend":null,"note":null,"added":"2019-01-16T17:21:41Z","card_history":[]},{"user_hash":"1896A23AA498E73245FA74A3DE1C3D24","region":"Europe","id":122022282,"mode":"ranked","hero":"Shaman","hero_deck":null,"opponent":"Shaman","opponent_deck":null,"coin":true,"result":"loss","duration":27,"rank":null,"legend":null,"note":null,"added":"2019-01-16T17:12:10Z","card_history":[]},{"user_hash":"1896A23AA498E73245FA74A3DE1C3D24","region":"Europe","id":122022252,"mode":"ranked","hero":"Shaman","hero_deck":null,"opponent":"Hunter","opponent_deck":"Midrange","coin":false,"result":"loss","duration":188,"rank":20,"legend":null,"note":null,"added":"2019-01-16T17:11:07Z","card_history":[]},{"user_hash":"1896A23AA498E73245FA74A3DE1C3D24","region":"Europe","id":122022154,"mode":"ranked","hero":"Shaman","hero_deck":null,"opponent":"Warlock","opponent_deck":null,"coin":true,"result":"loss","duration":289,"rank":20,"legend":null,"note":null,"added":"2019-01-16T17:07:46Z","card_history":[]},{"user_hash":"1896A23AA498E73245FA74A3DE1C3D24","region":"Europe","id":122022021,"mode":"ranked","hero":"Shaman","hero_deck":"Midrange","opponent":"Mage","opponent_deck":null,"coin":false,"result":"win","duration":903,"rank":20,"legend":null,"note":null,"added":"2019-01-16T17:02:45Z","card_history":[]},{"user_hash":"1896A23AA498E73245FA74A3DE1C3D24","region":"Europe","id":122016301,"mode":"ranked","hero":"Shaman","hero_deck":"Midrange","opponent":"Priest","opponent_deck":"Dragon","coin":false,"result":"win","duration":613,"rank":20,"legend":null,"note":null,"added":"2019-01-16T13:41:32Z","card_history":[]},{"user_hash":"1896A23AA498E73245FA74A3DE1C3D24","region":"Europe","id":122002239,"mode":"ranked","hero":"Paladin","hero_deck":"Midrange","opponent":"Hunter","opponent_deck":null,"coin":true,"result":"win","duration":567,"rank":15,"legend":null,"note":null,"added":"2019-01-16T01:00:50Z","card_history":[]},{"user_hash":"1896A23AA498E73245FA74A3DE1C3D24","region":"Europe","id":122002031,"mode":"ranked","hero":"Paladin","hero_deck":null,"opponent":"Hunter","opponent_deck":null,"coin":true,"result":"win","duration":233,"rank":15,"legend":null,"note":null,"added":"2019-01-16T00:51:16Z","card_history":[]},{"user_hash":"1896A23AA498E73245FA74A3DE1C3D24","region":"Europe","id":122001942,"mode":"ranked","hero":"Paladin","hero_deck":"Midrange","opponent":"Hunter","opponent_deck":"Midrange","coin":false,"result":"win","duration":810,"rank":15,"legend":null,"note":null,"added":"2019-01-16T00:47:02Z","card_history":[]},{"user_hash":"1896A23AA498E73245FA74A3DE1C3D24","region":"Europe","id":122001454,"mode":"arena","hero":"Hunter","hero_deck":null,"opponent":"Paladin","opponent_deck":null,"coin":false,"result":"loss","duration":850,"rank":null,"legend":null,"note":null,"added":"2019-01-16T00:24:58Z","card_history":[]},{"user_hash":"1896A23AA498E73245FA74A3DE1C3D24","region":"Europe","id":122001151,"mode":"arena","hero":"Hunter","hero_deck":null,"opponent":"Mage","opponent_deck":null,"coin":false,"result":"win","duration":1009,"rank":null,"legend":null,"note":null,"added":"2019-01-16T00:10:16Z","card_history":[]},{"user_hash":"668E13AEDEF99027EFF18815FEF5DC80","region":"Europe","id":122023955,"mode":"ranked","hero":"Rogue","hero_deck":null,"opponent":"Hunter","opponent_deck":"Midrange","coin":true,"result":"win","duration":366,"rank":3,"legend":null,"note":null,"added":"2019-01-16T18:15:58Z","card_history":[]},{"user_hash":"668E13AEDEF99027EFF18815FEF5DC80","region":"Europe","id":122023772,"mode":"ranked","hero":"Rogue","hero_deck":"Miracle","opponent":"Rogue","opponent_deck":null,"coin":false,"result":"loss","duration":356,"rank":3,"legend":null,"note":null,"added":"2019-01-16T18:09:23Z","card_history":[]},{"user_hash":"668E13AEDEF99027EFF18815FEF5DC80","region":"Europe","id":122016176,"mode":"ranked","hero":"Hunter","hero_deck":"Midrange","opponent":"Warlock","opponent_deck":null,"coin":false,"result":"win","duration":1401,"rank":null,"legend":null,"note":null,"added":"2019-01-16T13:36:30Z","card_history":[]},{"user_hash":"668E13AEDEF99027EFF18815FEF5DC80","region":"Europe","id":122015504,"mode":"ranked","hero":"Hunter","hero_deck":null,"opponent":"Mage","opponent_deck":"Burn","coin":false,"result":"win","duration":599,"rank":null,"legend":null,"note":null,"added":"2019-01-16T13:12:52Z","card_history":[]},{"user_hash":"668E13AEDEF99027EFF18815FEF5DC80","region":"Europe","id":122015211,"mode":"ranked","hero":"Hunter","hero_deck":"Midrange","opponent":"Warlock","opponent_deck":null,"coin":true,"result":"win","duration":322,"rank":null,"legend":null,"note":null,"added":"2019-01-16T13:02:39Z","card_history":[]},{"user_hash":"668E13AEDEF99027EFF18815FEF5DC80","region":"Europe","id":122015051,"mode":"ranked","hero":"Hunter","hero_deck":null,"opponent":"Paladin","opponent_deck":null,"coin":true,"result":"loss","duration":219,"rank":null,"legend":null,"note":null,"added":"2019-01-16T12:56:43Z","card_history":[]},{"user_hash":"668E13AEDEF99027EFF18815FEF5DC80","region":"Europe","id":122014950,"mode":"ranked","hero":"Hunter","hero_deck":"Midrange","opponent":"Hunter","opponent_deck":"Midrange","coin":false,"result":"win","duration":485,"rank":null,"legend":null,"note":null,"added":"2019-01-16T12:52:45Z","card_history":[]},{"user_hash":"668E13AEDEF99027EFF18815FEF5DC80","region":"Europe","id":122014742,"mode":"ranked","hero":"Shaman","hero_deck":null,"opponent":"Mage","opponent_deck":"Secret","coin":true,"result":"loss","duration":507,"rank":null,"legend":null,"note":null,"added":"2019-01-16T12:44:23Z","card_history":[]}]}