{"range_start":"2019-01-17T00:00:00Z","range_end":"2019-01-18T00:00:00Z","unique_users":13,"total_games":133,"games":[{"user_hash":"613D0C19DD5157C604AD55924E4B802A","region":"Americas","id":122060318,"mode":"friendly","hero":"Priest","hero_deck":"Combo","opponent":"Paladin","opponent_deck":null,"coin":false,"result":"win","duration":319,"rank":null,"legend":null,"note":null,"added":"2019-01-17T23:56:28Z","card_history":[]},{"user_hash":"613D0C19DD5157C604AD55924E4B802A","region":"Americas","id":122060214,"mode":"friendly","hero":"Rogue","hero_deck":null,"opponent":"Paladin","opponent_deck":null,"coin":true,"result":"loss","duration":532,"rank":null,"legend":null,"note":null,"added":"2019-01-17T23:50:50Z","card_history":[]},{"user_hash":"613D0C19DD5157C604AD55924E4B802A","region":"Americas","id":122060032,"mode":"friendly","hero":"Rogue","hero_deck":null,"opponent":"Warrior","opponent_deck":null,"coin":false,"result":"win","duration":397,"rank":null,"legend":null,"note":null,"added":"2019-01-17T23:41:40Z","card_history":[]},{"user_hash":"613D0C19DD5157C604AD55924E4B802A","region":"Americas","id":122059890,"mode":"friendly","hero":"Rogue","hero_deck":null,"opponent":"Priest","opponent_deck":null,"coin":true,"result":"win","duration":326,"rank":null,"legend":null,"note":null,"added":"2019-01-17T23:34:50Z","card_history":[]},{"user_hash":"613D0C19DD5157C604AD55924E4B802A","region":"Americas","id":122059450,"mode":"ranked","hero":"Paladin","hero_deck":null,"opponent":"Priest","opponent_deck":"Dragon","coin":false,"result":"win","duration":1008,"rank":3,"legend":null,"note":null,"added":"2019-01-17T23:13:38Z","card_history":[]},{"user_hash":"613D0C19DD5157C604AD55924E4B802A","region":"Americas","id":122058859,"mode":"ranked","hero":"Paladin","hero_deck":null,"opponent":"Shaman","opponent_deck":"Midrange","coin":true,"result":"loss","duration":563,"rank":3,"legend":null,"note":null,"added":"2019-01-17T22:46:49Z","card_history":[]},{"user_hash":"613D0C19DD5157C604AD55924E4B802A","region":"Americas","id":122058622,"mode":"ranked","hero":"Paladin","hero_deck":null,"opponent":"Paladin","opponent_deck":null,"coin":false,"result":"loss","duration":517,"rank":3,"legend":null,"note":null,"added":"2019-01-17T22:37:10Z","card_history":[]},{"user_hash":"613D0C19DD5157C604AD55924E4B802A","region":"Americas","id":122058376,"mode":"ranked","hero":"Paladin","hero_deck":null,"opponent":"Rogue","opponent_deck":null,"coin":true,"result":"win","duration":628,"rank":3,"legend":null,"note":null,"added":"2019-01-17T22:26:43Z","card_history":[]},{"user_hash":"613D0C19DD5157C604AD55924E4B802A","region":"Americas","id":122039762,"mode":"friendly","hero":"Paladin","hero_deck":null,"opponent":"Priest","opponent_deck":"Dragon","coin":false,"result":"win","duration":1022,"rank":null,"legend":null,"note":null,"added":"2019-01-17T08:26:51Z","card_history":[]},{"user_hash":"613D0C19DD5157C604AD55924E4B802A","region":"Americas","id":122039493,"mode":"ranked","hero":"Priest","hero_deck":"Dragon","opponent":"Paladin","opponent_deck":null,"coin":false,"result":"loss","duration":1159,"rank":3,"legend":null,"note":null,"added":"2019-01-17T08:08:03Z","card_history":[]},{"user_hash":"27B559DDB030E30F5548BC78CE3ACC6F","region":"Americas","id":122060263,"mode":"ranked","hero":"Priest","hero_deck":"Combo","opponent":"Priest","opponent_deck":"Miracle","coin":false,"result":"loss","duration":null,"rank":5,"legend":null,"note":null,"added":"2019-01-17T23:53:55Z","card_history":[]},{"user_hash":"27B559DDB030E30F5548BC78CE3ACC6F","region":"Americas","id":122060137,"mode":"ranked","hero":"Priest","hero_deck":null,"opponent":"Hunter","opponent_deck":"Midrange","coin":true,"result":"loss","duration":null,"rank":5,"legend":null,"note":null,"added":"2019-01-17T23:47:04Z","card_history":[]},{"user_hash":"27B559DDB030E30F5548BC78CE3ACC6F","region":"Americas","id":122059631,"mode":"ranked","hero":"Warlock","hero_deck":null,"opponent":"Mage","opponent_deck":"Secret","coin":false,"result":"loss","duration":null,"rank":5,"legend":null,"note":null,"added":"2019-01-17T23:22:01Z","card_history":[]},{"user_hash":"27B559DDB030E30F5548BC78CE3ACC6F","region":"Americas","id":122059496,"mode":"ranked","hero":"Warlock","hero_deck":null,"opponent":"Mage","opponent_deck":null,"coin":true,"result":"loss","duration":null,"rank":5,"legend":null,"note":null,"added":"2019-01-17T23:15:32Z","card_history":[]},{"user_hash":"27B559DDB030E30F5548BC78CE3ACC6F","region":"Americas","id":122059314,"mode":"ranked","hero":"Warlock","hero_deck":null,"opponent":"Hunter","opponent_deck":"Midrange","coin":false,"result":"win","duration":null,"rank":5,"legend":null,"note":null,"added":"2019-01-17T23:07:38Z","card_history":[]},{"user_hash":"27B559DDB030E30F5548BC78CE3ACC6F","region":"Americas","id":122055061,"mode":"ranked","hero":"Warlock","hero_deck":null,"opponent":"Rogue","opponent_deck":null,"coin":false,"result":"win","duration":387,"rank":5,"legend":null,"note":null,"added":"2019-01-17T20:17:42Z","card_history":[]},{"user_hash":"27B559DDB030E30F5548BC78CE3ACC6F","region":"Americas","id":122054907,"mode":"ranked","hero":"Warlock","hero_deck":null,"opponent":"Mage","opponent_deck":null,"coin":true,"result":"win","duration":469,"rank":5,"legend":null,"note":null,"added":"2019-01-17T20:10:52Z","card_history":[]},{"user_hash":"27B559DDB030E30F5548BC78CE3ACC6F","region":"Americas","id":122054705,"mode":"ranked","hero":"Warlock","hero_deck":null,"opponent":"Mage","opponent_deck":null,"coin":false,"result":"win","duration":471,"rank":5,"legend":null,"note":null,"added":"2019-01-17T20:02:47Z","card_history":[]},{"user_hash":"27B559DDB030E30F5548BC78CE3ACC6F","region":"Americas","id":122054523,"mode":"ranked","hero":"Warlock","hero_deck":"Zoo","opponent":"Priest","opponent_deck":"Miracle","coin":true,"result":"loss","duration":244,"rank":5,"legend":null,"note":null,"added":"2019-01-17T19:54:36Z","card_history":[]},{"user_hash":"27B559DDB030E30F5548BC78CE3ACC6F","region":"Americas","id":122054418,"mode":"ranked","hero":"Warlock","hero_deck":null,"opponent":"Paladin","opponent_deck":null,"coin":false,"result":"win","duration":86,"rank":5,"legend":null,"note":null,"added":"2019-01-17T19:50:11Z","card_history":[]},{"user_hash":"27B559DDB030E30F5548BC78CE3ACC6F","region":"Americas","id":122049607,"mode":"ranked","hero":"Rogue","hero_deck":null,"opponent":"Druid","opponent_deck":null,"coin":true,"result":"loss","duration":null,"rank":5,"legend":null,"note":null,"added":"2019-01-17T16:17:24Z","card_history":[]},{"user_hash":"27B559DDB030E30F5548BC78CE3ACC6F","region":"Americas","id":122049453,"mode":"ranked","hero":"Rogue","hero_deck":"Miracle","opponent":"Warlock","opponent_deck":null,"coin":false,"result":"win","duration":null,"rank":6,"legend":null,"note":null,"added":"2019-01-17T16:10:47Z","card_history":[]},{"user_hash":"27B559DDB030E30F5548BC78CE3ACC6F","region":"Americas","id":122049340,"mode":"ranked","hero":"Rogue","hero_deck":null,"opponent":"Hunter","opponent_deck":"Midrange","coin":true,"result":"win","duration":null,"rank":6,"legend":null,"note":null,"added":"2019-01-17T16:06:29Z","card_history":[]},{"user_hash":"27B559DDB030E30F5548BC78CE3ACC6F","region":"Americas","id":122049129,"mode":"ranked","hero":"Rogue","hero_deck":null,"opponent":"Hunter","opponent_deck":"Midrange","coin":false,"result":"win","duration":null,"rank":6,"legend":null,"note":null,"added":"2019-01-17T15:57:24Z","card_history":[]},{"user_hash":"27B559DDB030E30F5548BC78CE3ACC6F","region":"Americas","id":122036322,"mode":"ranked","hero":"Priest","hero_deck":null,"opponent":"Warrior","opponent_deck":"Taunt","coin":true,"result":"win","duration":408,"rank":7,"legend":null,"note":null,"added":"2019-01-17T04:29:56Z","card_history":[]},{"user_hash":"27B559DDB030E30F5548BC78CE3ACC6F","region":"Americas","id":122036220,"mode":"ranked","hero":"Priest","hero_deck":null,"opponent":"Warrior","opponent_deck":null,"coin":false,"result":"win","duration":513,"rank":7,"legend":null,"note":null,"added":"2019-01-17T04:22:47Z","card_history":[]},{"user_hash":"27B559DDB030E30F5548BC78CE3ACC6F","region":"Americas","id":122036098,"mode":"ranked","hero":"Priest","hero_deck":"Miracle","opponent":"Rogue","opponent_deck":null,"coin":true,"result":"loss","duration":342,"rank":7,"legend":null,"note":null,"added":"2019-01-17T04:13:50Z","card_history":[]},{"user_hash":"27B559DDB030E30F5548BC78CE3ACC6F","region":"Americas","id":122036020,"mode":"ranked","hero":"Hunter","hero_deck":"Midrange","opponent":"Hunter","opponent_deck":"Midrange","coin":false,"result":"loss","duration":620,"rank":7,"legend":null,"note":null,"added":"2019-01-17T04:07:54Z","card_history":[]},{"user_hash":"27B559DDB030E30F5548BC78CE3ACC6F","region":"Americas","id":122035292,"mode":"ranked","hero":"Shaman","hero_deck":null,"opponent":"Druid","opponent_deck":null,"coin":false,"result":"win","duration":212,"rank":7,"legend":null,"note":null,"added":"2019-01-17T03:18:41Z","card_history":[]},{"user_hash":"27B559DDB030E30F5548BC78CE3ACC6F","region":"Americas","id":122035232,"mode":"ranked","hero":"Paladin","hero_deck":null,"opponent":"Hunter","opponent_deck":"Face","coin":false,"result":"loss","duration":872,"rank":7,"legend":null,"note":null,"added":"2019-01-17T03:14:38Z","card_history":[]},{"user_hash":"27B559DDB030E30F5548BC78CE3ACC6F","region":"Americas","id":122035002,"mode":"ranked","hero":"Paladin","hero_deck":null,"opponent":"Rogue","opponent_deck":null,"coin":false,"result":"loss","duration":732,"rank":7,"legend":null,"note":null,"added":"2019-01-17T02:59:51Z","card_history":[]},{"user_hash":"27B559DDB030E30F5548BC78CE3ACC6F","region":"Americas","id":122034818,"mode":"ranked","hero":"Paladin","hero_deck":"Control","opponent":"Hunter","opponent_deck":"Midrange","coin":true,"result":"loss","duration":493,"rank":7,"legend":null,"note":null,"added":"2019-01-17T02:47:00Z","card_history":[]},{"user_hash":"27B559DDB030E30F5548BC78CE3ACC6F","region":"Americas","id":122034706,"mode":"ranked","hero":"Paladin","hero_deck":null,"opponent":"Hunter","opponent_deck":"Midrange","coin":false,"result":"win","duration":524,"rank":7,"legend":null,"note":null,"added":"2019-01-17T02:38:24Z","card_history":[]},{"user_hash":"27B559DDB030E30F5548BC78CE3ACC6F","region":"Americas","id":122034570,"mode":"ranked","hero":"Paladin","hero_deck":null,"opponent":"Warrior","opponent_deck":"Taunt","coin":false,"result":"win","duration":456,"rank":7,"legend":null,"note":null,"added":"2019-01-17T02:29:20Z","card_history":[]},{"user_hash":"27B559DDB030E30F5548BC78CE3ACC6F","region":"Americas","id":122034462,"mode":"ranked","hero":"Paladin","hero_deck":null,"opponent":"Mage","opponent_deck":null,"coin":false,"result":"loss","duration":203,"rank":7,"legend":null,"note":null,"added":"2019-01-17T02:21:21Z","card_history":[]},{"user_hash":"27B559DDB030E30F5548BC78CE3ACC6F","region":"Americas","id":122034403,"mode":"ranked","hero":"Paladin","hero_deck":null,"opponent":"Warlock","opponent_deck":null,"coin":false,"result":"win","duration":546,"rank":7,"legend":null,"note":null,"added":"2019-01-17T02:17:43Z","card_history":[]},{"user_hash":"27B559DDB030E30F5548BC78CE3ACC6F","region":"Americas","id":122034248,"mode":"ranked","hero":"Paladin","hero_deck":null,"opponent":"Priest","opponent_deck":"Miracle","coin":true,"result":"loss","duration":356,"rank":7,"legend":null,"note":null,"added":"2019-01-17T02:08:19Z","card_history":[]},{"user_hash":"27B559DDB030E30F5548BC78CE3ACC6F","region":"Americas","id":122034151,"mode":"ranked","hero":"Paladin","hero_deck":"Control","opponent":"Rogue","opponent_deck":null,"coin":true,"result":"win","duration":411,"rank":7,"legend":null,"note":null,"added":"2019-01-17T02:02:14Z","card_history":[]},{"user_hash":"27B559DDB030E30F5548BC78CE3ACC6F","region":"Americas","id":122034018,"mode":"ranked","hero":"Paladin","hero_deck":null,"opponent":"Rogue","opponent_deck":null,"coin":true,"result":"loss","duration":471,"rank":7,"legend":null,"note":null,"added":"2019-01-17T01:55:08Z","card_history":[]},{"user_hash":"58C888572FE027C1FAC56783A58A7649","region":"Americas","id":122055140,"mode":"ranked","hero":"Shaman","hero_deck":"Midrange","opponent":"Hunter","opponent_deck":"Midrange","coin":false,"result":"loss","duration":743,"rank":null,"legend":null,"note":null,"added":"2019-01-17T20:20:53Z","card_history":[]},{"user_hash":"58C888572FE027C1FAC56783A58A7649","region":"Americas","id":122054842,"mode":"ranked","hero":"Shaman","hero_deck":"Midrange","opponent":"Hunter","opponent_deck":"Midrange","coin":true,"result":"win","duration":649,"rank":null,"legend":null,"note":null,"added":"2019-01-17T20:08:13Z","card_history":[]},{"user_hash":"C434EFEA7E3DD45BBE654481BE46D850","region":"Americas","id":122033621,"mode":"casual","hero":"Shaman","hero_deck":"Control","opponent":"Priest","opponent_deck":null,"coin":true,"result":"win","duration":659,"rank":null,"legend":null,"note":null,"added":"2019-01-17T01:32:43Z","card_history":[]},{"user_hash":"C434EFEA7E3DD45BBE654481BE46D850","region":"Americas","id":122033456,"mode":"casual","hero":"Shaman","hero_deck":"Control","opponent":"Rogue","opponent_deck":"Miracle","coin":true,"result":"win","duration":493,"rank":null,"legend":null,"note":null,"added":"2019-01-17T01:21:30Z","card_history":[]},{"user_hash":"C434EFEA7E3DD45BBE654481BE46D850","region":"Americas","id":122033316,"mode":"casual","hero":"Mage","hero_deck":null,"opponent":"Rogue","opponent_deck":null,"coin":true,"result":"loss","duration":484,"rank":null,"legend":null,"note":null,"added":"2019-01-17T01:12:21Z","card_history":[]},{"user_hash":"C434EFEA7E3DD45BBE654481BE46D850","region":"Americas","id":122033187,"mode":"casual","hero":"Mage","hero_deck":null,"opponent":"Rogue","opponent_deck":null,"coin":false,"result":"loss","duration":83,"rank":null,"legend":null,"note":null,"added":"2019-01-17T01:03:58Z","card_history":[]},{"user_hash":"484CE0F8E1A123CEC8682A11FB1366E0","region":"Americas","id":122036402,"mode":"ranked","hero":"Warrior","hero_deck":"Pirate","opponent":"Paladin","opponent_deck":null,"coin":false,"result":"win","duration":542,"rank":14,"legend":null,"note":null,"added":"2019-01-17T04:35:37Z","card_history":[]},{"user_hash":"484CE0F8E1A123CEC8682A11FB1366E0","region":"Americas","id":122036268,"mode":"ranked","hero":"Warrior","hero_deck":"Pirate","opponent":"Warrior","opponent_deck":null,"coin":true,"result":"win","duration":703,"rank":14,"legend":null,"note":null,"added":"2019-01-17T04:26:10Z","card_history":[]},{"user_hash":"484CE0F8E1A123CEC8682A11FB1366E0","region":"Americas","id":122036073,"mode":"ranked","hero":"Warrior","hero_deck":"Pirate","opponent":"Priest","opponent_deck":"Combo","coin":false,"result":"win","duration":365,"rank":15,"legend":null,"note":null,"added":"2019-01-17T04:12:09Z","card_history":[]},{"user_hash":"484CE0F8E1A123CEC8682A11FB1366E0","region":"Americas","id":122035993,"mode":"ranked","hero":"Warrior","hero_deck":"Pirate","opponent":"Mage","opponent_deck":null,"coin":false,"result":"win","duration":636,"rank":15,"legend":null,"note":null,"added":"2019-01-17T04:05:50Z","card_history":[]},{"user_hash":"484CE0F8E1A123CEC8682A11FB1366E0","region":"Americas","id":122035807,"mode":"ranked","hero":"Warrior","hero_deck":null,"opponent":"Paladin","opponent_deck":null,"coin":true,"result":"loss","duration":469,"rank":14,"legend":null,"note":null,"added":"2019-01-17T03:52:31Z","card_history":[]},{"user_hash":"484CE0F8E1A123CEC8682A11FB1366E0","region":"Americas","id":122035670,"mode":"ranked","hero":"Warrior","hero_deck":null,"opponent":"Hunter","opponent_deck":null,"coin":true,"result":"loss","duration":77,"rank":14,"legend":null,"note":null,"added":"2019-01-17T03:44:24Z","card_history":[]},{"user_hash":"484CE0F8E1A123CEC8682A11FB1366E0","region":"Americas","id":122035647,"mode":"ranked","hero":"Warrior","hero_deck":null,"opponent":"Rogue","opponent_deck":"Miracle","coin":false,"result":"win","duration":578,"rank":15,"legend":null,"note":null,"added":"2019-01-17T03:42:49Z","card_history":[]},{"user_hash":"484CE0F8E1A123CEC8682A11FB1366E0","region":"Americas","id":122035500,"mode":"ranked","hero":"Warrior","hero_deck":"Pirate","opponent":"Rogue","opponent_deck":null,"coin":false,"result":"win","duration":399,"rank":15,"legend":null,"note":null,"added":"2019-01-17T03:32:57Z","card_history":[]},{"user_hash":"484CE0F8E1A123CEC8682A11FB1366E0","region":"Americas","id":122035393,"mode":"ranked","hero":"Warrior","hero_deck":null,"opponent":"Shaman","opponent_deck":"Midrange","coin":false,"result":"win","duration":394,"rank":15,"legend":null,"note":null,"added":"2019-01-17T03:25:56Z","card_history":[]},{"user_hash":"484CE0F8E1A123CEC8682A11FB1366E0","region":"Americas","id":122035294,"mode":"ranked","hero":"Warrior","hero_deck":"Pirate","opponent":"Warlock","opponent_deck":"Zoo","coin":false,"result":"win","duration":348,"rank":15,"legend":null,"note":null,"added":"2019-01-17T03:19:04Z","card_history":[]},{"user_hash":"A291E82C4070D38FB127D2A8481A505A","region":"Europe","id":122059176,"mode":"ranked","hero":"Warrior","hero_deck":"Taunt","opponent":"Warlock","opponent_deck":null,"coin":true,"result":"win","duration":1225,"rank":null,"legend":null,"note":null,"added":"2019-01-17T23:00:44Z","card_history":[]},{"user_hash":"A291E82C4070D38FB127D2A8481A505A","region":"Europe","id":122058667,"mode":"ranked","hero":"Warrior","hero_deck":"Taunt","opponent":"Druid","opponent_deck":null,"coin":false,"result":"loss","duration":736,"rank":null,"legend":null,"note":null,"added":"2019-01-17T22:39:12Z","card_history":[]},{"user_hash":"A291E82C4070D38FB127D2A8481A505A","region":"Europe","id":122058359,"mode":"ranked","hero":"Warrior","hero_deck":"Taunt","opponent":"Rogue","opponent_deck":null,"coin":false,"result":"loss","duration":503,"rank":null,"legend":null,"note":null,"added":"2019-01-17T22:26:07Z","card_history":[]},{"user_hash":"A291E82C4070D38FB127D2A8481A505A","region":"Europe","id":122058157,"mode":"ranked","hero":"Warrior","hero_deck":"Taunt","opponent":"Warlock","opponent_deck":"Hand","coin":false,"result":"win","duration":500,"rank":null,"legend":null,"note":null,"added":"2019-01-17T22:16:49Z","card_history":[]},{"user_hash":"A291E82C4070D38FB127D2A8481A505A","region":"Europe","id":122057952,"mode":"ranked","hero":"Warrior","hero_deck":"Taunt","opponent":"Hunter","opponent_deck":"Midrange","coin":true,"result":"win","duration":518,"rank":null,"legend":null,"note":null,"added":"2019-01-17T22:08:10Z","card_history":[]},{"user_hash":"A291E82C4070D38FB127D2A8481A505A","region":"Europe","id":122057618,"mode":"ranked","hero":"Warrior","hero_deck":"Taunt","opponent":"Rogue","opponent_deck":null,"coin":true,"result":"win","duration":660,"rank":null,"legend":null,"note":null,"added":"2019-01-17T21:55:03Z","card_history":[]},{"user_hash":"A291E82C4070D38FB127D2A8481A505A","region":"Europe","id":122057301,"mode":"ranked","hero":"Warrior","hero_deck":"Taunt","opponent":"Warrior","opponent_deck":"Taunt","coin":false,"result":"loss","duration":844,"rank":null,"legend":null,"note":null,"added":"2019-01-17T21:43:29Z","card_history":[]},{"user_hash":"A291E82C4070D38FB127D2A8481A505A","region":"Europe","id":122056906,"mode":"ranked","hero":"Warrior","hero_deck":"Taunt","opponent":"Hunter","opponent_deck":"Midrange","coin":false,"result":"loss","duration":1323,"rank":null,"legend":null,"note":null,"added":"2019-01-17T21:28:46Z","card_history":[]},{"user_hash":"A291E82C4070D38FB127D2A8481A505A","region":"Europe","id":122056299,"mode":"ranked","hero":"Warrior","hero_deck":"Taunt","opponent":"Hunter","opponent_deck":"Midrange","coin":false,"result":"win","duration":794,"rank":null,"legend":null,"note":null,"added":"2019-01-17T21:06:11Z","card_history":[]},{"user_hash":"A291E82C4070D38FB127D2A8481A505A","region":"Europe","id":122055914,"mode":"ranked","hero":"Warrior","hero_deck":"Taunt","opponent":"Hunter","opponent_deck":"Midrange","coin":false,"result":"win","duration":1038,"rank":null,"legend":null,"note":null,"added":"2019-01-17T20:51:26Z","card_history":[]},{"user_hash":"A291E82C4070D38FB127D2A8481A505A","region":"Europe","id":122055451,"mode":"ranked","hero":"Warrior","hero_deck":"Taunt","opponent":"Hunter","opponent_deck":"Midrange","coin":true,"result":"win","duration":926,"rank":null,"legend":null,"note":null,"added":"2019-01-17T20:33:04Z","card_history":[]},{"user_hash":"A291E82C4070D38FB127D2A8481A505A","region":"Europe","id":122055042,"mode":"ranked","hero":"Warrior","hero_deck":"Taunt","opponent":"Rogue","opponent_deck":null,"coin":false,"result":"win","duration":624,"rank":null,"legend":null,"note":null,"added":"2019-01-17T20:16:42Z","card_history":[]},{"user_hash":"BC6A2D9C1B85279990741B28594638D8","region":"Europe","id":122047351,"mode":"ranked","hero":"Druid","hero_deck":null,"opponent":"Hunter","opponent_deck":"Midrange","coin":true,"result":"loss","duration":1218,"rank":8,"legend":null,"note":null,"added":"2019-01-17T14:45:30Z","card_history":[]},{"user_hash":"BC6A2D9C1B85279990741B28594638D8","region":"Europe","id":122046828,"mode":"ranked","hero":"Druid","hero_deck":null,"opponent":"Hunter","opponent_deck":"Midrange","coin":false,"result":"loss","duration":671,"rank":8,"legend":null,"note":null,"added":"2019-01-17T14:25:02Z","card_history":[]},{"user_hash":"BC6A2D9C1B85279990741B28594638D8","region":"Europe","id":122046548,"mode":"ranked","hero":"Druid","hero_deck":null,"opponent":"Warlock","opponent_deck":"Zoo","coin":true,"result":"loss","duration":249,"rank":8,"legend":null,"note":null,"added":"2019-01-17T14:13:40Z","card_history":[]},{"user_hash":"5A2A39E6E9507C45EA8C3DAEA7F8519D","region":"Americas","id":122059719,"mode":"friendly","hero":"Priest","hero_deck":null,"opponent":"Druid","opponent_deck":null,"coin":false,"result":"loss","duration":260,"rank":null,"legend":null,"note":null,"added":"2019-01-17T23:25:41Z","card_history":[]},{"user_hash":"5A2A39E6E9507C45EA8C3DAEA7F8519D","region":"Americas","id":122036516,"mode":"ranked","hero":"Priest","hero_deck":null,"opponent":"Rogue","opponent_deck":null,"coin":false,"result":"loss","duration":342,"rank":16,"legend":null,"note":null,"added":"2019-01-17T04:41:55Z","card_history":[]},{"user_hash":"5A2A39E6E9507C45EA8C3DAEA7F8519D","region":"Americas","id":122036410,"mode":"ranked","hero":"Priest","hero_deck":null,"opponent":"Druid","opponent_deck":"Jade","coin":true,"result":"loss","duration":371,"rank":16,"legend":null,"note":null,"added":"2019-01-17T04:35:44Z","card_history":[]},{"user_hash":"46B0FDE764B5F3948106719B8026CF2F","region":"Europe","id":122058405,"mode":"ranked","hero":"Mage","hero_deck":"Burn","opponent":"Priest","opponent_deck":"Combo","coin":false,"result":"win","duration":872,"rank":10,"legend":null,"note":null,"added":"2019-01-17T22:28:06Z","card_history":[]},{"user_hash":"46B0FDE764B5F3948106719B8026CF2F","region":"Europe","id":122058069,"mode":"ranked","hero":"Mage","hero_deck":"Burn","opponent":"Warrior","opponent_deck":"Taunt","coin":true,"result":"loss","duration":884,"rank":9,"legend":null,"note":null,"added":"2019-01-17T22:13:21Z","card_history":[]},{"user_hash":"46B0FDE764B5F3948106719B8026CF2F","region":"Europe","id":122057692,"mode":"ranked","hero":"Mage","hero_deck":"Freeze","opponent":"Hunter","opponent_deck":"Midrange","coin":false,"result":"loss","duration":1598,"rank":9,"legend":null,"note":null,"added":"2019-01-17T21:58:17Z","card_history":[]},{"user_hash":"46B0FDE764B5F3948106719B8026CF2F","region":"Europe","id":122056970,"mode":"ranked","hero":"Mage","hero_deck":"Burn","opponent":"Mage","opponent_deck":"Secret","coin":true,"result":"loss","duration":530,"rank":9,"legend":null,"note":null,"added":"2019-01-17T21:31:23Z","card_history":[]},{"user_hash":"46B0FDE764B5F3948106719B8026CF2F","region":"Europe","id":122056621,"mode":"ranked","hero":"Mage","hero_deck":"Burn","opponent":"Rogue","opponent_deck":null,"coin":false,"result":"loss","duration":853,"rank":9,"legend":null,"note":null,"added":"2019-01-17T21:18:39Z","card_history":[]},{"user_hash":"72EE35E628BB8E1ECBF34E29CBB823F6","region":"Europe","id":122044185,"mode":"ranked","hero":"Paladin","hero_deck":null,"opponent":"Priest","opponent_deck":null,"coin":false,"result":"win","duration":198,"rank":null,"legend":null,"note":null,"added":"2019-01-17T12:33:05Z","card_history":[]},{"user_hash":"72EE35E628BB8E1ECBF34E29CBB823F6","region":"Europe","id":122044103,"mode":"ranked","hero":"Paladin","hero_deck":null,"opponent":"Rogue","opponent_deck":null,"coin":true,"result":"loss","duration":439,"rank":null,"legend":null,"note":null,"added":"2019-01-17T12:29:26Z","card_history":[]},{"user_hash":"72EE35E628BB8E1ECBF34E29CBB823F6","region":"Europe","id":122043949,"mode":"ranked","hero":"Paladin","hero_deck":"Midrange","opponent":"Priest","opponent_deck":"Dragon","coin":false,"result":"loss","duration":425,"rank":17,"legend":null,"note":null,"added":"2019-01-17T12:21:53Z","card_history":[]},{"user_hash":"72EE35E628BB8E1ECBF34E29CBB823F6","region":"Europe","id":122043789,"mode":"ranked","hero":"Paladin","hero_deck":null,"opponent":"Mage","opponent_deck":null,"coin":true,"result":"loss","duration":73,"rank":17,"legend":null,"note":null,"added":"2019-01-17T12:14:22Z","card_history":[]},{"user_hash":"72EE35E628BB8E1ECBF34E29CBB823F6","region":"Europe","id":122043731,"mode":"ranked","hero":"Paladin","hero_deck":"Midrange","opponent":"Mage","opponent_deck":"Burn","coin":false,"result":"loss","duration":491,"rank":17,"legend":null,"note":null,"added":"2019-01-17T12:11:19Z","card_history":[]},{"user_hash":"72EE35E628BB8E1ECBF34E29CBB823F6","region":"Europe","id":122043544,"mode":"ranked","hero":"Paladin","hero_deck":"Midrange","opponent":"Priest","opponent_deck":null,"coin":false,"result":"win","duration":281,"rank":null,"legend":null,"note":null,"added":"2019-01-17T12:02:48Z","card_history":[]},{"user_hash":"72EE35E628BB8E1ECBF34E29CBB823F6","region":"Europe","id":122043425,"mode":"ranked","hero":"Paladin","hero_deck":"Midrange","opponent":"Rogue","opponent_deck":null,"coin":true,"result":"win","duration":505,"rank":null,"legend":null,"note":null,"added":"2019-01-17T11:57:40Z","card_history":[]},{"user_hash":"72EE35E628BB8E1ECBF34E29CBB823F6","region":"Europe","id":122043145,"mode":"ranked","hero":"Paladin","hero_deck":"Midrange","opponent":"Warlock","opponent_deck":null,"coin":false,"result":"win","duration":505,"rank":null,"legend":null,"note":null,"added":"2019-01-17T11:43:46Z","card_history":[]},{"user_hash":"72EE35E628BB8E1ECBF34E29CBB823F6","region":"Europe","id":122042962,"mode":"ranked","hero":"Paladin","hero_deck":null,"opponent":"Hunter","opponent_deck":null,"coin":true,"result":"loss","duration":155,"rank":null,"legend":null,"note":null,"added":"2019-01-17T11:34:57Z","card_history":[]},{"user_hash":"72EE35E628BB8E1ECBF34E29CBB823F6","region":"Europe","id":122042913,"mode":"ranked","hero":"Paladin","hero_deck":"Midrange","opponent":"Rogue","opponent_deck":null,"coin":true,"result":"win","duration":323,"rank":null,"legend":null,"note":null,"added":"2019-01-17T11:32:10Z","card_history":[]},{"user_hash":"72EE35E628BB8E1ECBF34E29CBB823F6","region":"Europe","id":122042783,"mode":"ranked","hero":"Paladin","hero_deck":"Midrange","opponent":"Hunter","opponent_deck":null,"coin":true,"result":"loss","duration":404,"rank":null,"legend":null,"note":null,"added":"2019-01-17T11:26:24Z","card_history":[]},{"user_hash":"72EE35E628BB8E1ECBF34E29CBB823F6","region":"Europe","id":122042649,"mode":"ranked","hero":"Paladin","hero_deck":"Midrange","opponent":"Warrior","opponent_deck":null,"coin":true,"result":"win","duration":445,"rank":null,"legend":null,"note":null,"added":"2019-01-17T11:19:25Z","card_history":[]},{"user_hash":"72EE35E628BB8E1ECBF34E29CBB823F6","region":"Europe","id":122042514,"mode":"ranked","hero":"Paladin","hero_deck":null,"opponent":"Druid","opponent_deck":"Token","coin":true,"result":"loss","duration":376,"rank":null,"legend":null,"note":null,"added":"2019-01-17T11:11:54Z","card_history":[]},{"user_hash":"1896A23AA498E73245FA74A3DE1C3D24","region":"Europe","id":122054206,"mode":"ranked","hero":"Shaman","hero_deck":"Midrange","opponent":"Hunter","opponent_deck":null,"coin":false,"result":"win","duration":630,"rank":19,"legend":null,"note":null,"added":"2019-01-17T19:40:28Z","card_history":[]},{"user_hash":"1896A23AA498E73245FA74A3DE1C3D24","region":"Europe","id":122053972,"mode":"ranked","hero":"Shaman","hero_deck":"Midrange","opponent":"Mage","opponent_deck":"Burn","coin":true,"result":"win","duration":953,"rank":19,"legend":null,"note":null,"added":"2019-01-17T19:29:43Z","card_history":[]},{"user_hash":"1896A23AA498E73245FA74A3DE1C3D24","region":"Europe","id":122053616,"mode":"ranked","hero":"Shaman","hero_deck":null,"opponent":"Hunter","opponent_deck":"Midrange","coin":false,"result":"loss","duration":255,"rank":19,"legend":null,"note":null,"added":"2019-01-17T19:13:36Z","card_history":[]},{"user_hash":"1896A23AA498E73245FA74A3DE1C3D24","region":"Europe","id":122053512,"mode":"ranked","hero":"Shaman","hero_deck":null,"opponent":"Rogue","opponent_deck":null,"coin":true,"result":"win","duration":319,"rank":19,"legend":null,"note":null,"added":"2019-01-17T19:08:24Z","card_history":[]},{"user_hash":"1896A23AA498E73245FA74A3DE1C3D24","region":"Europe","id":122052824,"mode":"ranked","hero":"Paladin","hero_deck":"Midrange","opponent":"Warlock","opponent_deck":null,"coin":false,"result":"win","duration":593,"rank":14,"legend":null,"note":null,"added":"2019-01-17T18:38:17Z","card_history":[]},{"user_hash":"1896A23AA498E73245FA74A3DE1C3D24","region":"Europe","id":122052587,"mode":"ranked","hero":"Paladin","hero_deck":"Midrange","opponent":"Rogue","opponent_deck":"Miracle","coin":true,"result":"win","duration":340,"rank":14,"legend":null,"note":null,"added":"2019-01-17T18:28:11Z","card_history":[]},{"user_hash":"1896A23AA498E73245FA74A3DE1C3D24","region":"Europe","id":122052433,"mode":"ranked","hero":"Paladin","hero_deck":null,"opponent":"Rogue","opponent_deck":null,"coin":true,"result":"loss","duration":120,"rank":14,"legend":null,"note":null,"added":"2019-01-17T18:22:14Z","card_history":[]},{"user_hash":"1896A23AA498E73245FA74A3DE1C3D24","region":"Europe","id":122052384,"mode":"ranked","hero":"Paladin","hero_deck":"Midrange","opponent":"Shaman","opponent_deck":"Midrange","coin":true,"result":"loss","duration":380,"rank":14,"legend":null,"note":null,"added":"2019-01-17T18:20:07Z","card_history":[]},{"user_hash":"1896A23AA498E73245FA74A3DE1C3D24","region":"Europe","id":122052239,"mode":"ranked","hero":"Paladin","hero_deck":"Midrange","opponent":"Shaman","opponent_deck":"Control","coin":false,"result":"win","duration":539,"rank":14,"legend":null,"note":null,"added":"2019-01-17T18:13:22Z","card_history":[]},{"user_hash":"1896A23AA498E73245FA74A3DE1C3D24","region":"Europe","id":122051946,"mode":"ranked","hero":"Paladin","hero_deck":"Midrange","opponent":"Priest","opponent_deck":"Combo","coin":false,"result":"loss","duration":441,"rank":14,"legend":null,"note":null,"added":"2019-01-17T18:00:28Z","card_history":[]},{"user_hash":"1896A23AA498E73245FA74A3DE1C3D24","region":"Europe","id":122051776,"mode":"ranked","hero":"Paladin","hero_deck":"Midrange","opponent":"Priest","opponent_deck":"Dragon","coin":true,"result":"win","duration":440,"rank":14,"legend":null,"note":null,"added":"2019-01-17T17:52:34Z","card_history":[]},{"user_hash":"1896A23AA498E73245FA74A3DE1C3D24","region":"Europe","id":122051584,"mode":"ranked","hero":"Paladin","hero_deck":"Midrange","opponent":"Priest","opponent_deck":null,"coin":true,"result":"win","duration":330,"rank":15,"legend":null,"note":null,"added":"2019-01-17T17:44:04Z","card_history":[]},{"user_hash":"1896A23AA498E73245FA74A3DE1C3D24","region":"Europe","id":122051416,"mode":"ranked","hero":"Paladin","hero_deck":"Midrange","opponent":"Druid","opponent_deck":"Jade","coin":false,"result":"win","duration":649,"rank":15,"legend":null,"note":null,"added":"2019-01-17T17:37:57Z","card_history":[]},{"user_hash":"1896A23AA498E73245FA74A3DE1C3D24","region":"Europe","id":122051024,"mode":"ranked","hero":"Paladin","hero_deck":"Midrange","opponent":"Warlock","opponent_deck":null,"coin":true,"result":"win","duration":459,"rank":15,"legend":null,"note":null,"added":"2019-01-17T17:20:30Z","card_history":[]},{"user_hash":"1896A23AA498E73245FA74A3DE1C3D24","region":"Europe","id":122050838,"mode":"ranked","hero":"Paladin","hero_deck":"Midrange","opponent":"Warlock","opponent_deck":"Hand","coin":false,"result":"win","duration":634,"rank":15,"legend":null,"note":null,"added":"2019-01-17T17:12:00Z","card_history":[]},{"user_hash":"1896A23AA498E73245FA74A3DE1C3D24","region":"Europe","id":122050587,"mode":"ranked","hero":"Paladin","hero_deck":null,"opponent":"Hunter","opponent_deck":null,"coin":false,"result":"loss","duration":149,"rank":15,"legend":null,"note":null,"added":"2019-01-17T17:01:03Z","card_history":[]},{"user_hash":"1896A23AA498E73245FA74A3DE1C3D24","region":"Europe","id":122050531,"mode":"ranked","hero":"Paladin","hero_deck":"Midrange","opponent":"Warlock","opponent_deck":null,"coin":true,"result":"win","duration":250,"rank":15,"legend":null,"note":null,"added":"2019-01-17T16:58:13Z","card_history":[]},{"user_hash":"1896A23AA498E73245FA74A3DE1C3D24","region":"Europe","id":122050440,"mode":"ranked","hero":"Paladin","hero_deck":"Midrange","opponent":"Mage","opponent_deck":null,"coin":true,"result":"loss","duration":532,"rank":15,"legend":null,"note":null,"added":"2019-01-17T16:53:42Z","card_history":[]},{"user_hash":"1896A23AA498E73245FA74A3DE1C3D24","region":"Europe","id":122050219,"mode":"ranked","hero":"Paladin","hero_deck":null,"opponent":"Priest","opponent_deck":null,"coin":false,"result":"loss","duration":185,"rank":15,"legend":null,"note":null,"added":"2019-01-17T16:44:37Z","card_history":[]},{"user_hash":"1896A23AA498E73245FA74A3DE1C3D24","region":"Europe","id":122050135,"mode":"ranked","hero":"Paladin","hero_deck":"Midrange","opponent":"Druid","opponent_deck":"Token","coin":true,"result":"loss","duration":441,"rank":15,"legend":null,"note":null,"added":"2019-01-17T16:41:12Z","card_history":[]},{"user_hash":"1896A23AA498E73245FA74A3DE1C3D24","region":"Europe","id":122049972,"mode":"ranked","hero":"Paladin","hero_deck":"Midrange","opponent":"Warlock","opponent_deck":"Hand","coin":true,"result":"win","duration":428,"rank":15,"legend":null,"note":null,"added":"2019-01-17T16:33:41Z","card_history":[]},{"user_hash":"1896A23AA498E73245FA74A3DE1C3D24","region":"Europe","id":122049806,"mode":"ranked","hero":"Paladin","hero_deck":"Midrange","opponent":"Rogue","opponent_deck":null,"coin":true,"result":"win","duration":592,"rank":15,"legend":null,"note":null,"added":"2019-01-17T16:26:21Z","card_history":[]},{"user_hash":"1896A23AA498E73245FA74A3DE1C3D24","region":"Europe","id":122049584,"mode":"ranked","hero":"Paladin","hero_deck":"Midrange","opponent":"Priest","opponent_deck":null,"coin":false,"result":"loss","duration":144,"rank":15,"legend":null,"note":null,"added":"2019-01-17T16:16:19Z","card_history":[]},{"user_hash":"1896A23AA498E73245FA74A3DE1C3D24","region":"Europe","id":122049522,"mode":"ranked","hero":"Paladin","hero_deck":null,"opponent":"Rogue","opponent_deck":null,"coin":false,"result":"loss","duration":133,"rank":15,"legend":null,"note":null,"added":"2019-01-17T16:13:42Z","card_history":[]},{"user_hash":"1896A23AA498E73245FA74A3DE1C3D24","region":"Europe","id":122049464,"mode":"ranked","hero":"Paladin","hero_deck":"Midrange","opponent":"Shaman","opponent_deck":"Control","coin":true,"result":"loss","duration":415,"rank":15,"legend":null,"note":null,"added":"2019-01-17T16:11:16Z","card_history":[]},{"user_hash":"1896A23AA498E73245FA74A3DE1C3D24","region":"Europe","id":122049262,"mode":"ranked","hero":"Paladin","hero_deck":"Midrange","opponent":"Priest","opponent_deck":null,"coin":true,"result":"win","duration":317,"rank":15,"legend":null,"note":null,"added":"2019-01-17T16:03:25Z","card_history":[]},{"user_hash":"1896A23AA498E73245FA74A3DE1C3D24","region":"Europe","id":122049079,"mode":"ranked","hero":"Paladin","hero_deck":"Midrange","opponent":"Warlock","opponent_deck":null,"coin":false,"result":"loss","duration":594,"rank":15,"legend":null,"note":null,"added":"2019-01-17T15:55:20Z","card_history":[]},{"user_hash":"1896A23AA498E73245FA74A3DE1C3D24","region":"Europe","id":122048837,"mode":"ranked","hero":"Paladin","hero_deck":"Midrange","opponent":"Mage","opponent_deck":null,"coin":true,"result":"win","duration":386,"rank":15,"legend":null,"note":null,"added":"2019-01-17T15:45:18Z","card_history":[]},{"user_hash":"1896A23AA498E73245FA74A3DE1C3D24","region":"Europe","id":122048683,"mode":"ranked","hero":"Paladin","hero_deck":"Midrange","opponent":"Shaman","opponent_deck":null,"coin":false,"result":"loss","duration":389,"rank":14,"legend":null,"note":null,"added":"2019-01-17T15:38:38Z","card_history":[]},{"user_hash":"1896A23AA498E73245FA74A3DE1C3D24","region":"Europe","id":122048016,"mode":"ranked","hero":"Paladin","hero_deck":null,"opponent":"Mage","opponent_deck":null,"coin":true,"result":"loss","duration":139,"rank":14,"legend":null,"note":null,"added":"2019-01-17T15:11:21Z","card_history":[]},{"user_hash":"1896A23AA498E73245FA74A3DE1C3D24","region":"Europe","id":122047932,"mode":"ranked","hero":"Paladin","hero_deck":null,"opponent":"Druid","opponent_deck":"Jade","coin":false,"result":"loss","duration":535,"rank":14,"legend":null,"note":null,"added":"2019-01-17T15:07:42Z","card_history":[]},{"user_hash":"1896A23AA498E73245FA74A3DE1C3D24","region":"Europe","id":122045767,"mode":"ranked","hero":"Paladin","hero_deck":null,"opponent":"Druid","opponent_deck":null,"coin":false,"result":"loss","duration":1835,"rank":14,"legend":null,"note":null,"added":"2019-01-17T13:41:51Z","card_history":[]},{"user_hash":"1896A23AA498E73245FA74A3DE1C3D24","region":"Europe","id":122045062,"mode":"ranked","hero":"Paladin","hero_deck":"Midrange","opponent":"Priest","opponent_deck":"Dragon","coin":true,"result":"win","duration":506,"rank":14,"legend":null,"note":null,"added":"2019-01-17T13:10:56Z","card_history":[]},{"user_hash":"668E13AEDEF99027EFF18815FEF5DC80","region":"Europe","id":122044856,"mode":"ranked","hero":"Hunter","hero_deck":"Midrange","opponent":"Hunter","opponent_deck":"Midrange","coin":true,"result":"win","duration":527,"rank":2,"legend":null,"note":null,"added":"2019-01-17T13:02:27Z","card_history":[]},{"user_hash":"668E13AEDEF99027EFF18815FEF5DC80","region":"Europe","id":122044651,"mode":"ranked","hero":"Hunter","hero_deck":null,"opponent":"Hunter","opponent_deck":"Midrange","coin":false,"result":"loss","duration":523,"rank":2,"legend":null,"note":null,"added":"2019-01-17T12:53:20Z","card_history":[]},{"user_hash":"668E13AEDEF99027EFF18815FEF5DC80","region":"Europe","id":122044440,"mode":"friendly","hero":"Mage","hero_deck":"Secret","opponent":"Hunter","opponent_deck":"Midrange","coin":true,"result":"win","duration":800,"rank":null,"legend":null,"note":null,"added":"2019-01-17T12:44:00Z","card_history":[]},{"user_hash":"9C19210E2DFF9528B8D6A94B9A39A9A5","region":"Americas","id":122060059,"mode":"ranked","hero":"Warlock","hero_deck":null,"opponent":"Hunter","opponent_deck":"Midrange","coin":false,"result":"win","duration":707,"rank":5,"legend":null,"note":null,"added":"2019-01-17T23:42:51Z","card_history":[]},{"user_hash":"9C19210E2DFF9528B8D6A94B9A39A9A5","region":"Americas","id":122059257,"mode":"ranked","hero":"Warlock","hero_deck":null,"opponent":"Rogue","opponent_deck":null,"coin":false,"result":"win","duration":686,"rank":5,"legend":null,"note":null,"added":"2019-01-17T23:04:32Z","card_history":[]},{"user_hash":"9C19210E2DFF9528B8D6A94B9A39A9A5","region":"Americas","id":122058996,"mode":"ranked","hero":"Warlock","hero_deck":null,"opponent":"Mage","opponent_deck":null,"coin":false,"result":"loss","duration":570,"rank":5,"legend":null,"note":null,"added":"2019-01-17T22:52:48Z","card_history":[]},{"user_hash":"9C19210E2DFF9528B8D6A94B9A39A9A5","region":"Americas","id":122058768,"mode":"ranked","hero":"Warlock","hero_deck":null,"opponent":"Rogue","opponent_deck":null,"coin":true,"result":"loss","duration":529,"rank":5,"legend":null,"note":null,"added":"2019-01-17T22:43:08Z","card_history":[]},{"user_hash":"9C19210E2DFF9528B8D6A94B9A39A9A5","region":"Americas","id":122034366,"mode":"friendly","hero":"Priest","hero_deck":null,"opponent":"Priest","opponent_deck":"Miracle","coin":false,"result":"win","duration":483,"rank":null,"legend":null,"note":null,"added":"2019-01-17T02:15:12Z","card_history":[]},{"user_hash":"9C19210E2DFF9528B8D6A94B9A39A9A5","region":"Americas","id":122034154,"mode":"friendly","hero":"Hunter","hero_deck":"Midrange","opponent":"Priest","opponent_deck":"Miracle","coin":true,"result":"loss","duration":1112,"rank":null,"legend":null,"note":null,"added":"2019-01-17T02:02:17Z","card_history":[]}]}