{"range_start":"2019-01-12T00:00:00Z","range_end":"2019-01-13T00:00:00Z","unique_users":15,"total_games":216,"games":[{"user_hash":"66FFB43E8DB8910A32FB03BD640103F6","region":"Americas","id":121874343,"mode":"ranked","hero":"Hunter","hero_deck":"Midrange","opponent":"Hunter","opponent_deck":null,"coin":false,"result":"win","duration":223,"rank":13,"legend":null,"note":null,"added":"2019-01-12T02:21:00Z","card_history":[]},{"user_hash":"66FFB43E8DB8910A32FB03BD640103F6","region":"Americas","id":121874131,"mode":"ranked","hero":"Hunter","hero_deck":null,"opponent":"Paladin","opponent_deck":null,"coin":true,"result":"win","duration":698,"rank":13,"legend":null,"note":null,"added":"2019-01-12T02:10:12Z","card_history":[]},{"user_hash":"66FFB43E8DB8910A32FB03BD640103F6","region":"Americas","id":121873927,"mode":"ranked","hero":"Hunter","hero_deck":"Midrange","opponent":"Paladin","opponent_deck":"Midrange","coin":false,"result":"win","duration":697,"rank":13,"legend":null,"note":null,"added":"2019-01-12T01:58:16Z","card_history":[]},{"user_hash":"66FFB43E8DB8910A32FB03BD640103F6","region":"Americas","id":121873716,"mode":"ranked","hero":"Hunter","hero_deck":"Midrange","opponent":"Paladin","opponent_deck":null,"coin":true,"result":"win","duration":387,"rank":13,"legend":null,"note":null,"added":"2019-01-12T01:46:20Z","card_history":[]},{"user_hash":"66FFB43E8DB8910A32FB03BD640103F6","region":"Americas","id":121873599,"mode":"ranked","hero":"Hunter","hero_deck":"Midrange","opponent":"Hunter","opponent_deck":"Midrange","coin":false,"result":"loss","duration":261,"rank":13,"legend":null,"note":null,"added":"2019-01-12T01:39:45Z","card_history":[]},{"user_hash":"66FFB43E8DB8910A32FB03BD640103F6","region":"Americas","id":121873530,"mode":"ranked","hero":"Hunter","hero_deck":null,"opponent":"Rogue","opponent_deck":null,"coin":false,"result":"win","duration":1026,"rank":14,"legend":null,"note":null,"added":"2019-01-12T01:35:05Z","card_history":[]},{"user_hash":"613D0C19DD5157C604AD55924E4B802A","region":"Americas","id":121904033,"mode":"ranked","hero":"Shaman","hero_deck":"Midrange","opponent":"Paladin","opponent_deck":"Midrange","coin":true,"result":"loss","duration":658,"rank":4,"legend":null,"note":null,"added":"2019-01-12T23:51:16Z","card_history":[]},{"user_hash":"613D0C19DD5157C604AD55924E4B802A","region":"Americas","id":121903761,"mode":"ranked","hero":"Shaman","hero_deck":"Midrange","opponent":"Hunter","opponent_deck":"Midrange","coin":false,"result":"win","duration":271,"rank":4,"legend":null,"note":null,"added":"2019-01-12T23:40:04Z","card_history":[]},{"user_hash":"613D0C19DD5157C604AD55924E4B802A","region":"Americas","id":121903642,"mode":"ranked","hero":"Shaman","hero_deck":"Midrange","opponent":"Paladin","opponent_deck":null,"coin":false,"result":"loss","duration":1089,"rank":4,"legend":null,"note":null,"added":"2019-01-12T23:35:00Z","card_history":[]},{"user_hash":"613D0C19DD5157C604AD55924E4B802A","region":"Americas","id":121879708,"mode":"ranked","hero":"Druid","hero_deck":null,"opponent":"Hunter","opponent_deck":"Midrange","coin":false,"result":"win","duration":621,"rank":4,"legend":null,"note":null,"added":"2019-01-12T07:45:38Z","card_history":[]},{"user_hash":"613D0C19DD5157C604AD55924E4B802A","region":"Americas","id":121879522,"mode":"ranked","hero":"Druid","hero_deck":null,"opponent":"Shaman","opponent_deck":"Midrange","coin":true,"result":"loss","duration":596,"rank":4,"legend":null,"note":null,"added":"2019-01-12T07:35:03Z","card_history":[]},{"user_hash":"613D0C19DD5157C604AD55924E4B802A","region":"Americas","id":121879340,"mode":"ranked","hero":"Hunter","hero_deck":"Face","opponent":"Hunter","opponent_deck":"Midrange","coin":false,"result":"loss","duration":375,"rank":4,"legend":null,"note":null,"added":"2019-01-12T07:24:58Z","card_history":[]},{"user_hash":"613D0C19DD5157C604AD55924E4B802A","region":"Americas","id":121878977,"mode":"ranked","hero":"Hunter","hero_deck":null,"opponent":"Paladin","opponent_deck":null,"coin":false,"result":"loss","duration":335,"rank":4,"legend":null,"note":null,"added":"2019-01-12T07:03:20Z","card_history":[]},{"user_hash":"613D0C19DD5157C604AD55924E4B802A","region":"Americas","id":121878885,"mode":"ranked","hero":"Hunter","hero_deck":"Face","opponent":"Paladin","opponent_deck":null,"coin":true,"result":"loss","duration":406,"rank":4,"legend":null,"note":null,"added":"2019-01-12T06:57:31Z","card_history":[]},{"user_hash":"613D0C19DD5157C604AD55924E4B802A","region":"Americas","id":121878761,"mode":"ranked","hero":"Hunter","hero_deck":"Face","opponent":"Rogue","opponent_deck":null,"coin":false,"result":"win","duration":285,"rank":4,"legend":null,"note":null,"added":"2019-01-12T06:49:57Z","card_history":[]},{"user_hash":"613D0C19DD5157C604AD55924E4B802A","region":"Americas","id":121878595,"mode":"ranked","hero":"Paladin","hero_deck":null,"opponent":"Paladin","opponent_deck":null,"coin":true,"result":"loss","duration":603,"rank":3,"legend":null,"note":null,"added":"2019-01-12T06:38:56Z","card_history":[]},{"user_hash":"613D0C19DD5157C604AD55924E4B802A","region":"Americas","id":121878426,"mode":"ranked","hero":"Paladin","hero_deck":null,"opponent":"Warlock","opponent_deck":null,"coin":true,"result":"loss","duration":623,"rank":3,"legend":null,"note":null,"added":"2019-01-12T06:28:11Z","card_history":[]},{"user_hash":"613D0C19DD5157C604AD55924E4B802A","region":"Americas","id":121878266,"mode":"ranked","hero":"Paladin","hero_deck":null,"opponent":"Rogue","opponent_deck":null,"coin":true,"result":"win","duration":343,"rank":3,"legend":null,"note":null,"added":"2019-01-12T06:17:26Z","card_history":[]},{"user_hash":"613D0C19DD5157C604AD55924E4B802A","region":"Americas","id":121878165,"mode":"ranked","hero":"Druid","hero_deck":null,"opponent":"Paladin","opponent_deck":null,"coin":false,"result":"loss","duration":599,"rank":3,"legend":null,"note":null,"added":"2019-01-12T06:11:30Z","card_history":[]},{"user_hash":"613D0C19DD5157C604AD55924E4B802A","region":"Americas","id":121877994,"mode":"ranked","hero":"Druid","hero_deck":null,"opponent":"Rogue","opponent_deck":null,"coin":false,"result":"loss","duration":680,"rank":3,"legend":null,"note":null,"added":"2019-01-12T06:01:04Z","card_history":[]},{"user_hash":"613D0C19DD5157C604AD55924E4B802A","region":"Americas","id":121877793,"mode":"ranked","hero":"Druid","hero_deck":null,"opponent":"Hunter","opponent_deck":"Midrange","coin":false,"result":"win","duration":502,"rank":3,"legend":null,"note":null,"added":"2019-01-12T05:49:28Z","card_history":[]},{"user_hash":"4FDDDA84DDA9BB29DCC230E05EA70D48","region":"Americas","id":121873313,"mode":"ranked","hero":"Rogue","hero_deck":null,"opponent":"Warlock","opponent_deck":null,"coin":true,"result":"win","duration":397,"rank":6,"legend":null,"note":null,"added":"2019-01-12T01:23:28Z","card_history":[]},{"user_hash":"4FDDDA84DDA9BB29DCC230E05EA70D48","region":"Americas","id":121873177,"mode":"ranked","hero":"Rogue","hero_deck":null,"opponent":"Warlock","opponent_deck":null,"coin":false,"result":"win","duration":498,"rank":6,"legend":null,"note":null,"added":"2019-01-12T01:16:26Z","card_history":[]},{"user_hash":"4FDDDA84DDA9BB29DCC230E05EA70D48","region":"Americas","id":121873007,"mode":"ranked","hero":"Rogue","hero_deck":null,"opponent":"Mage","opponent_deck":null,"coin":true,"result":"loss","duration":381,"rank":6,"legend":null,"note":null,"added":"2019-01-12T01:07:51Z","card_history":[]},{"user_hash":"4FDDDA84DDA9BB29DCC230E05EA70D48","region":"Americas","id":121872868,"mode":"ranked","hero":"Rogue","hero_deck":null,"opponent":"Warlock","opponent_deck":null,"coin":false,"result":"win","duration":182,"rank":6,"legend":null,"note":null,"added":"2019-01-12T01:00:43Z","card_history":[]},{"user_hash":"27B559DDB030E30F5548BC78CE3ACC6F","region":"Americas","id":121884161,"mode":"ranked","hero":"Paladin","hero_deck":null,"opponent":"Druid","opponent_deck":null,"coin":true,"result":"loss","duration":483,"rank":7,"legend":null,"note":null,"added":"2019-01-12T11:23:32Z","card_history":[]},{"user_hash":"27B559DDB030E30F5548BC78CE3ACC6F","region":"Americas","id":121884006,"mode":"ranked","hero":"Paladin","hero_deck":null,"opponent":"Warlock","opponent_deck":"Zoo","coin":true,"result":"loss","duration":215,"rank":7,"legend":null,"note":null,"added":"2019-01-12T11:15:04Z","card_history":[]},{"user_hash":"27B559DDB030E30F5548BC78CE3ACC6F","region":"Americas","id":121883913,"mode":"ranked","hero":"Paladin","hero_deck":null,"opponent":"Paladin","opponent_deck":null,"coin":false,"result":"win","duration":371,"rank":8,"legend":null,"note":null,"added":"2019-01-12T11:11:00Z","card_history":[]},{"user_hash":"27B559DDB030E30F5548BC78CE3ACC6F","region":"Americas","id":121883788,"mode":"ranked","hero":"Paladin","hero_deck":null,"opponent":"Mage","opponent_deck":null,"coin":true,"result":"win","duration":196,"rank":8,"legend":null,"note":null,"added":"2019-01-12T11:04:27Z","card_history":[]},{"user_hash":"27B559DDB030E30F5548BC78CE3ACC6F","region":"Americas","id":121883710,"mode":"ranked","hero":"Paladin","hero_deck":null,"opponent":"Shaman","opponent_deck":"Midrange","coin":true,"result":"win","duration":378,"rank":8,"legend":null,"note":null,"added":"2019-01-12T11:00:53Z","card_history":[]},{"user_hash":"27B559DDB030E30F5548BC78CE3ACC6F","region":"Americas","id":121883566,"mode":"ranked","hero":"Paladin","hero_deck":null,"opponent":"Paladin","opponent_deck":null,"coin":false,"result":"win","duration":450,"rank":8,"legend":null,"note":null,"added":"2019-01-12T10:54:00Z","card_history":[]},{"user_hash":"27B559DDB030E30F5548BC78CE3ACC6F","region":"Americas","id":121882963,"mode":"ranked","hero":"Shaman","hero_deck":null,"opponent":"Hunter","opponent_deck":null,"coin":true,"result":"loss","duration":33,"rank":null,"legend":null,"note":null,"added":"2019-01-12T10:28:36Z","card_history":[]},{"user_hash":"27B559DDB030E30F5548BC78CE3ACC6F","region":"Americas","id":121882936,"mode":"ranked","hero":"Shaman","hero_deck":null,"opponent":"Hunter","opponent_deck":null,"coin":true,"result":"loss","duration":32,"rank":null,"legend":null,"note":null,"added":"2019-01-12T10:27:23Z","card_history":[]},{"user_hash":"27B559DDB030E30F5548BC78CE3ACC6F","region":"Americas","id":121882889,"mode":"ranked","hero":"Priest","hero_deck":null,"opponent":"Hunter","opponent_deck":null,"coin":true,"result":"loss","duration":116,"rank":8,"legend":null,"note":null,"added":"2019-01-12T10:25:28Z","card_history":[]},{"user_hash":"27B559DDB030E30F5548BC78CE3ACC6F","region":"Americas","id":121882847,"mode":"ranked","hero":"Priest","hero_deck":"Dragon","opponent":"Priest","opponent_deck":null,"coin":false,"result":"win","duration":261,"rank":8,"legend":null,"note":null,"added":"2019-01-12T10:23:12Z","card_history":[]},{"user_hash":"27B559DDB030E30F5548BC78CE3ACC6F","region":"Americas","id":121882605,"mode":"ranked","hero":"Priest","hero_deck":"Dragon","opponent":"Warlock","opponent_deck":"Zoo","coin":true,"result":"win","duration":644,"rank":8,"legend":null,"note":null,"added":"2019-01-12T10:12:48Z","card_history":[]},{"user_hash":"27B559DDB030E30F5548BC78CE3ACC6F","region":"Americas","id":121882380,"mode":"ranked","hero":"Priest","hero_deck":"Dragon","opponent":"Druid","opponent_deck":null,"coin":true,"result":"loss","duration":592,"rank":8,"legend":null,"note":null,"added":"2019-01-12T10:01:43Z","card_history":[]},{"user_hash":"27B559DDB030E30F5548BC78CE3ACC6F","region":"Americas","id":121882150,"mode":"ranked","hero":"Priest","hero_deck":null,"opponent":"Mage","opponent_deck":null,"coin":true,"result":"loss","duration":133,"rank":7,"legend":null,"note":null,"added":"2019-01-12T09:51:24Z","card_history":[]},{"user_hash":"27B559DDB030E30F5548BC78CE3ACC6F","region":"Americas","id":121882107,"mode":"ranked","hero":"Priest","hero_deck":"Dragon","opponent":"Hunter","opponent_deck":"Midrange","coin":false,"result":"loss","duration":1129,"rank":7,"legend":null,"note":null,"added":"2019-01-12T09:48:59Z","card_history":[]},{"user_hash":"03F0DD5EBF0AC6CC6D7DA0B9336D9D6A","region":"Americas","id":121897191,"mode":"ranked","hero":"Priest","hero_deck":"Combo","opponent":"Hunter","opponent_deck":"Midrange","coin":true,"result":"win","duration":997,"rank":null,"legend":null,"note":null,"added":"2019-01-12T19:21:19Z","card_history":[]},{"user_hash":"03F0DD5EBF0AC6CC6D7DA0B9336D9D6A","region":"Americas","id":121896749,"mode":"ranked","hero":"Priest","hero_deck":null,"opponent":"Warlock","opponent_deck":null,"coin":true,"result":"win","duration":367,"rank":null,"legend":null,"note":null,"added":"2019-01-12T19:04:28Z","card_history":[]},{"user_hash":"03F0DD5EBF0AC6CC6D7DA0B9336D9D6A","region":"Americas","id":121896581,"mode":"ranked","hero":"Priest","hero_deck":null,"opponent":"Warrior","opponent_deck":null,"coin":false,"result":"win","duration":709,"rank":null,"legend":null,"note":null,"added":"2019-01-12T18:57:45Z","card_history":[]},{"user_hash":"03F0DD5EBF0AC6CC6D7DA0B9336D9D6A","region":"Americas","id":121896256,"mode":"ranked","hero":"Rogue","hero_deck":null,"opponent":"Hunter","opponent_deck":"Midrange","coin":true,"result":"loss","duration":219,"rank":null,"legend":null,"note":null,"added":"2019-01-12T18:45:40Z","card_history":[]},{"user_hash":"03F0DD5EBF0AC6CC6D7DA0B9336D9D6A","region":"Americas","id":121896150,"mode":"ranked","hero":"Rogue","hero_deck":"Miracle","opponent":"Rogue","opponent_deck":"Quest","coin":false,"result":"win","duration":275,"rank":null,"legend":null,"note":null,"added":"2019-01-12T18:41:31Z","card_history":[]},{"user_hash":"03F0DD5EBF0AC6CC6D7DA0B9336D9D6A","region":"Americas","id":121896015,"mode":"ranked","hero":"Rogue","hero_deck":null,"opponent":"Warlock","opponent_deck":null,"coin":false,"result":"loss","duration":322,"rank":null,"legend":null,"note":null,"added":"2019-01-12T18:36:44Z","card_history":[]},{"user_hash":"03F0DD5EBF0AC6CC6D7DA0B9336D9D6A","region":"Americas","id":121895871,"mode":"ranked","hero":"Rogue","hero_deck":null,"opponent":"Priest","opponent_deck":"Dragon","coin":true,"result":"win","duration":418,"rank":null,"legend":null,"note":null,"added":"2019-01-12T18:31:09Z","card_history":[]},{"user_hash":"03F0DD5EBF0AC6CC6D7DA0B9336D9D6A","region":"Americas","id":121894458,"mode":"ranked","hero":"Priest","hero_deck":"Dragon","opponent":"Paladin","opponent_deck":null,"coin":false,"result":"loss","duration":566,"rank":null,"legend":null,"note":null,"added":"2019-01-12T17:41:17Z","card_history":[]},{"user_hash":"03F0DD5EBF0AC6CC6D7DA0B9336D9D6A","region":"Americas","id":121878276,"mode":"ranked","hero":"Priest","hero_deck":"Dragon","opponent":"Mage","opponent_deck":"Burn","coin":true,"result":"win","duration":275,"rank":null,"legend":null,"note":null,"added":"2019-01-12T06:18:06Z","card_history":[]},{"user_hash":"03F0DD5EBF0AC6CC6D7DA0B9336D9D6A","region":"Americas","id":121878185,"mode":"ranked","hero":"Priest","hero_deck":"Dragon","opponent":"Druid","opponent_deck":null,"coin":true,"result":"win","duration":437,"rank":null,"legend":null,"note":null,"added":"2019-01-12T06:12:38Z","card_history":[]},{"user_hash":"03F0DD5EBF0AC6CC6D7DA0B9336D9D6A","region":"Americas","id":121878064,"mode":"ranked","hero":"Priest","hero_deck":"Dragon","opponent":"Hunter","opponent_deck":"Midrange","coin":true,"result":"win","duration":489,"rank":null,"legend":null,"note":null,"added":"2019-01-12T06:04:55Z","card_history":[]},{"user_hash":"03F0DD5EBF0AC6CC6D7DA0B9336D9D6A","region":"Americas","id":121877909,"mode":"ranked","hero":"Priest","hero_deck":"Dragon","opponent":"Priest","opponent_deck":"Combo","coin":true,"result":"win","duration":396,"rank":null,"legend":null,"note":null,"added":"2019-01-12T05:56:00Z","card_history":[]},{"user_hash":"03F0DD5EBF0AC6CC6D7DA0B9336D9D6A","region":"Americas","id":121877790,"mode":"ranked","hero":"Priest","hero_deck":"Dragon","opponent":"Rogue","opponent_deck":null,"coin":true,"result":"loss","duration":247,"rank":null,"legend":null,"note":null,"added":"2019-01-12T05:49:10Z","card_history":[]},{"user_hash":"03F0DD5EBF0AC6CC6D7DA0B9336D9D6A","region":"Americas","id":121877726,"mode":"ranked","hero":"Priest","hero_deck":"Dragon","opponent":"Mage","opponent_deck":null,"coin":true,"result":"loss","duration":504,"rank":null,"legend":null,"note":null,"added":"2019-01-12T05:44:45Z","card_history":[]},{"user_hash":"03F0DD5EBF0AC6CC6D7DA0B9336D9D6A","region":"Americas","id":121877597,"mode":"ranked","hero":"Priest","hero_deck":"Dragon","opponent":"Hunter","opponent_deck":"Midrange","coin":false,"result":"win","duration":652,"rank":null,"legend":null,"note":null,"added":"2019-01-12T05:36:02Z","card_history":[]},{"user_hash":"03F0DD5EBF0AC6CC6D7DA0B9336D9D6A","region":"Americas","id":121877408,"mode":"ranked","hero":"Priest","hero_deck":"Dragon","opponent":"Priest","opponent_deck":null,"coin":true,"result":"win","duration":372,"rank":null,"legend":null,"note":null,"added":"2019-01-12T05:24:56Z","card_history":[]},{"user_hash":"03F0DD5EBF0AC6CC6D7DA0B9336D9D6A","region":"Americas","id":121877284,"mode":"ranked","hero":"Priest","hero_deck":"Dragon","opponent":"Rogue","opponent_deck":null,"coin":false,"result":"loss","duration":370,"rank":null,"legend":null,"note":null,"added":"2019-01-12T05:17:39Z","card_history":[]},{"user_hash":"98D139BEAF5AE0FFDF0DB6F833114305","region":"Americas","id":121898222,"mode":"ranked","hero":"Paladin","hero_deck":"Midrange","opponent":"Hunter","opponent_deck":"Midrange","coin":true,"result":"loss","duration":531,"rank":8,"legend":null,"note":null,"added":"2019-01-12T20:02:02Z","card_history":[]},{"user_hash":"98D139BEAF5AE0FFDF0DB6F833114305","region":"Americas","id":121897979,"mode":"ranked","hero":"Paladin","hero_deck":null,"opponent":"Priest","opponent_deck":"Dragon","coin":true,"result":"loss","duration":368,"rank":8,"legend":null,"note":null,"added":"2019-01-12T19:52:51Z","card_history":[]},{"user_hash":"98D139BEAF5AE0FFDF0DB6F833114305","region":"Americas","id":121889650,"mode":"ranked","hero":"Hunter","hero_deck":"Midrange","opponent":"Mage","opponent_deck":null,"coin":false,"result":"loss","duration":712,"rank":8,"legend":null,"note":null,"added":"2019-01-12T14:56:03Z","card_history":[]},{"user_hash":"484CE0F8E1A123CEC8682A11FB1366E0","region":"Americas","id":121876891,"mode":"ranked","hero":"Paladin","hero_deck":null,"opponent":"Hunter","opponent_deck":null,"coin":true,"result":"win","duration":288,"rank":15,"legend":null,"note":null,"added":"2019-01-12T04:53:06Z","card_history":[]},{"user_hash":"484CE0F8E1A123CEC8682A11FB1366E0","region":"Americas","id":121876820,"mode":"ranked","hero":"Paladin","hero_deck":null,"opponent":"Warlock","opponent_deck":"Zoo","coin":true,"result":"win","duration":313,"rank":15,"legend":null,"note":null,"added":"2019-01-12T04:47:55Z","card_history":[]},{"user_hash":"484CE0F8E1A123CEC8682A11FB1366E0","region":"Americas","id":121876744,"mode":"ranked","hero":"Paladin","hero_deck":null,"opponent":"Hunter","opponent_deck":"Midrange","coin":false,"result":"loss","duration":323,"rank":15,"legend":null,"note":null,"added":"2019-01-12T04:42:23Z","card_history":[]},{"user_hash":"484CE0F8E1A123CEC8682A11FB1366E0","region":"Americas","id":121876653,"mode":"ranked","hero":"Paladin","hero_deck":null,"opponent":"Hunter","opponent_deck":"Midrange","coin":false,"result":"loss","duration":278,"rank":15,"legend":null,"note":null,"added":"2019-01-12T04:36:43Z","card_history":[]},{"user_hash":"484CE0F8E1A123CEC8682A11FB1366E0","region":"Americas","id":121876593,"mode":"ranked","hero":"Paladin","hero_deck":null,"opponent":"Hunter","opponent_deck":"Midrange","coin":false,"result":"loss","duration":424,"rank":15,"legend":null,"note":null,"added":"2019-01-12T04:31:44Z","card_history":[]},{"user_hash":"484CE0F8E1A123CEC8682A11FB1366E0","region":"Americas","id":121876467,"mode":"ranked","hero":"Paladin","hero_deck":null,"opponent":"Paladin","opponent_deck":null,"coin":false,"result":"loss","duration":475,"rank":15,"legend":null,"note":null,"added":"2019-01-12T04:23:16Z","card_history":[]},{"user_hash":"484CE0F8E1A123CEC8682A11FB1366E0","region":"Americas","id":121876332,"mode":"ranked","hero":"Paladin","hero_deck":null,"opponent":"Hunter","opponent_deck":null,"coin":true,"result":"win","duration":146,"rank":15,"legend":null,"note":null,"added":"2019-01-12T04:15:02Z","card_history":[]},{"user_hash":"484CE0F8E1A123CEC8682A11FB1366E0","region":"Americas","id":121876286,"mode":"ranked","hero":"Paladin","hero_deck":"Midrange","opponent":"Rogue","opponent_deck":null,"coin":true,"result":"win","duration":525,"rank":15,"legend":null,"note":null,"added":"2019-01-12T04:11:24Z","card_history":[]},{"user_hash":"5A2A39E6E9507C45EA8C3DAEA7F8519D","region":"Americas","id":121902703,"mode":"ranked","hero":"Priest","hero_deck":"Dragon","opponent":"Rogue","opponent_deck":null,"coin":true,"result":"win","duration":640,"rank":8,"legend":null,"note":null,"added":"2019-01-12T22:56:15Z","card_history":[]},{"user_hash":"46B0FDE764B5F3948106719B8026CF2F","region":"Europe","id":121903985,"mode":"ranked","hero":"Mage","hero_deck":null,"opponent":"Mage","opponent_deck":null,"coin":true,"result":"win","duration":300,"rank":6,"legend":null,"note":null,"added":"2019-01-12T23:49:26Z","card_history":[]},{"user_hash":"46B0FDE764B5F3948106719B8026CF2F","region":"Europe","id":121903857,"mode":"ranked","hero":"Mage","hero_deck":null,"opponent":"Mage","opponent_deck":null,"coin":false,"result":"loss","duration":633,"rank":6,"legend":null,"note":null,"added":"2019-01-12T23:44:16Z","card_history":[]},{"user_hash":"46B0FDE764B5F3948106719B8026CF2F","region":"Europe","id":121903611,"mode":"ranked","hero":"Mage","hero_deck":null,"opponent":"Paladin","opponent_deck":"Midrange","coin":false,"result":"win","duration":462,"rank":7,"legend":null,"note":null,"added":"2019-01-12T23:33:27Z","card_history":[]},{"user_hash":"46B0FDE764B5F3948106719B8026CF2F","region":"Europe","id":121903416,"mode":"ranked","hero":"Mage","hero_deck":null,"opponent":"Mage","opponent_deck":null,"coin":false,"result":"win","duration":979,"rank":7,"legend":null,"note":null,"added":"2019-01-12T23:25:34Z","card_history":[]},{"user_hash":"46B0FDE764B5F3948106719B8026CF2F","region":"Europe","id":121903026,"mode":"ranked","hero":"Mage","hero_deck":null,"opponent":"Priest","opponent_deck":"Combo","coin":false,"result":"win","duration":292,"rank":7,"legend":null,"note":null,"added":"2019-01-12T23:09:00Z","card_history":[]},{"user_hash":"46B0FDE764B5F3948106719B8026CF2F","region":"Europe","id":121902893,"mode":"ranked","hero":"Mage","hero_deck":null,"opponent":"Paladin","opponent_deck":null,"coin":true,"result":"loss","duration":318,"rank":7,"legend":null,"note":null,"added":"2019-01-12T23:03:45Z","card_history":[]},{"user_hash":"46B0FDE764B5F3948106719B8026CF2F","region":"Europe","id":121902742,"mode":"ranked","hero":"Mage","hero_deck":null,"opponent":"Priest","opponent_deck":"Dragon","coin":true,"result":"win","duration":320,"rank":7,"legend":null,"note":null,"added":"2019-01-12T22:58:11Z","card_history":[]},{"user_hash":"46B0FDE764B5F3948106719B8026CF2F","region":"Europe","id":121902614,"mode":"ranked","hero":"Mage","hero_deck":null,"opponent":"Paladin","opponent_deck":null,"coin":true,"result":"loss","duration":267,"rank":7,"legend":null,"note":null,"added":"2019-01-12T22:52:38Z","card_history":[]},{"user_hash":"46B0FDE764B5F3948106719B8026CF2F","region":"Europe","id":121891585,"mode":"ranked","hero":"Mage","hero_deck":null,"opponent":"Mage","opponent_deck":null,"coin":false,"result":"loss","duration":2639,"rank":7,"legend":null,"note":null,"added":"2019-01-12T16:06:14Z","card_history":[]},{"user_hash":"46B0FDE764B5F3948106719B8026CF2F","region":"Europe","id":121890359,"mode":"ranked","hero":"Mage","hero_deck":null,"opponent":"Warrior","opponent_deck":null,"coin":true,"result":"loss","duration":1488,"rank":7,"legend":null,"note":null,"added":"2019-01-12T15:22:06Z","card_history":[]},{"user_hash":"46B0FDE764B5F3948106719B8026CF2F","region":"Europe","id":121889664,"mode":"ranked","hero":"Mage","hero_deck":null,"opponent":"Warlock","opponent_deck":null,"coin":true,"result":"win","duration":665,"rank":7,"legend":null,"note":null,"added":"2019-01-12T14:56:45Z","card_history":[]},{"user_hash":"46B0FDE764B5F3948106719B8026CF2F","region":"Europe","id":121889334,"mode":"ranked","hero":"Mage","hero_deck":null,"opponent":"Priest","opponent_deck":null,"coin":false,"result":"win","duration":372,"rank":7,"legend":null,"note":null,"added":"2019-01-12T14:45:16Z","card_history":[]},{"user_hash":"46B0FDE764B5F3948106719B8026CF2F","region":"Europe","id":121889147,"mode":"ranked","hero":"Mage","hero_deck":null,"opponent":"Hunter","opponent_deck":"Midrange","coin":true,"result":"win","duration":495,"rank":8,"legend":null,"note":null,"added":"2019-01-12T14:38:53Z","card_history":[]},{"user_hash":"46B0FDE764B5F3948106719B8026CF2F","region":"Europe","id":121888884,"mode":"ranked","hero":"Mage","hero_deck":null,"opponent":"Priest","opponent_deck":"Combo","coin":false,"result":"win","duration":281,"rank":8,"legend":null,"note":null,"added":"2019-01-12T14:30:08Z","card_history":[]},{"user_hash":"46B0FDE764B5F3948106719B8026CF2F","region":"Europe","id":121888712,"mode":"ranked","hero":"Warlock","hero_deck":"Zoo","opponent":"Shaman","opponent_deck":"Midrange","coin":false,"result":"loss","duration":563,"rank":18,"legend":null,"note":null,"added":"2019-01-12T14:24:42Z","card_history":[]},{"user_hash":"46B0FDE764B5F3948106719B8026CF2F","region":"Europe","id":121888297,"mode":"ranked","hero":"Warlock","hero_deck":"Zoo","opponent":"Shaman","opponent_deck":null,"coin":true,"result":"loss","duration":767,"rank":18,"legend":null,"note":null,"added":"2019-01-12T14:10:20Z","card_history":[]},{"user_hash":"46B0FDE764B5F3948106719B8026CF2F","region":"Europe","id":121887943,"mode":"ranked","hero":"Warlock","hero_deck":"Zoo","opponent":"Warlock","opponent_deck":null,"coin":false,"result":"loss","duration":590,"rank":17,"legend":null,"note":null,"added":"2019-01-12T13:57:11Z","card_history":[]},{"user_hash":"46B0FDE764B5F3948106719B8026CF2F","region":"Europe","id":121887665,"mode":"ranked","hero":"Warlock","hero_deck":"Zoo","opponent":"Hunter","opponent_deck":"Midrange","coin":false,"result":"loss","duration":650,"rank":17,"legend":null,"note":null,"added":"2019-01-12T13:46:46Z","card_history":[]},{"user_hash":"46B0FDE764B5F3948106719B8026CF2F","region":"Europe","id":121887336,"mode":"ranked","hero":"Warlock","hero_deck":"Zoo","opponent":"Warlock","opponent_deck":null,"coin":false,"result":"win","duration":352,"rank":18,"legend":null,"note":null,"added":"2019-01-12T13:34:41Z","card_history":[]},{"user_hash":"46B0FDE764B5F3948106719B8026CF2F","region":"Europe","id":121887172,"mode":"ranked","hero":"Warlock","hero_deck":"Zoo","opponent":"Druid","opponent_deck":null,"coin":true,"result":"win","duration":498,"rank":18,"legend":null,"note":null,"added":"2019-01-12T13:28:19Z","card_history":[]},{"user_hash":"46B0FDE764B5F3948106719B8026CF2F","region":"Europe","id":121886857,"mode":"ranked","hero":"Warlock","hero_deck":"Zoo","opponent":"Shaman","opponent_deck":"Control","coin":false,"result":"loss","duration":548,"rank":18,"legend":null,"note":null,"added":"2019-01-12T13:16:18Z","card_history":[]},{"user_hash":"46B0FDE764B5F3948106719B8026CF2F","region":"Europe","id":121886599,"mode":"ranked","hero":"Warlock","hero_deck":null,"opponent":"Mage","opponent_deck":null,"coin":false,"result":"win","duration":306,"rank":18,"legend":null,"note":null,"added":"2019-01-12T13:06:45Z","card_history":[]},{"user_hash":"46B0FDE764B5F3948106719B8026CF2F","region":"Europe","id":121886452,"mode":"ranked","hero":"Warlock","hero_deck":"Zoo","opponent":"Shaman","opponent_deck":"Control","coin":false,"result":"loss","duration":351,"rank":17,"legend":null,"note":null,"added":"2019-01-12T13:01:23Z","card_history":[]},{"user_hash":"46B0FDE764B5F3948106719B8026CF2F","region":"Europe","id":121886236,"mode":"ranked","hero":"Warlock","hero_deck":null,"opponent":"Hunter","opponent_deck":null,"coin":true,"result":"loss","duration":592,"rank":17,"legend":null,"note":null,"added":"2019-01-12T12:53:34Z","card_history":[]},{"user_hash":"46B0FDE764B5F3948106719B8026CF2F","region":"Europe","id":121885986,"mode":"ranked","hero":"Warlock","hero_deck":null,"opponent":"Druid","opponent_deck":"Jade","coin":true,"result":"loss","duration":447,"rank":17,"legend":null,"note":null,"added":"2019-01-12T12:43:24Z","card_history":[]},{"user_hash":"46B0FDE764B5F3948106719B8026CF2F","region":"Europe","id":121885755,"mode":"ranked","hero":"Warlock","hero_deck":null,"opponent":"Priest","opponent_deck":"Combo","coin":false,"result":"win","duration":684,"rank":17,"legend":null,"note":null,"added":"2019-01-12T12:34:46Z","card_history":[]},{"user_hash":"46B0FDE764B5F3948106719B8026CF2F","region":"Europe","id":121885461,"mode":"ranked","hero":"Warlock","hero_deck":null,"opponent":"Shaman","opponent_deck":"Midrange","coin":false,"result":"loss","duration":199,"rank":17,"legend":null,"note":null,"added":"2019-01-12T12:23:07Z","card_history":[]},{"user_hash":"46B0FDE764B5F3948106719B8026CF2F","region":"Europe","id":121885362,"mode":"ranked","hero":"Warlock","hero_deck":"Zoo","opponent":"Warlock","opponent_deck":null,"coin":true,"result":"loss","duration":1216,"rank":17,"legend":null,"note":null,"added":"2019-01-12T12:19:16Z","card_history":[]},{"user_hash":"994698F284025C5255BE77C4406D1198","region":"Europe","id":121903449,"mode":"ranked","hero":"Warlock","hero_deck":null,"opponent":"Warrior","opponent_deck":null,"coin":false,"result":"loss","duration":592,"rank":6,"legend":null,"note":null,"added":"2019-01-12T23:26:30Z","card_history":[]},{"user_hash":"994698F284025C5255BE77C4406D1198","region":"Europe","id":121872647,"mode":"ranked","hero":"Warlock","hero_deck":null,"opponent":"Priest","opponent_deck":"Dragon","coin":true,"result":"loss","duration":795,"rank":6,"legend":null,"note":null,"added":"2019-01-12T00:50:17Z","card_history":[]},{"user_hash":"994698F284025C5255BE77C4406D1198","region":"Europe","id":121871806,"mode":"ranked","hero":"Mage","hero_deck":null,"opponent":"Mage","opponent_deck":null,"coin":true,"result":"win","duration":128,"rank":null,"legend":null,"note":null,"added":"2019-01-12T00:08:04Z","card_history":[]},{"user_hash":"994698F284025C5255BE77C4406D1198","region":"Europe","id":121871744,"mode":"ranked","hero":"Mage","hero_deck":null,"opponent":"Rogue","opponent_deck":null,"coin":false,"result":"win","duration":448,"rank":7,"legend":null,"note":null,"added":"2019-01-12T00:05:14Z","card_history":[]},{"user_hash":"72EE35E628BB8E1ECBF34E29CBB823F6","region":"Europe","id":121872080,"mode":"ranked","hero":"Shaman","hero_deck":"Midrange","opponent":"Priest","opponent_deck":"Combo","coin":false,"result":"loss","duration":1059,"rank":20,"legend":null,"note":null,"added":"2019-01-12T00:23:43Z","card_history":[]},{"user_hash":"68209F28134438C0EF193066FE7B44A8","region":"Americas","id":121881320,"mode":"friendly","hero":"Warrior","hero_deck":"Taunt","opponent":"Rogue","opponent_deck":"Miracle","coin":true,"result":"win","duration":637,"rank":null,"legend":null,"note":null,"added":"2019-01-12T09:10:21Z","card_history":[]},{"user_hash":"68209F28134438C0EF193066FE7B44A8","region":"Americas","id":121881073,"mode":"friendly","hero":"Hunter","hero_deck":"Midrange","opponent":"Hunter","opponent_deck":null,"coin":false,"result":"win","duration":165,"rank":null,"legend":null,"note":null,"added":"2019-01-12T08:59:16Z","card_history":[]},{"user_hash":"5FED09A38E1809E4E1EFA10C03545BCD","region":"Americas","id":121875096,"mode":"ranked","hero":"Priest","hero_deck":"Dragon","opponent":"Mage","opponent_deck":null,"coin":false,"result":"win","duration":621,"rank":9,"legend":null,"note":null,"added":"2019-01-12T03:00:34Z","card_history":[]},{"user_hash":"5FED09A38E1809E4E1EFA10C03545BCD","region":"Americas","id":121874902,"mode":"ranked","hero":"Priest","hero_deck":"Dragon","opponent":"Hunter","opponent_deck":"Midrange","coin":false,"result":"loss","duration":654,"rank":9,"legend":null,"note":null,"added":"2019-01-12T02:49:57Z","card_history":[]},{"user_hash":"5FED09A38E1809E4E1EFA10C03545BCD","region":"Americas","id":121874669,"mode":"ranked","hero":"Priest","hero_deck":"Dragon","opponent":"Shaman","opponent_deck":null,"coin":true,"result":"win","duration":532,"rank":9,"legend":null,"note":null,"added":"2019-01-12T02:38:37Z","card_history":[]},{"user_hash":"5FED09A38E1809E4E1EFA10C03545BCD","region":"Americas","id":121874498,"mode":"ranked","hero":"Priest","hero_deck":"Dragon","opponent":"Hunter","opponent_deck":"Midrange","coin":false,"result":"loss","duration":497,"rank":9,"legend":null,"note":null,"added":"2019-01-12T02:29:35Z","card_history":[]},{"user_hash":"5FED09A38E1809E4E1EFA10C03545BCD","region":"Americas","id":121874327,"mode":"ranked","hero":"Hunter","hero_deck":"Midrange","opponent":"Paladin","opponent_deck":null,"coin":true,"result":"loss","duration":186,"rank":9,"legend":null,"note":null,"added":"2019-01-12T02:20:31Z","card_history":[]},{"user_hash":"5FED09A38E1809E4E1EFA10C03545BCD","region":"Americas","id":121874257,"mode":"ranked","hero":"Hunter","hero_deck":null,"opponent":"Paladin","opponent_deck":null,"coin":false,"result":"loss","duration":127,"rank":8,"legend":null,"note":null,"added":"2019-01-12T02:17:13Z","card_history":[]},{"user_hash":"5FED09A38E1809E4E1EFA10C03545BCD","region":"Americas","id":121874224,"mode":"ranked","hero":"Hunter","hero_deck":"Midrange","opponent":"Priest","opponent_deck":"Combo","coin":true,"result":"loss","duration":562,"rank":8,"legend":null,"note":null,"added":"2019-01-12T02:15:01Z","card_history":[]},{"user_hash":"5FED09A38E1809E4E1EFA10C03545BCD","region":"Americas","id":121873941,"mode":"ranked","hero":"Hunter","hero_deck":"Midrange","opponent":"Priest","opponent_deck":"Combo","coin":false,"result":"win","duration":348,"rank":9,"legend":null,"note":null,"added":"2019-01-12T01:59:14Z","card_history":[]},{"user_hash":"5FED09A38E1809E4E1EFA10C03545BCD","region":"Americas","id":121873838,"mode":"ranked","hero":"Hunter","hero_deck":"Midrange","opponent":"Paladin","opponent_deck":null,"coin":true,"result":"win","duration":648,"rank":9,"legend":null,"note":null,"added":"2019-01-12T01:53:02Z","card_history":[]},{"user_hash":"5FED09A38E1809E4E1EFA10C03545BCD","region":"Americas","id":121873633,"mode":"ranked","hero":"Priest","hero_deck":"Miracle","opponent":"Paladin","opponent_deck":null,"coin":true,"result":"win","duration":470,"rank":9,"legend":null,"note":null,"added":"2019-01-12T01:41:58Z","card_history":[]},{"user_hash":"5FED09A38E1809E4E1EFA10C03545BCD","region":"Americas","id":121873510,"mode":"ranked","hero":"Priest","hero_deck":"Miracle","opponent":"Rogue","opponent_deck":null,"coin":false,"result":"loss","duration":144,"rank":9,"legend":null,"note":null,"added":"2019-01-12T01:33:57Z","card_history":[]},{"user_hash":"5FED09A38E1809E4E1EFA10C03545BCD","region":"Americas","id":121873453,"mode":"ranked","hero":"Priest","hero_deck":"Miracle","opponent":"Priest","opponent_deck":"Dragon","coin":false,"result":"loss","duration":512,"rank":9,"legend":null,"note":null,"added":"2019-01-12T01:31:01Z","card_history":[]},{"user_hash":"1896A23AA498E73245FA74A3DE1C3D24","region":"Europe","id":121904187,"mode":"ranked","hero":"Shaman","hero_deck":null,"opponent":"Paladin","opponent_deck":null,"coin":false,"result":"loss","duration":89,"rank":15,"legend":null,"note":null,"added":"2019-01-12T23:59:35Z","card_history":[]},{"user_hash":"1896A23AA498E73245FA74A3DE1C3D24","region":"Europe","id":121904152,"mode":"ranked","hero":"Shaman","hero_deck":null,"opponent":"Hunter","opponent_deck":null,"coin":true,"result":"loss","duration":27,"rank":null,"legend":null,"note":null,"added":"2019-01-12T23:57:46Z","card_history":[]},{"user_hash":"1896A23AA498E73245FA74A3DE1C3D24","region":"Europe","id":121904135,"mode":"ranked","hero":"Shaman","hero_deck":null,"opponent":"Hunter","opponent_deck":null,"coin":true,"result":"loss","duration":126,"rank":15,"legend":null,"note":null,"added":"2019-01-12T23:57:04Z","card_history":[]},{"user_hash":"1896A23AA498E73245FA74A3DE1C3D24","region":"Europe","id":121904089,"mode":"ranked","hero":"Shaman","hero_deck":null,"opponent":"Warlock","opponent_deck":null,"coin":true,"result":"loss","duration":131,"rank":15,"legend":null,"note":null,"added":"2019-01-12T23:54:49Z","card_history":[]},{"user_hash":"1896A23AA498E73245FA74A3DE1C3D24","region":"Europe","id":121904034,"mode":"ranked","hero":"Shaman","hero_deck":null,"opponent":"Shaman","opponent_deck":null,"coin":false,"result":"loss","duration":39,"rank":null,"legend":null,"note":null,"added":"2019-01-12T23:52:18Z","card_history":[]},{"user_hash":"1896A23AA498E73245FA74A3DE1C3D24","region":"Europe","id":121904004,"mode":"ranked","hero":"Shaman","hero_deck":null,"opponent":"Shaman","opponent_deck":null,"coin":true,"result":"loss","duration":47,"rank":null,"legend":null,"note":null,"added":"2019-01-12T23:51:08Z","card_history":[]},{"user_hash":"1896A23AA498E73245FA74A3DE1C3D24","region":"Europe","id":121903980,"mode":"ranked","hero":"Shaman","hero_deck":"Control","opponent":"Priest","opponent_deck":"Combo","coin":false,"result":"loss","duration":237,"rank":15,"legend":null,"note":null,"added":"2019-01-12T23:49:58Z","card_history":[]},{"user_hash":"1896A23AA498E73245FA74A3DE1C3D24","region":"Europe","id":121903872,"mode":"ranked","hero":"Shaman","hero_deck":null,"opponent":"Rogue","opponent_deck":null,"coin":true,"result":"win","duration":409,"rank":15,"legend":null,"note":null,"added":"2019-01-12T23:45:29Z","card_history":[]},{"user_hash":"1896A23AA498E73245FA74A3DE1C3D24","region":"Europe","id":121903697,"mode":"ranked","hero":"Shaman","hero_deck":null,"opponent":"Rogue","opponent_deck":null,"coin":true,"result":"loss","duration":81,"rank":15,"legend":null,"note":null,"added":"2019-01-12T23:38:18Z","card_history":[]},{"user_hash":"1896A23AA498E73245FA74A3DE1C3D24","region":"Europe","id":121903660,"mode":"ranked","hero":"Shaman","hero_deck":"Midrange","opponent":"Warlock","opponent_deck":null,"coin":false,"result":"loss","duration":232,"rank":15,"legend":null,"note":null,"added":"2019-01-12T23:36:50Z","card_history":[]},{"user_hash":"1896A23AA498E73245FA74A3DE1C3D24","region":"Europe","id":121903365,"mode":"ranked","hero":"Shaman","hero_deck":"Control","opponent":"Shaman","opponent_deck":null,"coin":false,"result":"loss","duration":236,"rank":15,"legend":null,"note":null,"added":"2019-01-12T23:23:50Z","card_history":[]},{"user_hash":"1896A23AA498E73245FA74A3DE1C3D24","region":"Europe","id":121903260,"mode":"ranked","hero":"Shaman","hero_deck":null,"opponent":"Priest","opponent_deck":null,"coin":true,"result":"loss","duration":44,"rank":null,"legend":null,"note":null,"added":"2019-01-12T23:19:38Z","card_history":[]},{"user_hash":"1896A23AA498E73245FA74A3DE1C3D24","region":"Europe","id":121903236,"mode":"ranked","hero":"Shaman","hero_deck":null,"opponent":"Shaman","opponent_deck":null,"coin":false,"result":"loss","duration":51,"rank":null,"legend":null,"note":null,"added":"2019-01-12T23:18:48Z","card_history":[]},{"user_hash":"1896A23AA498E73245FA74A3DE1C3D24","region":"Europe","id":121903212,"mode":"ranked","hero":"Shaman","hero_deck":"Midrange","opponent":"Rogue","opponent_deck":null,"coin":true,"result":"loss","duration":324,"rank":15,"legend":null,"note":null,"added":"2019-01-12T23:17:39Z","card_history":[]},{"user_hash":"1896A23AA498E73245FA74A3DE1C3D24","region":"Europe","id":121903037,"mode":"ranked","hero":"Shaman","hero_deck":"Token","opponent":"Hunter","opponent_deck":"Midrange","coin":false,"result":"loss","duration":371,"rank":15,"legend":null,"note":null,"added":"2019-01-12T23:10:07Z","card_history":[]},{"user_hash":"1896A23AA498E73245FA74A3DE1C3D24","region":"Europe","id":121902844,"mode":"ranked","hero":"Shaman","hero_deck":null,"opponent":"Mage","opponent_deck":"Secret","coin":false,"result":"loss","duration":191,"rank":15,"legend":null,"note":null,"added":"2019-01-12T23:02:28Z","card_history":[]},{"user_hash":"1896A23AA498E73245FA74A3DE1C3D24","region":"Europe","id":121902729,"mode":"ranked","hero":"Shaman","hero_deck":null,"opponent":"Hunter","opponent_deck":"Midrange","coin":true,"result":"loss","duration":181,"rank":15,"legend":null,"note":null,"added":"2019-01-12T22:58:13Z","card_history":[]},{"user_hash":"1896A23AA498E73245FA74A3DE1C3D24","region":"Europe","id":121902658,"mode":"ranked","hero":"Shaman","hero_deck":null,"opponent":"Paladin","opponent_deck":null,"coin":true,"result":"loss","duration":69,"rank":15,"legend":null,"note":null,"added":"2019-01-12T22:55:02Z","card_history":[]},{"user_hash":"1896A23AA498E73245FA74A3DE1C3D24","region":"Europe","id":121902620,"mode":"ranked","hero":"Shaman","hero_deck":null,"opponent":"Warlock","opponent_deck":null,"coin":true,"result":"loss","duration":738,"rank":15,"legend":null,"note":null,"added":"2019-01-12T22:53:30Z","card_history":[]},{"user_hash":"1896A23AA498E73245FA74A3DE1C3D24","region":"Europe","id":121901972,"mode":"ranked","hero":"Shaman","hero_deck":null,"opponent":"Shaman","opponent_deck":null,"coin":true,"result":"loss","duration":29,"rank":null,"legend":null,"note":null,"added":"2019-01-12T22:26:18Z","card_history":[]},{"user_hash":"1896A23AA498E73245FA74A3DE1C3D24","region":"Europe","id":121901956,"mode":"ranked","hero":"Shaman","hero_deck":null,"opponent":"Hunter","opponent_deck":null,"coin":true,"result":"loss","duration":106,"rank":15,"legend":null,"note":null,"added":"2019-01-12T22:25:34Z","card_history":[]},{"user_hash":"1896A23AA498E73245FA74A3DE1C3D24","region":"Europe","id":121901905,"mode":"ranked","hero":"Shaman","hero_deck":null,"opponent":"Mage","opponent_deck":null,"coin":true,"result":"loss","duration":153,"rank":15,"legend":null,"note":null,"added":"2019-01-12T22:23:42Z","card_history":[]},{"user_hash":"1896A23AA498E73245FA74A3DE1C3D24","region":"Europe","id":121901837,"mode":"ranked","hero":"Shaman","hero_deck":"Token","opponent":"Warlock","opponent_deck":"Zoo","coin":true,"result":"win","duration":386,"rank":15,"legend":null,"note":null,"added":"2019-01-12T22:20:59Z","card_history":[]},{"user_hash":"1896A23AA498E73245FA74A3DE1C3D24","region":"Europe","id":121901654,"mode":"ranked","hero":"Shaman","hero_deck":null,"opponent":"Paladin","opponent_deck":"Midrange","coin":false,"result":"loss","duration":454,"rank":15,"legend":null,"note":null,"added":"2019-01-12T22:13:03Z","card_history":[]},{"user_hash":"1896A23AA498E73245FA74A3DE1C3D24","region":"Europe","id":121901424,"mode":"ranked","hero":"Shaman","hero_deck":null,"opponent":"Hunter","opponent_deck":null,"coin":true,"result":"loss","duration":274,"rank":15,"legend":null,"note":null,"added":"2019-01-12T22:04:02Z","card_history":[]},{"user_hash":"1896A23AA498E73245FA74A3DE1C3D24","region":"Europe","id":121901278,"mode":"ranked","hero":"Shaman","hero_deck":"Token","opponent":"Priest","opponent_deck":null,"coin":false,"result":"win","duration":239,"rank":15,"legend":null,"note":null,"added":"2019-01-12T21:59:06Z","card_history":[]},{"user_hash":"1896A23AA498E73245FA74A3DE1C3D24","region":"Europe","id":121901156,"mode":"ranked","hero":"Shaman","hero_deck":"Token","opponent":"Priest","opponent_deck":null,"coin":true,"result":"loss","duration":383,"rank":15,"legend":null,"note":null,"added":"2019-01-12T21:54:33Z","card_history":[]},{"user_hash":"1896A23AA498E73245FA74A3DE1C3D24","region":"Europe","id":121900977,"mode":"ranked","hero":"Shaman","hero_deck":null,"opponent":"Shaman","opponent_deck":null,"coin":false,"result":"loss","duration":224,"rank":15,"legend":null,"note":null,"added":"2019-01-12T21:47:55Z","card_history":[]},{"user_hash":"1896A23AA498E73245FA74A3DE1C3D24","region":"Europe","id":121900868,"mode":"ranked","hero":"Shaman","hero_deck":null,"opponent":"Priest","opponent_deck":null,"coin":true,"result":"win","duration":388,"rank":15,"legend":null,"note":null,"added":"2019-01-12T21:43:56Z","card_history":[]},{"user_hash":"1896A23AA498E73245FA74A3DE1C3D24","region":"Europe","id":121900623,"mode":"ranked","hero":"Shaman","hero_deck":null,"opponent":"Hunter","opponent_deck":null,"coin":false,"result":"loss","duration":116,"rank":15,"legend":null,"note":null,"added":"2019-01-12T21:36:05Z","card_history":[]},{"user_hash":"1896A23AA498E73245FA74A3DE1C3D24","region":"Europe","id":121900560,"mode":"ranked","hero":"Shaman","hero_deck":"Token","opponent":"Warlock","opponent_deck":null,"coin":true,"result":"loss","duration":547,"rank":15,"legend":null,"note":null,"added":"2019-01-12T21:33:36Z","card_history":[]},{"user_hash":"1896A23AA498E73245FA74A3DE1C3D24","region":"Europe","id":121900292,"mode":"ranked","hero":"Shaman","hero_deck":"Token","opponent":"Hunter","opponent_deck":"Midrange","coin":false,"result":"win","duration":314,"rank":15,"legend":null,"note":null,"added":"2019-01-12T21:24:06Z","card_history":[]},{"user_hash":"1896A23AA498E73245FA74A3DE1C3D24","region":"Europe","id":121900153,"mode":"ranked","hero":"Shaman","hero_deck":"Control","opponent":"Hunter","opponent_deck":"Midrange","coin":false,"result":"loss","duration":423,"rank":14,"legend":null,"note":null,"added":"2019-01-12T21:18:36Z","card_history":[]},{"user_hash":"1896A23AA498E73245FA74A3DE1C3D24","region":"Europe","id":121899929,"mode":"ranked","hero":"Shaman","hero_deck":"Token","opponent":"Hunter","opponent_deck":null,"coin":true,"result":"loss","duration":230,"rank":14,"legend":null,"note":null,"added":"2019-01-12T21:10:09Z","card_history":[]},{"user_hash":"1896A23AA498E73245FA74A3DE1C3D24","region":"Europe","id":121899811,"mode":"ranked","hero":"Shaman","hero_deck":null,"opponent":"Shaman","opponent_deck":"Midrange","coin":true,"result":"loss","duration":285,"rank":14,"legend":null,"note":null,"added":"2019-01-12T21:06:00Z","card_history":[]},{"user_hash":"1896A23AA498E73245FA74A3DE1C3D24","region":"Europe","id":121899697,"mode":"ranked","hero":"Shaman","hero_deck":null,"opponent":"Shaman","opponent_deck":"Midrange","coin":false,"result":"win","duration":192,"rank":14,"legend":null,"note":null,"added":"2019-01-12T21:01:07Z","card_history":[]},{"user_hash":"1896A23AA498E73245FA74A3DE1C3D24","region":"Europe","id":121899051,"mode":"ranked","hero":"Shaman","hero_deck":"Token","opponent":"Warlock","opponent_deck":"Zoo","coin":false,"result":"win","duration":340,"rank":14,"legend":null,"note":null,"added":"2019-01-12T20:35:41Z","card_history":[]},{"user_hash":"1896A23AA498E73245FA74A3DE1C3D24","region":"Europe","id":121898898,"mode":"ranked","hero":"Shaman","hero_deck":null,"opponent":"Hunter","opponent_deck":null,"coin":true,"result":"loss","duration":141,"rank":14,"legend":null,"note":null,"added":"2019-01-12T20:29:53Z","card_history":[]},{"user_hash":"1896A23AA498E73245FA74A3DE1C3D24","region":"Europe","id":121898824,"mode":"ranked","hero":"Shaman","hero_deck":null,"opponent":"Hunter","opponent_deck":null,"coin":true,"result":"win","duration":533,"rank":14,"legend":null,"note":null,"added":"2019-01-12T20:27:08Z","card_history":[]},{"user_hash":"1896A23AA498E73245FA74A3DE1C3D24","region":"Europe","id":121897830,"mode":"ranked","hero":"Shaman","hero_deck":"Control","opponent":"Warlock","opponent_deck":null,"coin":true,"result":"loss","duration":393,"rank":14,"legend":null,"note":null,"added":"2019-01-12T19:48:17Z","card_history":[]},{"user_hash":"1896A23AA498E73245FA74A3DE1C3D24","region":"Europe","id":121897655,"mode":"ranked","hero":"Shaman","hero_deck":null,"opponent":"Mage","opponent_deck":null,"coin":false,"result":"loss","duration":602,"rank":14,"legend":null,"note":null,"added":"2019-01-12T19:41:18Z","card_history":[]},{"user_hash":"1896A23AA498E73245FA74A3DE1C3D24","region":"Europe","id":121897407,"mode":"ranked","hero":"Shaman","hero_deck":"Control","opponent":"Warrior","opponent_deck":null,"coin":true,"result":"win","duration":694,"rank":14,"legend":null,"note":null,"added":"2019-01-12T19:31:00Z","card_history":[]},{"user_hash":"1896A23AA498E73245FA74A3DE1C3D24","region":"Europe","id":121897093,"mode":"ranked","hero":"Shaman","hero_deck":null,"opponent":"Hunter","opponent_deck":"Midrange","coin":true,"result":"win","duration":1619,"rank":14,"legend":null,"note":null,"added":"2019-01-12T19:19:13Z","card_history":[]},{"user_hash":"1896A23AA498E73245FA74A3DE1C3D24","region":"Europe","id":121896405,"mode":"ranked","hero":"Shaman","hero_deck":"Control","opponent":"Priest","opponent_deck":null,"coin":false,"result":"loss","duration":553,"rank":14,"legend":null,"note":null,"added":"2019-01-12T18:52:03Z","card_history":[]},{"user_hash":"1896A23AA498E73245FA74A3DE1C3D24","region":"Europe","id":121896139,"mode":"ranked","hero":"Shaman","hero_deck":"Midrange","opponent":"Warrior","opponent_deck":"Pirate","coin":true,"result":"win","duration":376,"rank":14,"legend":null,"note":null,"added":"2019-01-12T18:42:15Z","card_history":[]},{"user_hash":"1896A23AA498E73245FA74A3DE1C3D24","region":"Europe","id":121895957,"mode":"ranked","hero":"Shaman","hero_deck":null,"opponent":"Paladin","opponent_deck":null,"coin":false,"result":"loss","duration":252,"rank":14,"legend":null,"note":null,"added":"2019-01-12T18:35:39Z","card_history":[]},{"user_hash":"1896A23AA498E73245FA74A3DE1C3D24","region":"Europe","id":121895828,"mode":"ranked","hero":"Shaman","hero_deck":null,"opponent":"Druid","opponent_deck":"Jade","coin":false,"result":"win","duration":365,"rank":15,"legend":null,"note":null,"added":"2019-01-12T18:30:58Z","card_history":[]},{"user_hash":"1896A23AA498E73245FA74A3DE1C3D24","region":"Europe","id":121895653,"mode":"ranked","hero":"Shaman","hero_deck":null,"opponent":"Shaman","opponent_deck":null,"coin":true,"result":"win","duration":305,"rank":15,"legend":null,"note":null,"added":"2019-01-12T18:24:41Z","card_history":[]},{"user_hash":"1896A23AA498E73245FA74A3DE1C3D24","region":"Europe","id":121895499,"mode":"ranked","hero":"Shaman","hero_deck":"Token","opponent":"Hunter","opponent_deck":"Face","coin":true,"result":"loss","duration":428,"rank":15,"legend":null,"note":null,"added":"2019-01-12T18:19:24Z","card_history":[]},{"user_hash":"1896A23AA498E73245FA74A3DE1C3D24","region":"Europe","id":121895293,"mode":"ranked","hero":"Shaman","hero_deck":"Token","opponent":"Hunter","opponent_deck":null,"coin":false,"result":"win","duration":657,"rank":15,"legend":null,"note":null,"added":"2019-01-12T18:11:54Z","card_history":[]},{"user_hash":"1896A23AA498E73245FA74A3DE1C3D24","region":"Europe","id":121894973,"mode":"ranked","hero":"Shaman","hero_deck":"Control","opponent":"Mage","opponent_deck":null,"coin":false,"result":"win","duration":667,"rank":15,"legend":null,"note":null,"added":"2019-01-12T18:00:36Z","card_history":[]},{"user_hash":"1896A23AA498E73245FA74A3DE1C3D24","region":"Europe","id":121894633,"mode":"ranked","hero":"Shaman","hero_deck":"Control","opponent":"Priest","opponent_deck":"Dragon","coin":false,"result":"loss","duration":632,"rank":15,"legend":null,"note":null,"added":"2019-01-12T17:48:30Z","card_history":[]},{"user_hash":"1896A23AA498E73245FA74A3DE1C3D24","region":"Europe","id":121894311,"mode":"ranked","hero":"Shaman","hero_deck":null,"opponent":"Shaman","opponent_deck":"Control","coin":true,"result":"win","duration":491,"rank":15,"legend":null,"note":null,"added":"2019-01-12T17:37:27Z","card_history":[]},{"user_hash":"1896A23AA498E73245FA74A3DE1C3D24","region":"Europe","id":121894050,"mode":"ranked","hero":"Shaman","hero_deck":null,"opponent":"Priest","opponent_deck":null,"coin":false,"result":"win","duration":218,"rank":15,"legend":null,"note":null,"added":"2019-01-12T17:28:45Z","card_history":[]},{"user_hash":"1896A23AA498E73245FA74A3DE1C3D24","region":"Europe","id":121893941,"mode":"ranked","hero":"Shaman","hero_deck":"Token","opponent":"Paladin","opponent_deck":"Midrange","coin":false,"result":"win","duration":392,"rank":15,"legend":null,"note":null,"added":"2019-01-12T17:24:46Z","card_history":[]},{"user_hash":"1896A23AA498E73245FA74A3DE1C3D24","region":"Europe","id":121893678,"mode":"ranked","hero":"Shaman","hero_deck":"Control","opponent":"Shaman","opponent_deck":"Control","coin":true,"result":"loss","duration":606,"rank":15,"legend":null,"note":null,"added":"2019-01-12T17:15:25Z","card_history":[]},{"user_hash":"1896A23AA498E73245FA74A3DE1C3D24","region":"Europe","id":121893387,"mode":"ranked","hero":"Shaman","hero_deck":null,"opponent":"Paladin","opponent_deck":null,"coin":false,"result":"loss","duration":274,"rank":15,"legend":null,"note":null,"added":"2019-01-12T17:05:05Z","card_history":[]},{"user_hash":"1896A23AA498E73245FA74A3DE1C3D24","region":"Europe","id":121892230,"mode":"ranked","hero":"Paladin","hero_deck":"Midrange","opponent":"Priest","opponent_deck":null,"coin":false,"result":"loss","duration":488,"rank":15,"legend":null,"note":null,"added":"2019-01-12T16:27:44Z","card_history":[]},{"user_hash":"1896A23AA498E73245FA74A3DE1C3D24","region":"Europe","id":121891977,"mode":"ranked","hero":"Paladin","hero_deck":"Midrange","opponent":"Shaman","opponent_deck":null,"coin":true,"result":"win","duration":744,"rank":15,"legend":null,"note":null,"added":"2019-01-12T16:19:27Z","card_history":[]},{"user_hash":"1896A23AA498E73245FA74A3DE1C3D24","region":"Europe","id":121891581,"mode":"ranked","hero":"Paladin","hero_deck":"Midrange","opponent":"Paladin","opponent_deck":null,"coin":false,"result":"win","duration":451,"rank":15,"legend":null,"note":null,"added":"2019-01-12T16:06:54Z","card_history":[]},{"user_hash":"1896A23AA498E73245FA74A3DE1C3D24","region":"Europe","id":121891345,"mode":"ranked","hero":"Paladin","hero_deck":"Midrange","opponent":"Hunter","opponent_deck":"Midrange","coin":false,"result":"loss","duration":428,"rank":15,"legend":null,"note":null,"added":"2019-01-12T15:59:06Z","card_history":[]},{"user_hash":"1896A23AA498E73245FA74A3DE1C3D24","region":"Europe","id":121891141,"mode":"ranked","hero":"Paladin","hero_deck":"Midrange","opponent":"Shaman","opponent_deck":"Control","coin":true,"result":"win","duration":254,"rank":15,"legend":null,"note":null,"added":"2019-01-12T15:51:34Z","card_history":[]},{"user_hash":"1896A23AA498E73245FA74A3DE1C3D24","region":"Europe","id":121891003,"mode":"ranked","hero":"Paladin","hero_deck":"Midrange","opponent":"Paladin","opponent_deck":null,"coin":false,"result":"loss","duration":229,"rank":15,"legend":null,"note":null,"added":"2019-01-12T15:46:59Z","card_history":[]},{"user_hash":"1896A23AA498E73245FA74A3DE1C3D24","region":"Europe","id":121890902,"mode":"ranked","hero":"Paladin","hero_deck":null,"opponent":"Shaman","opponent_deck":"Token","coin":false,"result":"loss","duration":316,"rank":15,"legend":null,"note":null,"added":"2019-01-12T15:43:02Z","card_history":[]},{"user_hash":"1896A23AA498E73245FA74A3DE1C3D24","region":"Europe","id":121890638,"mode":"arena","hero":"Paladin","hero_deck":null,"opponent":"Druid","opponent_deck":null,"coin":false,"result":"loss","duration":548,"rank":null,"legend":null,"note":null,"added":"2019-01-12T15:32:30Z","card_history":[]},{"user_hash":"1896A23AA498E73245FA74A3DE1C3D24","region":"Europe","id":121889741,"mode":"arena","hero":"Paladin","hero_deck":null,"opponent":"Shaman","opponent_deck":null,"coin":true,"result":"win","duration":708,"rank":null,"legend":null,"note":null,"added":"2019-01-12T15:00:09Z","card_history":[]},{"user_hash":"1896A23AA498E73245FA74A3DE1C3D24","region":"Europe","id":121889396,"mode":"arena","hero":"Paladin","hero_deck":null,"opponent":"Paladin","opponent_deck":null,"coin":false,"result":"win","duration":598,"rank":null,"legend":null,"note":null,"added":"2019-01-12T14:47:54Z","card_history":[]},{"user_hash":"1896A23AA498E73245FA74A3DE1C3D24","region":"Europe","id":121889075,"mode":"arena","hero":"Paladin","hero_deck":null,"opponent":"Warrior","opponent_deck":null,"coin":true,"result":"loss","duration":553,"rank":null,"legend":null,"note":null,"added":"2019-01-12T14:37:33Z","card_history":[]},{"user_hash":"1896A23AA498E73245FA74A3DE1C3D24","region":"Europe","id":121888800,"mode":"arena","hero":"Paladin","hero_deck":null,"opponent":"Shaman","opponent_deck":null,"coin":false,"result":"win","duration":917,"rank":null,"legend":null,"note":null,"added":"2019-01-12T14:27:52Z","card_history":[]},{"user_hash":"1896A23AA498E73245FA74A3DE1C3D24","region":"Europe","id":121888211,"mode":"arena","hero":"Paladin","hero_deck":null,"opponent":"Mage","opponent_deck":null,"coin":true,"result":"win","duration":360,"rank":null,"legend":null,"note":null,"added":"2019-01-12T14:08:15Z","card_history":[]},{"user_hash":"1896A23AA498E73245FA74A3DE1C3D24","region":"Europe","id":121888057,"mode":"arena","hero":"Paladin","hero_deck":null,"opponent":"Shaman","opponent_deck":null,"coin":true,"result":"win","duration":526,"rank":null,"legend":null,"note":null,"added":"2019-01-12T14:01:53Z","card_history":[]},{"user_hash":"1896A23AA498E73245FA74A3DE1C3D24","region":"Europe","id":121887808,"mode":"arena","hero":"Paladin","hero_deck":null,"opponent":"Shaman","opponent_deck":null,"coin":true,"result":"win","duration":519,"rank":null,"legend":null,"note":null,"added":"2019-01-12T13:52:35Z","card_history":[]},{"user_hash":"1896A23AA498E73245FA74A3DE1C3D24","region":"Europe","id":121887543,"mode":"arena","hero":"Paladin","hero_deck":null,"opponent":"Hunter","opponent_deck":null,"coin":false,"result":"win","duration":497,"rank":null,"legend":null,"note":null,"added":"2019-01-12T13:43:29Z","card_history":[]},{"user_hash":"1896A23AA498E73245FA74A3DE1C3D24","region":"Europe","id":121887313,"mode":"arena","hero":"Paladin","hero_deck":null,"opponent":"Mage","opponent_deck":null,"coin":true,"result":"loss","duration":658,"rank":null,"legend":null,"note":null,"added":"2019-01-12T13:34:48Z","card_history":[]},{"user_hash":"1896A23AA498E73245FA74A3DE1C3D24","region":"Europe","id":121887028,"mode":"arena","hero":"Paladin","hero_deck":null,"opponent":"Hunter","opponent_deck":null,"coin":false,"result":"win","duration":583,"rank":null,"legend":null,"note":null,"added":"2019-01-12T13:23:30Z","card_history":[]},{"user_hash":"1896A23AA498E73245FA74A3DE1C3D24","region":"Europe","id":121886528,"mode":"ranked","hero":"Paladin","hero_deck":"Midrange","opponent":"Rogue","opponent_deck":null,"coin":true,"result":"loss","duration":561,"rank":15,"legend":null,"note":null,"added":"2019-01-12T13:04:55Z","card_history":[]},{"user_hash":"1896A23AA498E73245FA74A3DE1C3D24","region":"Europe","id":121886267,"mode":"ranked","hero":"Paladin","hero_deck":null,"opponent":"Mage","opponent_deck":null,"coin":true,"result":"loss","duration":292,"rank":15,"legend":null,"note":null,"added":"2019-01-12T12:55:18Z","card_history":[]},{"user_hash":"1896A23AA498E73245FA74A3DE1C3D24","region":"Europe","id":121886144,"mode":"ranked","hero":"Paladin","hero_deck":"Midrange","opponent":"Druid","opponent_deck":"Jade","coin":false,"result":"win","duration":486,"rank":15,"legend":null,"note":null,"added":"2019-01-12T12:50:13Z","card_history":[]},{"user_hash":"1896A23AA498E73245FA74A3DE1C3D24","region":"Europe","id":121885821,"mode":"ranked","hero":"Paladin","hero_deck":"Midrange","opponent":"Priest","opponent_deck":"Dragon","coin":true,"result":"win","duration":452,"rank":15,"legend":null,"note":null,"added":"2019-01-12T12:38:01Z","card_history":[]},{"user_hash":"1896A23AA498E73245FA74A3DE1C3D24","region":"Europe","id":121885618,"mode":"ranked","hero":"Paladin","hero_deck":"Midrange","opponent":"Warrior","opponent_deck":"Pirate","coin":true,"result":"win","duration":444,"rank":null,"legend":null,"note":null,"added":"2019-01-12T12:30:07Z","card_history":[]},{"user_hash":"1896A23AA498E73245FA74A3DE1C3D24","region":"Europe","id":121885426,"mode":"ranked","hero":"Paladin","hero_deck":"Midrange","opponent":"Rogue","opponent_deck":null,"coin":false,"result":"win","duration":692,"rank":null,"legend":null,"note":null,"added":"2019-01-12T12:22:28Z","card_history":[]},{"user_hash":"1896A23AA498E73245FA74A3DE1C3D24","region":"Europe","id":121885162,"mode":"ranked","hero":"Paladin","hero_deck":"Midrange","opponent":"Hunter","opponent_deck":"Midrange","coin":false,"result":"win","duration":452,"rank":17,"legend":null,"note":null,"added":"2019-01-12T12:10:31Z","card_history":[]},{"user_hash":"1896A23AA498E73245FA74A3DE1C3D24","region":"Europe","id":121884992,"mode":"ranked","hero":"Paladin","hero_deck":"Midrange","opponent":"Mage","opponent_deck":null,"coin":true,"result":"win","duration":464,"rank":17,"legend":null,"note":null,"added":"2019-01-12T12:02:42Z","card_history":[]},{"user_hash":"1896A23AA498E73245FA74A3DE1C3D24","region":"Europe","id":121884802,"mode":"ranked","hero":"Paladin","hero_deck":null,"opponent":"Shaman","opponent_deck":null,"coin":true,"result":"win","duration":88,"rank":17,"legend":null,"note":null,"added":"2019-01-12T11:54:35Z","card_history":[]},{"user_hash":"1896A23AA498E73245FA74A3DE1C3D24","region":"Europe","id":121884768,"mode":"ranked","hero":"Paladin","hero_deck":"Midrange","opponent":"Warrior","opponent_deck":null,"coin":false,"result":"win","duration":403,"rank":18,"legend":null,"note":null,"added":"2019-01-12T11:52:52Z","card_history":[]},{"user_hash":"1896A23AA498E73245FA74A3DE1C3D24","region":"Europe","id":121884609,"mode":"ranked","hero":"Paladin","hero_deck":"Midrange","opponent":"Rogue","opponent_deck":null,"coin":true,"result":"win","duration":433,"rank":18,"legend":null,"note":null,"added":"2019-01-12T11:45:45Z","card_history":[]},{"user_hash":"1896A23AA498E73245FA74A3DE1C3D24","region":"Europe","id":121884440,"mode":"ranked","hero":"Paladin","hero_deck":"Midrange","opponent":"Hunter","opponent_deck":null,"coin":true,"result":"win","duration":235,"rank":18,"legend":null,"note":null,"added":"2019-01-12T11:38:11Z","card_history":[]},{"user_hash":"9C19210E2DFF9528B8D6A94B9A39A9A5","region":"Americas","id":121898546,"mode":"ranked","hero":"Priest","hero_deck":"Combo","opponent":"Paladin","opponent_deck":null,"coin":true,"result":"win","duration":786,"rank":null,"legend":null,"note":null,"added":"2019-01-12T20:15:20Z","card_history":[]},{"user_hash":"9C19210E2DFF9528B8D6A94B9A39A9A5","region":"Americas","id":121898116,"mode":"ranked","hero":"Priest","hero_deck":"Combo","opponent":"Shaman","opponent_deck":"Midrange","coin":true,"result":"win","duration":570,"rank":null,"legend":null,"note":null,"added":"2019-01-12T19:58:16Z","card_history":[]},{"user_hash":"9C19210E2DFF9528B8D6A94B9A39A9A5","region":"Americas","id":121897864,"mode":"ranked","hero":"Priest","hero_deck":"Combo","opponent":"Paladin","opponent_deck":null,"coin":true,"result":"loss","duration":848,"rank":null,"legend":null,"note":null,"added":"2019-01-12T19:48:36Z","card_history":[]},{"user_hash":"9C19210E2DFF9528B8D6A94B9A39A9A5","region":"Americas","id":121897383,"mode":"ranked","hero":"Priest","hero_deck":"Combo","opponent":"Mage","opponent_deck":null,"coin":false,"result":"win","duration":914,"rank":null,"legend":null,"note":null,"added":"2019-01-12T19:29:01Z","card_history":[]},{"user_hash":"9C19210E2DFF9528B8D6A94B9A39A9A5","region":"Americas","id":121896972,"mode":"ranked","hero":"Priest","hero_deck":"Combo","opponent":"Rogue","opponent_deck":null,"coin":false,"result":"loss","duration":353,"rank":null,"legend":null,"note":null,"added":"2019-01-12T19:13:33Z","card_history":[]},{"user_hash":"9C19210E2DFF9528B8D6A94B9A39A9A5","region":"Americas","id":121896826,"mode":"ranked","hero":"Priest","hero_deck":"Combo","opponent":"Paladin","opponent_deck":null,"coin":true,"result":"loss","duration":490,"rank":null,"legend":null,"note":null,"added":"2019-01-12T19:07:23Z","card_history":[]},{"user_hash":"9C19210E2DFF9528B8D6A94B9A39A9A5","region":"Americas","id":121896376,"mode":"ranked","hero":"Priest","hero_deck":"Combo","opponent":"Rogue","opponent_deck":null,"coin":false,"result":"win","duration":428,"rank":null,"legend":null,"note":null,"added":"2019-01-12T18:49:56Z","card_history":[]},{"user_hash":"9C19210E2DFF9528B8D6A94B9A39A9A5","region":"Americas","id":121896176,"mode":"ranked","hero":"Paladin","hero_deck":null,"opponent":"Druid","opponent_deck":null,"coin":false,"result":"loss","duration":953,"rank":4,"legend":null,"note":null,"added":"2019-01-12T18:42:34Z","card_history":[]},{"user_hash":"9C19210E2DFF9528B8D6A94B9A39A9A5","region":"Americas","id":121889951,"mode":"ranked","hero":"Paladin","hero_deck":null,"opponent":"Priest","opponent_deck":"Dragon","coin":false,"result":"win","duration":579,"rank":5,"legend":null,"note":null,"added":"2019-01-12T15:06:57Z","card_history":[]},{"user_hash":"9C19210E2DFF9528B8D6A94B9A39A9A5","region":"Americas","id":121873127,"mode":"casual","hero":"Hunter","hero_deck":"Midrange","opponent":"Hunter","opponent_deck":"Midrange","coin":false,"result":"win","duration":331,"rank":null,"legend":null,"note":null,"added":"2019-01-12T01:13:31Z","card_history":[]},{"user_hash":"9C19210E2DFF9528B8D6A94B9A39A9A5","region":"Americas","id":121873005,"mode":"casual","hero":"Hunter","hero_deck":"Midrange","opponent":"Mage","opponent_deck":"Secret","coin":true,"result":"loss","duration":443,"rank":null,"legend":null,"note":null,"added":"2019-01-12T01:07:43Z","card_history":[]},{"user_hash":"9C19210E2DFF9528B8D6A94B9A39A9A5","region":"Americas","id":121872845,"mode":"casual","hero":"Hunter","hero_deck":"Midrange","opponent":"Mage","opponent_deck":"Secret","coin":false,"result":"win","duration":384,"rank":null,"legend":null,"note":null,"added":"2019-01-12T00:59:44Z","card_history":[]},{"user_hash":"9C19210E2DFF9528B8D6A94B9A39A9A5","region":"Americas","id":121872702,"mode":"casual","hero":"Hunter","hero_deck":"Midrange","opponent":"Rogue","opponent_deck":null,"coin":true,"result":"loss","duration":406,"rank":null,"legend":null,"note":null,"added":"2019-01-12T00:53:02Z","card_history":[]},{"user_hash":"9C19210E2DFF9528B8D6A94B9A39A9A5","region":"Americas","id":121872546,"mode":"casual","hero":"Hunter","hero_deck":"Midrange","opponent":"Priest","opponent_deck":"Combo","coin":true,"result":"loss","duration":373,"rank":null,"legend":null,"note":null,"added":"2019-01-12T00:45:48Z","card_history":[]}]}