{"range_start":"2019-01-15T00:00:00Z","range_end":"2019-01-16T00:00:00Z","unique_users":16,"total_games":187,"games":[{"user_hash":"613D0C19DD5157C604AD55924E4B802A","region":"Americas","id":121996797,"mode":"ranked","hero":"Druid","hero_deck":null,"opponent":"Paladin","opponent_deck":null,"coin":false,"result":"win","duration":713,"rank":4,"legend":null,"note":null,"added":"2019-01-15T21:15:32Z","card_history":[]},{"user_hash":"613D0C19DD5157C604AD55924E4B802A","region":"Americas","id":121996415,"mode":"ranked","hero":"Druid","hero_deck":null,"opponent":"Priest","opponent_deck":null,"coin":true,"result":"win","duration":930,"rank":4,"legend":null,"note":null,"added":"2019-01-15T21:02:00Z","card_history":[]},{"user_hash":"613D0C19DD5157C604AD55924E4B802A","region":"Americas","id":121995979,"mode":"ranked","hero":"Druid","hero_deck":null,"opponent":"Hunter","opponent_deck":"Midrange","coin":true,"result":"loss","duration":430,"rank":4,"legend":null,"note":null,"added":"2019-01-15T20:46:06Z","card_history":[]},{"user_hash":"613D0C19DD5157C604AD55924E4B802A","region":"Americas","id":121972042,"mode":"ranked","hero":"Druid","hero_deck":null,"opponent":"Hunter","opponent_deck":"Midrange","coin":false,"result":"win","duration":854,"rank":4,"legend":null,"note":null,"added":"2019-01-15T03:15:44Z","card_history":[]},{"user_hash":"613D0C19DD5157C604AD55924E4B802A","region":"Americas","id":121971790,"mode":"ranked","hero":"Druid","hero_deck":null,"opponent":"Paladin","opponent_deck":null,"coin":true,"result":"win","duration":593,"rank":4,"legend":null,"note":null,"added":"2019-01-15T02:59:18Z","card_history":[]},{"user_hash":"613D0C19DD5157C604AD55924E4B802A","region":"Americas","id":121971630,"mode":"ranked","hero":"Druid","hero_deck":null,"opponent":"Warrior","opponent_deck":null,"coin":false,"result":"win","duration":907,"rank":4,"legend":null,"note":null,"added":"2019-01-15T02:49:19Z","card_history":[]},{"user_hash":"613D0C19DD5157C604AD55924E4B802A","region":"Americas","id":121971371,"mode":"ranked","hero":"Druid","hero_deck":null,"opponent":"Mage","opponent_deck":null,"coin":true,"result":"win","duration":757,"rank":4,"legend":null,"note":null,"added":"2019-01-15T02:33:56Z","card_history":[]},{"user_hash":"613D0C19DD5157C604AD55924E4B802A","region":"Americas","id":121969474,"mode":"ranked","hero":"Druid","hero_deck":null,"opponent":"Paladin","opponent_deck":null,"coin":false,"result":"loss","duration":661,"rank":4,"legend":null,"note":null,"added":"2019-01-15T00:54:30Z","card_history":[]},{"user_hash":"613D0C19DD5157C604AD55924E4B802A","region":"Americas","id":121969220,"mode":"ranked","hero":"Druid","hero_deck":null,"opponent":"Rogue","opponent_deck":null,"coin":false,"result":"loss","duration":1075,"rank":4,"legend":null,"note":null,"added":"2019-01-15T00:41:55Z","card_history":[]},{"user_hash":"27B559DDB030E30F5548BC78CE3ACC6F","region":"Americas","id":121999151,"mode":"ranked","hero":"Rogue","hero_deck":null,"opponent":"Hunter","opponent_deck":"Midrange","coin":false,"result":"loss","duration":null,"rank":7,"legend":null,"note":null,"added":"2019-01-15T22:44:31Z","card_history":[]},{"user_hash":"27B559DDB030E30F5548BC78CE3ACC6F","region":"Americas","id":121998893,"mode":"ranked","hero":"Hunter","hero_deck":"Midrange","opponent":"Hunter","opponent_deck":"Midrange","coin":true,"result":"loss","duration":null,"rank":7,"legend":null,"note":null,"added":"2019-01-15T22:32:51Z","card_history":[]},{"user_hash":"27B559DDB030E30F5548BC78CE3ACC6F","region":"Americas","id":121989024,"mode":"ranked","hero":"Paladin","hero_deck":null,"opponent":"Rogue","opponent_deck":null,"coin":false,"result":"win","duration":null,"rank":7,"legend":null,"note":null,"added":"2019-01-15T16:38:51Z","card_history":[]},{"user_hash":"27B559DDB030E30F5548BC78CE3ACC6F","region":"Americas","id":121988727,"mode":"ranked","hero":"Hunter","hero_deck":"Midrange","opponent":"Hunter","opponent_deck":null,"coin":false,"result":"loss","duration":null,"rank":7,"legend":null,"note":null,"added":"2019-01-15T16:29:55Z","card_history":[]},{"user_hash":"58C888572FE027C1FAC56783A58A7649","region":"Americas","id":121992812,"mode":"ranked","hero":"Hunter","hero_deck":null,"opponent":"Hunter","opponent_deck":null,"coin":true,"result":"win","duration":879,"rank":null,"legend":null,"note":null,"added":"2019-01-15T18:49:43Z","card_history":[]},{"user_hash":"58C888572FE027C1FAC56783A58A7649","region":"Americas","id":121992393,"mode":"ranked","hero":"Hunter","hero_deck":"Midrange","opponent":"Hunter","opponent_deck":null,"coin":false,"result":"loss","duration":392,"rank":null,"legend":null,"note":null,"added":"2019-01-15T18:34:49Z","card_history":[]},{"user_hash":"C434EFEA7E3DD45BBE654481BE46D850","region":"Americas","id":122000892,"mode":"ranked","hero":"Priest","hero_deck":null,"opponent":"Warlock","opponent_deck":null,"coin":false,"result":"loss","duration":357,"rank":14,"legend":null,"note":null,"added":"2019-01-15T23:56:44Z","card_history":[]},{"user_hash":"C434EFEA7E3DD45BBE654481BE46D850","region":"Americas","id":122000681,"mode":"ranked","hero":"Priest","hero_deck":null,"opponent":"Hunter","opponent_deck":"Midrange","coin":false,"result":"win","duration":359,"rank":14,"legend":null,"note":null,"added":"2019-01-15T23:47:59Z","card_history":[]},{"user_hash":"C434EFEA7E3DD45BBE654481BE46D850","region":"Americas","id":122000533,"mode":"ranked","hero":"Priest","hero_deck":"Combo","opponent":"Hunter","opponent_deck":"Midrange","coin":false,"result":"win","duration":573,"rank":14,"legend":null,"note":null,"added":"2019-01-15T23:41:44Z","card_history":[]},{"user_hash":"C434EFEA7E3DD45BBE654481BE46D850","region":"Americas","id":122000272,"mode":"ranked","hero":"Priest","hero_deck":null,"opponent":"Mage","opponent_deck":null,"coin":false,"result":"loss","duration":424,"rank":14,"legend":null,"note":null,"added":"2019-01-15T23:30:58Z","card_history":[]},{"user_hash":"C434EFEA7E3DD45BBE654481BE46D850","region":"Americas","id":122000084,"mode":"ranked","hero":"Priest","hero_deck":null,"opponent":"Hunter","opponent_deck":"Midrange","coin":false,"result":"loss","duration":497,"rank":13,"legend":null,"note":null,"added":"2019-01-15T23:23:36Z","card_history":[]},{"user_hash":"C434EFEA7E3DD45BBE654481BE46D850","region":"Americas","id":121999883,"mode":"ranked","hero":"Priest","hero_deck":null,"opponent":"Hunter","opponent_deck":"Midrange","coin":false,"result":"loss","duration":466,"rank":13,"legend":null,"note":null,"added":"2019-01-15T23:14:59Z","card_history":[]},{"user_hash":"C434EFEA7E3DD45BBE654481BE46D850","region":"Americas","id":121999693,"mode":"ranked","hero":"Priest","hero_deck":"Combo","opponent":"Rogue","opponent_deck":null,"coin":false,"result":"win","duration":475,"rank":14,"legend":null,"note":null,"added":"2019-01-15T23:06:41Z","card_history":[]},{"user_hash":"C434EFEA7E3DD45BBE654481BE46D850","region":"Americas","id":121999479,"mode":"casual","hero":"Shaman","hero_deck":"Control","opponent":"Hunter","opponent_deck":"Midrange","coin":false,"result":"win","duration":432,"rank":null,"legend":null,"note":null,"added":"2019-01-15T22:58:18Z","card_history":[]},{"user_hash":"C434EFEA7E3DD45BBE654481BE46D850","region":"Americas","id":121999304,"mode":"casual","hero":"Shaman","hero_deck":"Control","opponent":"Warrior","opponent_deck":null,"coin":true,"result":"loss","duration":428,"rank":null,"legend":null,"note":null,"added":"2019-01-15T22:50:43Z","card_history":[]},{"user_hash":"C434EFEA7E3DD45BBE654481BE46D850","region":"Americas","id":121999124,"mode":"casual","hero":"Shaman","hero_deck":"Control","opponent":"Warlock","opponent_deck":null,"coin":false,"result":"loss","duration":517,"rank":null,"legend":null,"note":null,"added":"2019-01-15T22:43:01Z","card_history":[]},{"user_hash":"C434EFEA7E3DD45BBE654481BE46D850","region":"Americas","id":121998365,"mode":"ranked","hero":"Priest","hero_deck":"Combo","opponent":"Hunter","opponent_deck":"Midrange","coin":true,"result":"win","duration":389,"rank":14,"legend":null,"note":null,"added":"2019-01-15T22:10:34Z","card_history":[]},{"user_hash":"C434EFEA7E3DD45BBE654481BE46D850","region":"Americas","id":121998199,"mode":"ranked","hero":"Priest","hero_deck":null,"opponent":"Hunter","opponent_deck":"Midrange","coin":false,"result":"win","duration":344,"rank":14,"legend":null,"note":null,"added":"2019-01-15T22:03:50Z","card_history":[]},{"user_hash":"C434EFEA7E3DD45BBE654481BE46D850","region":"Americas","id":121998026,"mode":"ranked","hero":"Priest","hero_deck":"Miracle","opponent":"Hunter","opponent_deck":"Midrange","coin":true,"result":"loss","duration":242,"rank":14,"legend":null,"note":null,"added":"2019-01-15T21:57:53Z","card_history":[]},{"user_hash":"C434EFEA7E3DD45BBE654481BE46D850","region":"Americas","id":121997912,"mode":"ranked","hero":"Priest","hero_deck":"Combo","opponent":"Hunter","opponent_deck":"Midrange","coin":true,"result":"win","duration":377,"rank":14,"legend":null,"note":null,"added":"2019-01-15T21:53:29Z","card_history":[]},{"user_hash":"C434EFEA7E3DD45BBE654481BE46D850","region":"Americas","id":121997700,"mode":"ranked","hero":"Priest","hero_deck":null,"opponent":"Hunter","opponent_deck":null,"coin":false,"result":"win","duration":396,"rank":14,"legend":null,"note":null,"added":"2019-01-15T21:46:36Z","card_history":[]},{"user_hash":"C434EFEA7E3DD45BBE654481BE46D850","region":"Americas","id":121997500,"mode":"ranked","hero":"Priest","hero_deck":null,"opponent":"Paladin","opponent_deck":null,"coin":true,"result":"loss","duration":324,"rank":14,"legend":null,"note":null,"added":"2019-01-15T21:39:49Z","card_history":[]},{"user_hash":"C434EFEA7E3DD45BBE654481BE46D850","region":"Americas","id":121997356,"mode":"ranked","hero":"Priest","hero_deck":null,"opponent":"Warrior","opponent_deck":null,"coin":true,"result":"win","duration":92,"rank":15,"legend":null,"note":null,"added":"2019-01-15T21:34:05Z","card_history":[]},{"user_hash":"C434EFEA7E3DD45BBE654481BE46D850","region":"Americas","id":121997294,"mode":"ranked","hero":"Priest","hero_deck":null,"opponent":"Warlock","opponent_deck":"Hand","coin":true,"result":"win","duration":331,"rank":15,"legend":null,"note":null,"added":"2019-01-15T21:32:11Z","card_history":[]},{"user_hash":"C434EFEA7E3DD45BBE654481BE46D850","region":"Americas","id":121972454,"mode":"casual","hero":"Priest","hero_deck":null,"opponent":"Warlock","opponent_deck":"Zoo","coin":false,"result":"win","duration":349,"rank":null,"legend":null,"note":null,"added":"2019-01-15T03:41:18Z","card_history":[]},{"user_hash":"C434EFEA7E3DD45BBE654481BE46D850","region":"Americas","id":121971960,"mode":"ranked","hero":"Priest","hero_deck":null,"opponent":"Druid","opponent_deck":null,"coin":true,"result":"win","duration":477,"rank":15,"legend":null,"note":null,"added":"2019-01-15T03:09:43Z","card_history":[]},{"user_hash":"C434EFEA7E3DD45BBE654481BE46D850","region":"Americas","id":121971829,"mode":"ranked","hero":"Priest","hero_deck":null,"opponent":"Hunter","opponent_deck":"Midrange","coin":true,"result":"win","duration":380,"rank":16,"legend":null,"note":null,"added":"2019-01-15T03:01:31Z","card_history":[]},{"user_hash":"C434EFEA7E3DD45BBE654481BE46D850","region":"Americas","id":121971719,"mode":"ranked","hero":"Priest","hero_deck":null,"opponent":"Hunter","opponent_deck":"Midrange","coin":true,"result":"win","duration":367,"rank":16,"legend":null,"note":null,"added":"2019-01-15T02:54:50Z","card_history":[]},{"user_hash":"C434EFEA7E3DD45BBE654481BE46D850","region":"Americas","id":121971615,"mode":"ranked","hero":"Priest","hero_deck":null,"opponent":"Priest","opponent_deck":null,"coin":false,"result":"win","duration":381,"rank":16,"legend":null,"note":null,"added":"2019-01-15T02:48:26Z","card_history":[]},{"user_hash":"C434EFEA7E3DD45BBE654481BE46D850","region":"Americas","id":121971510,"mode":"ranked","hero":"Priest","hero_deck":null,"opponent":"Rogue","opponent_deck":null,"coin":false,"result":"loss","duration":220,"rank":16,"legend":null,"note":null,"added":"2019-01-15T02:41:53Z","card_history":[]},{"user_hash":"C434EFEA7E3DD45BBE654481BE46D850","region":"Americas","id":121971435,"mode":"ranked","hero":"Priest","hero_deck":null,"opponent":"Hunter","opponent_deck":"Midrange","coin":false,"result":"win","duration":311,"rank":16,"legend":null,"note":null,"added":"2019-01-15T02:37:58Z","card_history":[]},{"user_hash":"C434EFEA7E3DD45BBE654481BE46D850","region":"Americas","id":121971347,"mode":"ranked","hero":"Priest","hero_deck":"Combo","opponent":"Hunter","opponent_deck":"Midrange","coin":false,"result":"win","duration":571,"rank":16,"legend":null,"note":null,"added":"2019-01-15T02:32:38Z","card_history":[]},{"user_hash":"C434EFEA7E3DD45BBE654481BE46D850","region":"Americas","id":121971185,"mode":"ranked","hero":"Priest","hero_deck":"Combo","opponent":"Mage","opponent_deck":"Burn","coin":true,"result":"loss","duration":478,"rank":16,"legend":null,"note":null,"added":"2019-01-15T02:22:58Z","card_history":[]},{"user_hash":"C434EFEA7E3DD45BBE654481BE46D850","region":"Americas","id":121971031,"mode":"ranked","hero":"Priest","hero_deck":"Miracle","opponent":"Hunter","opponent_deck":null,"coin":false,"result":"win","duration":350,"rank":16,"legend":null,"note":null,"added":"2019-01-15T02:13:57Z","card_history":[]},{"user_hash":"C434EFEA7E3DD45BBE654481BE46D850","region":"Americas","id":121970932,"mode":"ranked","hero":"Priest","hero_deck":null,"opponent":"Hunter","opponent_deck":null,"coin":false,"result":"loss","duration":325,"rank":16,"legend":null,"note":null,"added":"2019-01-15T02:07:49Z","card_history":[]},{"user_hash":"C434EFEA7E3DD45BBE654481BE46D850","region":"Americas","id":121970825,"mode":"ranked","hero":"Priest","hero_deck":null,"opponent":"Hunter","opponent_deck":"Midrange","coin":false,"result":"win","duration":525,"rank":null,"legend":null,"note":null,"added":"2019-01-15T02:02:12Z","card_history":[]},{"user_hash":"C434EFEA7E3DD45BBE654481BE46D850","region":"Americas","id":121970651,"mode":"ranked","hero":"Priest","hero_deck":null,"opponent":"Warrior","opponent_deck":null,"coin":true,"result":"win","duration":407,"rank":null,"legend":null,"note":null,"added":"2019-01-15T01:53:16Z","card_history":[]},{"user_hash":"C434EFEA7E3DD45BBE654481BE46D850","region":"Americas","id":121970510,"mode":"ranked","hero":"Priest","hero_deck":null,"opponent":"Hunter","opponent_deck":null,"coin":true,"result":"win","duration":205,"rank":null,"legend":null,"note":null,"added":"2019-01-15T01:46:10Z","card_history":[]},{"user_hash":"C434EFEA7E3DD45BBE654481BE46D850","region":"Americas","id":121970439,"mode":"ranked","hero":"Priest","hero_deck":"Combo","opponent":"Mage","opponent_deck":null,"coin":false,"result":"win","duration":462,"rank":18,"legend":null,"note":null,"added":"2019-01-15T01:42:29Z","card_history":[]},{"user_hash":"C434EFEA7E3DD45BBE654481BE46D850","region":"Americas","id":121970275,"mode":"ranked","hero":"Priest","hero_deck":"Combo","opponent":"Mage","opponent_deck":"Secret","coin":false,"result":"win","duration":407,"rank":18,"legend":null,"note":null,"added":"2019-01-15T01:34:35Z","card_history":[]},{"user_hash":"C434EFEA7E3DD45BBE654481BE46D850","region":"Americas","id":121970082,"mode":"friendly","hero":"Priest","hero_deck":"Combo","opponent":"Hunter","opponent_deck":"Midrange","coin":false,"result":"win","duration":378,"rank":null,"legend":null,"note":null,"added":"2019-01-15T01:25:34Z","card_history":[]},{"user_hash":"C434EFEA7E3DD45BBE654481BE46D850","region":"Americas","id":121969944,"mode":"ranked","hero":"Priest","hero_deck":null,"opponent":"Hunter","opponent_deck":"Midrange","coin":true,"result":"loss","duration":551,"rank":null,"legend":null,"note":null,"added":"2019-01-15T01:18:32Z","card_history":[]},{"user_hash":"C434EFEA7E3DD45BBE654481BE46D850","region":"Americas","id":121969759,"mode":"ranked","hero":"Priest","hero_deck":"Combo","opponent":"Hunter","opponent_deck":"Midrange","coin":false,"result":"loss","duration":454,"rank":null,"legend":null,"note":null,"added":"2019-01-15T01:09:08Z","card_history":[]},{"user_hash":"C434EFEA7E3DD45BBE654481BE46D850","region":"Americas","id":121969605,"mode":"ranked","hero":"Priest","hero_deck":null,"opponent":"Warlock","opponent_deck":"Hand","coin":true,"result":"win","duration":460,"rank":18,"legend":null,"note":null,"added":"2019-01-15T01:01:17Z","card_history":[]},{"user_hash":"C434EFEA7E3DD45BBE654481BE46D850","region":"Americas","id":121969446,"mode":"ranked","hero":"Priest","hero_deck":"Combo","opponent":"Warrior","opponent_deck":null,"coin":false,"result":"win","duration":311,"rank":18,"legend":null,"note":null,"added":"2019-01-15T00:53:20Z","card_history":[]},{"user_hash":"C434EFEA7E3DD45BBE654481BE46D850","region":"Americas","id":121969337,"mode":"ranked","hero":"Priest","hero_deck":null,"opponent":"Mage","opponent_deck":null,"coin":true,"result":"win","duration":535,"rank":19,"legend":null,"note":null,"added":"2019-01-15T00:47:58Z","card_history":[]},{"user_hash":"C434EFEA7E3DD45BBE654481BE46D850","region":"Americas","id":121969151,"mode":"ranked","hero":"Priest","hero_deck":null,"opponent":"Hunter","opponent_deck":"Midrange","coin":false,"result":"win","duration":419,"rank":19,"legend":null,"note":null,"added":"2019-01-15T00:38:44Z","card_history":[]},{"user_hash":"C434EFEA7E3DD45BBE654481BE46D850","region":"Americas","id":121968997,"mode":"ranked","hero":"Priest","hero_deck":"Combo","opponent":"Mage","opponent_deck":"Secret","coin":false,"result":"win","duration":480,"rank":19,"legend":null,"note":null,"added":"2019-01-15T00:30:14Z","card_history":[]},{"user_hash":"C434EFEA7E3DD45BBE654481BE46D850","region":"Americas","id":121968851,"mode":"ranked","hero":"Priest","hero_deck":null,"opponent":"Mage","opponent_deck":"Secret","coin":true,"result":"loss","duration":293,"rank":19,"legend":null,"note":null,"added":"2019-01-15T00:21:59Z","card_history":[]},{"user_hash":"C434EFEA7E3DD45BBE654481BE46D850","region":"Americas","id":121968745,"mode":"ranked","hero":"Priest","hero_deck":"Combo","opponent":"Hunter","opponent_deck":null,"coin":true,"result":"win","duration":265,"rank":19,"legend":null,"note":null,"added":"2019-01-15T00:16:53Z","card_history":[]},{"user_hash":"03F0DD5EBF0AC6CC6D7DA0B9336D9D6A","region":"Americas","id":121988128,"mode":"ranked","hero":"Priest","hero_deck":"Combo","opponent":"Hunter","opponent_deck":null,"coin":true,"result":"win","duration":587,"rank":null,"legend":null,"note":null,"added":"2019-01-15T16:09:14Z","card_history":[]},{"user_hash":"03F0DD5EBF0AC6CC6D7DA0B9336D9D6A","region":"Americas","id":121987850,"mode":"ranked","hero":"Priest","hero_deck":"Combo","opponent":"Hunter","opponent_deck":"Midrange","coin":false,"result":"win","duration":381,"rank":null,"legend":null,"note":null,"added":"2019-01-15T15:59:14Z","card_history":[]},{"user_hash":"03F0DD5EBF0AC6CC6D7DA0B9336D9D6A","region":"Americas","id":121987655,"mode":"ranked","hero":"Priest","hero_deck":"Combo","opponent":"Rogue","opponent_deck":"Miracle","coin":false,"result":"loss","duration":277,"rank":null,"legend":null,"note":null,"added":"2019-01-15T15:52:24Z","card_history":[]},{"user_hash":"03F0DD5EBF0AC6CC6D7DA0B9336D9D6A","region":"Americas","id":121975025,"mode":"ranked","hero":"Priest","hero_deck":"Combo","opponent":"Warrior","opponent_deck":null,"coin":true,"result":"win","duration":565,"rank":null,"legend":null,"note":null,"added":"2019-01-15T06:30:17Z","card_history":[]},{"user_hash":"03F0DD5EBF0AC6CC6D7DA0B9336D9D6A","region":"Americas","id":121974830,"mode":"ranked","hero":"Priest","hero_deck":null,"opponent":"Paladin","opponent_deck":null,"coin":true,"result":"win","duration":408,"rank":null,"legend":null,"note":null,"added":"2019-01-15T06:18:44Z","card_history":[]},{"user_hash":"ACA54F4E01ACB4D94F6D77278D82F2FB","region":"Americas","id":121998452,"mode":"ranked","hero":"Warrior","hero_deck":null,"opponent":"Priest","opponent_deck":"Combo","coin":true,"result":"loss","duration":772,"rank":4,"legend":null,"note":null,"added":"2019-01-15T22:14:28Z","card_history":[]},{"user_hash":"ACA54F4E01ACB4D94F6D77278D82F2FB","region":"Americas","id":121997704,"mode":"ranked","hero":"Warrior","hero_deck":null,"opponent":"Hunter","opponent_deck":"Midrange","coin":true,"result":"loss","duration":934,"rank":4,"legend":null,"note":null,"added":"2019-01-15T21:46:46Z","card_history":[]},{"user_hash":"ACA54F4E01ACB4D94F6D77278D82F2FB","region":"Americas","id":121997001,"mode":"ranked","hero":"Warrior","hero_deck":null,"opponent":"Paladin","opponent_deck":null,"coin":false,"result":"win","duration":771,"rank":4,"legend":null,"note":null,"added":"2019-01-15T21:22:12Z","card_history":[]},{"user_hash":"ACA54F4E01ACB4D94F6D77278D82F2FB","region":"Americas","id":121996619,"mode":"ranked","hero":"Warrior","hero_deck":null,"opponent":"Mage","opponent_deck":null,"coin":true,"result":"loss","duration":624,"rank":4,"legend":null,"note":null,"added":"2019-01-15T21:09:04Z","card_history":[]},{"user_hash":"ACA54F4E01ACB4D94F6D77278D82F2FB","region":"Americas","id":121996262,"mode":"ranked","hero":"Warrior","hero_deck":null,"opponent":"Hunter","opponent_deck":"Midrange","coin":true,"result":"loss","duration":467,"rank":4,"legend":null,"note":null,"added":"2019-01-15T20:56:37Z","card_history":[]},{"user_hash":"ACA54F4E01ACB4D94F6D77278D82F2FB","region":"Americas","id":121995553,"mode":"ranked","hero":"Warrior","hero_deck":null,"opponent":"Hunter","opponent_deck":"Midrange","coin":true,"result":"win","duration":1073,"rank":4,"legend":null,"note":null,"added":"2019-01-15T20:31:19Z","card_history":[]},{"user_hash":"ACA54F4E01ACB4D94F6D77278D82F2FB","region":"Americas","id":121994813,"mode":"ranked","hero":"Hunter","hero_deck":"Midrange","opponent":"Hunter","opponent_deck":null,"coin":false,"result":"win","duration":405,"rank":4,"legend":null,"note":null,"added":"2019-01-15T20:02:48Z","card_history":[]},{"user_hash":"ACA54F4E01ACB4D94F6D77278D82F2FB","region":"Americas","id":121994611,"mode":"ranked","hero":"Hunter","hero_deck":"Midrange","opponent":"Paladin","opponent_deck":null,"coin":true,"result":"win","duration":720,"rank":5,"legend":null,"note":null,"added":"2019-01-15T19:55:23Z","card_history":[]},{"user_hash":"ACA54F4E01ACB4D94F6D77278D82F2FB","region":"Americas","id":121994299,"mode":"ranked","hero":"Warrior","hero_deck":null,"opponent":"Mage","opponent_deck":"Secret","coin":true,"result":"win","duration":845,"rank":5,"legend":null,"note":null,"added":"2019-01-15T19:42:50Z","card_history":[]},{"user_hash":"ACA54F4E01ACB4D94F6D77278D82F2FB","region":"Americas","id":121993932,"mode":"ranked","hero":"Warrior","hero_deck":null,"opponent":"Rogue","opponent_deck":"Miracle","coin":false,"result":"win","duration":806,"rank":5,"legend":null,"note":null,"added":"2019-01-15T19:28:23Z","card_history":[]},{"user_hash":"B7616D64D1320CF842F6474FD037B1D3","region":"Americas","id":122000448,"mode":"ranked","hero":"Priest","hero_deck":null,"opponent":"Warrior","opponent_deck":null,"coin":true,"result":"win","duration":2943,"rank":null,"legend":null,"note":null,"added":"2019-01-15T23:38:05Z","card_history":[]},{"user_hash":"B7616D64D1320CF842F6474FD037B1D3","region":"Americas","id":121999251,"mode":"ranked","hero":"Priest","hero_deck":null,"opponent":"Rogue","opponent_deck":null,"coin":true,"result":"win","duration":604,"rank":null,"legend":null,"note":null,"added":"2019-01-15T22:48:44Z","card_history":[]},{"user_hash":"B7616D64D1320CF842F6474FD037B1D3","region":"Americas","id":121999013,"mode":"ranked","hero":"Priest","hero_deck":null,"opponent":"Priest","opponent_deck":"Dragon","coin":false,"result":"win","duration":1165,"rank":null,"legend":null,"note":null,"added":"2019-01-15T22:38:14Z","card_history":[]},{"user_hash":"B7616D64D1320CF842F6474FD037B1D3","region":"Americas","id":121998431,"mode":"ranked","hero":"Priest","hero_deck":null,"opponent":"Hunter","opponent_deck":"Midrange","coin":true,"result":"win","duration":952,"rank":null,"legend":null,"note":null,"added":"2019-01-15T22:13:48Z","card_history":[]},{"user_hash":"B7616D64D1320CF842F6474FD037B1D3","region":"Americas","id":121998012,"mode":"ranked","hero":"Priest","hero_deck":null,"opponent":"Paladin","opponent_deck":null,"coin":false,"result":"win","duration":616,"rank":null,"legend":null,"note":null,"added":"2019-01-15T21:57:26Z","card_history":[]},{"user_hash":"B7616D64D1320CF842F6474FD037B1D3","region":"Americas","id":121997703,"mode":"ranked","hero":"Priest","hero_deck":null,"opponent":"Warlock","opponent_deck":null,"coin":false,"result":"loss","duration":978,"rank":null,"legend":null,"note":null,"added":"2019-01-15T21:46:44Z","card_history":[]},{"user_hash":"B7616D64D1320CF842F6474FD037B1D3","region":"Americas","id":121997213,"mode":"ranked","hero":"Priest","hero_deck":null,"opponent":"Warrior","opponent_deck":"Pirate","coin":true,"result":"win","duration":551,"rank":null,"legend":null,"note":null,"added":"2019-01-15T21:29:08Z","card_history":[]},{"user_hash":"B7616D64D1320CF842F6474FD037B1D3","region":"Americas","id":121996923,"mode":"ranked","hero":"Priest","hero_deck":null,"opponent":"Priest","opponent_deck":"Dragon","coin":true,"result":"loss","duration":474,"rank":null,"legend":null,"note":null,"added":"2019-01-15T21:19:30Z","card_history":[]},{"user_hash":"98D139BEAF5AE0FFDF0DB6F833114305","region":"Americas","id":121995274,"mode":"ranked","hero":"Hunter","hero_deck":"Midrange","opponent":"Warlock","opponent_deck":null,"coin":false,"result":"win","duration":300,"rank":7,"legend":null,"note":null,"added":"2019-01-15T20:20:57Z","card_history":[]},{"user_hash":"98D139BEAF5AE0FFDF0DB6F833114305","region":"Americas","id":121988465,"mode":"ranked","hero":"Hunter","hero_deck":"Midrange","opponent":"Paladin","opponent_deck":null,"coin":true,"result":"win","duration":343,"rank":7,"legend":null,"note":null,"added":"2019-01-15T16:21:22Z","card_history":[]},{"user_hash":"98D139BEAF5AE0FFDF0DB6F833114305","region":"Americas","id":121987247,"mode":"ranked","hero":"Hunter","hero_deck":"Midrange","opponent":"Hunter","opponent_deck":"Midrange","coin":true,"result":"loss","duration":640,"rank":7,"legend":null,"note":null,"added":"2019-01-15T15:38:36Z","card_history":[]},{"user_hash":"98D139BEAF5AE0FFDF0DB6F833114305","region":"Americas","id":121969295,"mode":"ranked","hero":"Paladin","hero_deck":null,"opponent":"Hunter","opponent_deck":"Midrange","coin":false,"result":"win","duration":403,"rank":7,"legend":null,"note":null,"added":"2019-01-15T00:45:30Z","card_history":[]},{"user_hash":"484CE0F8E1A123CEC8682A11FB1366E0","region":"Americas","id":121998016,"mode":"ranked","hero":"Druid","hero_deck":null,"opponent":"Rogue","opponent_deck":"Miracle","coin":true,"result":"win","duration":424,"rank":10,"legend":null,"note":null,"added":"2019-01-15T21:57:53Z","card_history":[]},{"user_hash":"484CE0F8E1A123CEC8682A11FB1366E0","region":"Americas","id":121997756,"mode":"ranked","hero":"Druid","hero_deck":"Token","opponent":"Mage","opponent_deck":"Burn","coin":true,"result":"win","duration":266,"rank":10,"legend":null,"note":null,"added":"2019-01-15T21:48:35Z","card_history":[]},{"user_hash":"484CE0F8E1A123CEC8682A11FB1366E0","region":"Americas","id":121997468,"mode":"ranked","hero":"Druid","hero_deck":"Token","opponent":"Druid","opponent_deck":"Jade","coin":true,"result":"win","duration":351,"rank":10,"legend":null,"note":null,"added":"2019-01-15T21:38:41Z","card_history":[]},{"user_hash":"484CE0F8E1A123CEC8682A11FB1366E0","region":"Americas","id":121997293,"mode":"ranked","hero":"Druid","hero_deck":"Token","opponent":"Priest","opponent_deck":null,"coin":false,"result":"win","duration":296,"rank":10,"legend":null,"note":null,"added":"2019-01-15T21:32:23Z","card_history":[]},{"user_hash":"484CE0F8E1A123CEC8682A11FB1366E0","region":"Americas","id":121997146,"mode":"ranked","hero":"Druid","hero_deck":"Token","opponent":"Warlock","opponent_deck":null,"coin":false,"result":"loss","duration":180,"rank":10,"legend":null,"note":null,"added":"2019-01-15T21:27:07Z","card_history":[]},{"user_hash":"484CE0F8E1A123CEC8682A11FB1366E0","region":"Americas","id":121997044,"mode":"ranked","hero":"Druid","hero_deck":"Token","opponent":"Rogue","opponent_deck":null,"coin":false,"result":"win","duration":156,"rank":10,"legend":null,"note":null,"added":"2019-01-15T21:23:49Z","card_history":[]},{"user_hash":"484CE0F8E1A123CEC8682A11FB1366E0","region":"Americas","id":121996882,"mode":"ranked","hero":"Druid","hero_deck":"Token","opponent":"Mage","opponent_deck":null,"coin":false,"result":"win","duration":476,"rank":10,"legend":null,"note":null,"added":"2019-01-15T21:18:40Z","card_history":[]},{"user_hash":"484CE0F8E1A123CEC8682A11FB1366E0","region":"Americas","id":121996646,"mode":"ranked","hero":"Druid","hero_deck":null,"opponent":"Hunter","opponent_deck":null,"coin":false,"result":"loss","duration":149,"rank":10,"legend":null,"note":null,"added":"2019-01-15T21:10:15Z","card_history":[]},{"user_hash":"484CE0F8E1A123CEC8682A11FB1366E0","region":"Americas","id":121996562,"mode":"ranked","hero":"Druid","hero_deck":"Token","opponent":"Priest","opponent_deck":null,"coin":true,"result":"loss","duration":180,"rank":10,"legend":null,"note":null,"added":"2019-01-15T21:07:26Z","card_history":[]},{"user_hash":"484CE0F8E1A123CEC8682A11FB1366E0","region":"Americas","id":121996471,"mode":"ranked","hero":"Druid","hero_deck":null,"opponent":"Mage","opponent_deck":null,"coin":false,"result":"loss","duration":105,"rank":10,"legend":null,"note":null,"added":"2019-01-15T21:04:10Z","card_history":[]},{"user_hash":"484CE0F8E1A123CEC8682A11FB1366E0","region":"Americas","id":121996410,"mode":"ranked","hero":"Druid","hero_deck":"Token","opponent":"Paladin","opponent_deck":null,"coin":true,"result":"loss","duration":205,"rank":10,"legend":null,"note":null,"added":"2019-01-15T21:02:09Z","card_history":[]},{"user_hash":"484CE0F8E1A123CEC8682A11FB1366E0","region":"Americas","id":121996293,"mode":"ranked","hero":"Druid","hero_deck":"Token","opponent":"Mage","opponent_deck":null,"coin":true,"result":"win","duration":211,"rank":10,"legend":null,"note":null,"added":"2019-01-15T20:58:16Z","card_history":[]},{"user_hash":"484CE0F8E1A123CEC8682A11FB1366E0","region":"Americas","id":121996161,"mode":"ranked","hero":"Druid","hero_deck":"Token","opponent":"Shaman","opponent_deck":null,"coin":false,"result":"loss","duration":222,"rank":10,"legend":null,"note":null,"added":"2019-01-15T20:53:07Z","card_history":[]},{"user_hash":"484CE0F8E1A123CEC8682A11FB1366E0","region":"Americas","id":121996046,"mode":"ranked","hero":"Druid","hero_deck":"Token","opponent":"Warlock","opponent_deck":null,"coin":true,"result":"loss","duration":469,"rank":9,"legend":null,"note":null,"added":"2019-01-15T20:49:02Z","card_history":[]},{"user_hash":"484CE0F8E1A123CEC8682A11FB1366E0","region":"Americas","id":121995738,"mode":"ranked","hero":"Druid","hero_deck":null,"opponent":"Druid","opponent_deck":null,"coin":false,"result":"loss","duration":101,"rank":9,"legend":null,"note":null,"added":"2019-01-15T20:38:23Z","card_history":[]},{"user_hash":"484CE0F8E1A123CEC8682A11FB1366E0","region":"Americas","id":121995603,"mode":"ranked","hero":"Druid","hero_deck":"Token","opponent":"Warlock","opponent_deck":"Zoo","coin":true,"result":"win","duration":211,"rank":10,"legend":null,"note":null,"added":"2019-01-15T20:33:12Z","card_history":[]},{"user_hash":"484CE0F8E1A123CEC8682A11FB1366E0","region":"Americas","id":121995459,"mode":"ranked","hero":"Druid","hero_deck":"Token","opponent":"Hunter","opponent_deck":null,"coin":false,"result":"win","duration":406,"rank":10,"legend":null,"note":null,"added":"2019-01-15T20:28:07Z","card_history":[]},{"user_hash":"484CE0F8E1A123CEC8682A11FB1366E0","region":"Americas","id":121995262,"mode":"ranked","hero":"Druid","hero_deck":"Token","opponent":"Hunter","opponent_deck":"Midrange","coin":true,"result":"win","duration":229,"rank":10,"legend":null,"note":null,"added":"2019-01-15T20:20:49Z","card_history":[]},{"user_hash":"484CE0F8E1A123CEC8682A11FB1366E0","region":"Americas","id":121995121,"mode":"ranked","hero":"Druid","hero_deck":"Token","opponent":"Paladin","opponent_deck":null,"coin":false,"result":"loss","duration":241,"rank":10,"legend":null,"note":null,"added":"2019-01-15T20:15:22Z","card_history":[]},{"user_hash":"484CE0F8E1A123CEC8682A11FB1366E0","region":"Americas","id":121995009,"mode":"ranked","hero":"Druid","hero_deck":"Token","opponent":"Paladin","opponent_deck":null,"coin":true,"result":"win","duration":346,"rank":10,"legend":null,"note":null,"added":"2019-01-15T20:10:44Z","card_history":[]},{"user_hash":"484CE0F8E1A123CEC8682A11FB1366E0","region":"Americas","id":121994850,"mode":"ranked","hero":"Druid","hero_deck":null,"opponent":"Hunter","opponent_deck":null,"coin":false,"result":"win","duration":127,"rank":10,"legend":null,"note":null,"added":"2019-01-15T20:04:27Z","card_history":[]},{"user_hash":"484CE0F8E1A123CEC8682A11FB1366E0","region":"Americas","id":121994735,"mode":"ranked","hero":"Rogue","hero_deck":"Miracle","opponent":"Mage","opponent_deck":null,"coin":true,"result":"loss","duration":125,"rank":10,"legend":null,"note":null,"added":"2019-01-15T20:00:07Z","card_history":[]},{"user_hash":"A291E82C4070D38FB127D2A8481A505A","region":"Europe","id":122000058,"mode":"ranked","hero":"Druid","hero_deck":null,"opponent":"Priest","opponent_deck":null,"coin":false,"result":"win","duration":1099,"rank":null,"legend":null,"note":null,"added":"2019-01-15T23:22:46Z","card_history":[]},{"user_hash":"A291E82C4070D38FB127D2A8481A505A","region":"Europe","id":121999615,"mode":"ranked","hero":"Druid","hero_deck":null,"opponent":"Paladin","opponent_deck":null,"coin":false,"result":"win","duration":270,"rank":null,"legend":null,"note":null,"added":"2019-01-15T23:03:38Z","card_history":[]},{"user_hash":"A291E82C4070D38FB127D2A8481A505A","region":"Europe","id":121999491,"mode":"ranked","hero":"Druid","hero_deck":null,"opponent":"Mage","opponent_deck":null,"coin":true,"result":"win","duration":317,"rank":null,"legend":null,"note":null,"added":"2019-01-15T22:58:38Z","card_history":[]},{"user_hash":"A291E82C4070D38FB127D2A8481A505A","region":"Europe","id":121999350,"mode":"ranked","hero":"Druid","hero_deck":null,"opponent":"Shaman","opponent_deck":"Token","coin":false,"result":"win","duration":472,"rank":null,"legend":null,"note":null,"added":"2019-01-15T22:52:31Z","card_history":[]},{"user_hash":"A291E82C4070D38FB127D2A8481A505A","region":"Europe","id":121999113,"mode":"ranked","hero":"Druid","hero_deck":null,"opponent":"Hunter","opponent_deck":"Face","coin":true,"result":"win","duration":592,"rank":null,"legend":null,"note":null,"added":"2019-01-15T22:42:30Z","card_history":[]},{"user_hash":"A291E82C4070D38FB127D2A8481A505A","region":"Europe","id":121998868,"mode":"ranked","hero":"Druid","hero_deck":null,"opponent":"Rogue","opponent_deck":null,"coin":true,"result":"win","duration":766,"rank":null,"legend":null,"note":null,"added":"2019-01-15T22:31:46Z","card_history":[]},{"user_hash":"A291E82C4070D38FB127D2A8481A505A","region":"Europe","id":121998548,"mode":"ranked","hero":"Druid","hero_deck":null,"opponent":"Rogue","opponent_deck":null,"coin":false,"result":"loss","duration":534,"rank":null,"legend":null,"note":null,"added":"2019-01-15T22:18:34Z","card_history":[]},{"user_hash":"A291E82C4070D38FB127D2A8481A505A","region":"Europe","id":121998331,"mode":"ranked","hero":"Druid","hero_deck":null,"opponent":"Priest","opponent_deck":null,"coin":true,"result":"loss","duration":1278,"rank":null,"legend":null,"note":null,"added":"2019-01-15T22:09:24Z","card_history":[]},{"user_hash":"A291E82C4070D38FB127D2A8481A505A","region":"Europe","id":121997742,"mode":"ranked","hero":"Druid","hero_deck":null,"opponent":"Mage","opponent_deck":"Secret","coin":false,"result":"loss","duration":796,"rank":null,"legend":null,"note":null,"added":"2019-01-15T21:47:53Z","card_history":[]},{"user_hash":"A291E82C4070D38FB127D2A8481A505A","region":"Europe","id":121997358,"mode":"ranked","hero":"Druid","hero_deck":null,"opponent":"Hunter","opponent_deck":null,"coin":true,"result":"loss","duration":834,"rank":null,"legend":null,"note":null,"added":"2019-01-15T21:34:05Z","card_history":[]},{"user_hash":"A291E82C4070D38FB127D2A8481A505A","region":"Europe","id":121996933,"mode":"ranked","hero":"Druid","hero_deck":null,"opponent":"Druid","opponent_deck":"Token","coin":false,"result":"win","duration":850,"rank":null,"legend":null,"note":null,"added":"2019-01-15T21:19:57Z","card_history":[]},{"user_hash":"A291E82C4070D38FB127D2A8481A505A","region":"Europe","id":121996516,"mode":"ranked","hero":"Druid","hero_deck":null,"opponent":"Hunter","opponent_deck":"Midrange","coin":true,"result":"loss","duration":437,"rank":null,"legend":null,"note":null,"added":"2019-01-15T21:05:23Z","card_history":[]},{"user_hash":"A291E82C4070D38FB127D2A8481A505A","region":"Europe","id":121996292,"mode":"ranked","hero":"Druid","hero_deck":null,"opponent":"Hunter","opponent_deck":"Midrange","coin":true,"result":"win","duration":810,"rank":null,"legend":null,"note":null,"added":"2019-01-15T20:57:56Z","card_history":[]},{"user_hash":"BC6A2D9C1B85279990741B28594638D8","region":"Europe","id":121985200,"mode":"ranked","hero":"Druid","hero_deck":null,"opponent":"Warrior","opponent_deck":"Taunt","coin":false,"result":"loss","duration":603,"rank":8,"legend":null,"note":null,"added":"2019-01-15T14:26:34Z","card_history":[]},{"user_hash":"BC6A2D9C1B85279990741B28594638D8","region":"Europe","id":121984918,"mode":"ranked","hero":"Druid","hero_deck":null,"opponent":"Priest","opponent_deck":null,"coin":true,"result":"win","duration":586,"rank":8,"legend":null,"note":null,"added":"2019-01-15T14:16:10Z","card_history":[]},{"user_hash":"5A2A39E6E9507C45EA8C3DAEA7F8519D","region":"Americas","id":121973926,"mode":"ranked","hero":"Mage","hero_deck":"Secret","opponent":"Mage","opponent_deck":null,"coin":false,"result":"win","duration":314,"rank":17,"legend":null,"note":null,"added":"2019-01-15T05:21:10Z","card_history":[]},{"user_hash":"5A2A39E6E9507C45EA8C3DAEA7F8519D","region":"Americas","id":121973829,"mode":"ranked","hero":"Mage","hero_deck":"Secret","opponent":"Hunter","opponent_deck":"Face","coin":false,"result":"win","duration":271,"rank":17,"legend":null,"note":null,"added":"2019-01-15T05:14:09Z","card_history":[]},{"user_hash":"5A2A39E6E9507C45EA8C3DAEA7F8519D","region":"Americas","id":121973753,"mode":"ranked","hero":"Mage","hero_deck":"Secret","opponent":"Paladin","opponent_deck":null,"coin":false,"result":"win","duration":255,"rank":17,"legend":null,"note":null,"added":"2019-01-15T05:09:13Z","card_history":[]},{"user_hash":"994698F284025C5255BE77C4406D1198","region":"Europe","id":121986963,"mode":"ranked","hero":"Priest","hero_deck":"Combo","opponent":"Paladin","opponent_deck":null,"coin":false,"result":"loss","duration":797,"rank":null,"legend":null,"note":null,"added":"2019-01-15T15:29:13Z","card_history":[]},{"user_hash":"994698F284025C5255BE77C4406D1198","region":"Europe","id":121986557,"mode":"ranked","hero":"Priest","hero_deck":"Combo","opponent":"Rogue","opponent_deck":null,"coin":false,"result":"loss","duration":282,"rank":null,"legend":null,"note":null,"added":"2019-01-15T15:15:32Z","card_history":[]},{"user_hash":"994698F284025C5255BE77C4406D1198","region":"Europe","id":121986342,"mode":"ranked","hero":"Priest","hero_deck":null,"opponent":"Priest","opponent_deck":null,"coin":false,"result":"loss","duration":428,"rank":null,"legend":null,"note":null,"added":"2019-01-15T15:07:02Z","card_history":[]},{"user_hash":"994698F284025C5255BE77C4406D1198","region":"Europe","id":121986087,"mode":"ranked","hero":"Priest","hero_deck":null,"opponent":"Hunter","opponent_deck":null,"coin":false,"result":"loss","duration":584,"rank":7,"legend":null,"note":null,"added":"2019-01-15T14:58:01Z","card_history":[]},{"user_hash":"994698F284025C5255BE77C4406D1198","region":"Europe","id":121982256,"mode":"ranked","hero":"Druid","hero_deck":"Token","opponent":"Mage","opponent_deck":null,"coin":true,"result":"loss","duration":839,"rank":7,"legend":null,"note":null,"added":"2019-01-15T12:45:13Z","card_history":[]},{"user_hash":"994698F284025C5255BE77C4406D1198","region":"Europe","id":121981678,"mode":"ranked","hero":"Druid","hero_deck":null,"opponent":"Warrior","opponent_deck":null,"coin":true,"result":"win","duration":848,"rank":7,"legend":null,"note":null,"added":"2019-01-15T12:25:08Z","card_history":[]},{"user_hash":"994698F284025C5255BE77C4406D1198","region":"Europe","id":121980919,"mode":"ranked","hero":"Rogue","hero_deck":null,"opponent":"Rogue","opponent_deck":null,"coin":true,"result":"loss","duration":467,"rank":6,"legend":null,"note":null,"added":"2019-01-15T11:53:46Z","card_history":[]},{"user_hash":"994698F284025C5255BE77C4406D1198","region":"Europe","id":121980738,"mode":"ranked","hero":"Rogue","hero_deck":null,"opponent":"Paladin","opponent_deck":null,"coin":true,"result":"loss","duration":669,"rank":6,"legend":null,"note":null,"added":"2019-01-15T11:45:37Z","card_history":[]},{"user_hash":"994698F284025C5255BE77C4406D1198","region":"Europe","id":121969192,"mode":"ranked","hero":"Warlock","hero_deck":null,"opponent":"Priest","opponent_deck":null,"coin":false,"result":"win","duration":594,"rank":6,"legend":null,"note":null,"added":"2019-01-15T00:40:25Z","card_history":[]},{"user_hash":"72EE35E628BB8E1ECBF34E29CBB823F6","region":"Europe","id":121999214,"mode":"ranked","hero":"Shaman","hero_deck":"Midrange","opponent":"Mage","opponent_deck":null,"coin":true,"result":"win","duration":476,"rank":20,"legend":null,"note":null,"added":"2019-01-15T22:48:10Z","card_history":[]},{"user_hash":"72EE35E628BB8E1ECBF34E29CBB823F6","region":"Europe","id":121999033,"mode":"ranked","hero":"Shaman","hero_deck":"Midrange","opponent":"Hunter","opponent_deck":"Midrange","coin":false,"result":"win","duration":736,"rank":20,"legend":null,"note":null,"added":"2019-01-15T22:40:06Z","card_history":[]},{"user_hash":"72EE35E628BB8E1ECBF34E29CBB823F6","region":"Europe","id":121998735,"mode":"ranked","hero":"Shaman","hero_deck":"Midrange","opponent":"Mage","opponent_deck":null,"coin":true,"result":"win","duration":1551,"rank":20,"legend":null,"note":null,"added":"2019-01-15T22:27:26Z","card_history":[]},{"user_hash":"72EE35E628BB8E1ECBF34E29CBB823F6","region":"Europe","id":121997985,"mode":"ranked","hero":"Shaman","hero_deck":"Midrange","opponent":"Hunter","opponent_deck":"Midrange","coin":true,"result":"loss","duration":638,"rank":20,"legend":null,"note":null,"added":"2019-01-15T21:57:31Z","card_history":[]},{"user_hash":"72EE35E628BB8E1ECBF34E29CBB823F6","region":"Europe","id":121997673,"mode":"ranked","hero":"Shaman","hero_deck":null,"opponent":"Rogue","opponent_deck":null,"coin":false,"result":"loss","duration":101,"rank":20,"legend":null,"note":null,"added":"2019-01-15T21:46:46Z","card_history":[]},{"user_hash":"72EE35E628BB8E1ECBF34E29CBB823F6","region":"Europe","id":121997616,"mode":"ranked","hero":"Shaman","hero_deck":null,"opponent":"Priest","opponent_deck":null,"coin":true,"result":"loss","duration":136,"rank":20,"legend":null,"note":null,"added":"2019-01-15T21:44:52Z","card_history":[]},{"user_hash":"72EE35E628BB8E1ECBF34E29CBB823F6","region":"Europe","id":121997542,"mode":"ranked","hero":"Shaman","hero_deck":"Midrange","opponent":"Hunter","opponent_deck":"Midrange","coin":false,"result":"loss","duration":522,"rank":20,"legend":null,"note":null,"added":"2019-01-15T21:42:24Z","card_history":[]},{"user_hash":"72EE35E628BB8E1ECBF34E29CBB823F6","region":"Europe","id":121997303,"mode":"ranked","hero":"Shaman","hero_deck":null,"opponent":"Hunter","opponent_deck":null,"coin":true,"result":"loss","duration":221,"rank":20,"legend":null,"note":null,"added":"2019-01-15T21:33:33Z","card_history":[]},{"user_hash":"72EE35E628BB8E1ECBF34E29CBB823F6","region":"Europe","id":121997185,"mode":"ranked","hero":"Shaman","hero_deck":null,"opponent":"Hunter","opponent_deck":"Midrange","coin":false,"result":"loss","duration":1778,"rank":20,"legend":null,"note":null,"added":"2019-01-15T21:28:58Z","card_history":[]},{"user_hash":"72EE35E628BB8E1ECBF34E29CBB823F6","region":"Europe","id":121996296,"mode":"ranked","hero":"Shaman","hero_deck":null,"opponent":"Shaman","opponent_deck":null,"coin":true,"result":"loss","duration":23,"rank":null,"legend":null,"note":null,"added":"2019-01-15T20:59:12Z","card_history":[]},{"user_hash":"72EE35E628BB8E1ECBF34E29CBB823F6","region":"Europe","id":121996282,"mode":"ranked","hero":"Shaman","hero_deck":null,"opponent":"Mage","opponent_deck":null,"coin":false,"result":"loss","duration":27,"rank":null,"legend":null,"note":null,"added":"2019-01-15T20:58:39Z","card_history":[]},{"user_hash":"72EE35E628BB8E1ECBF34E29CBB823F6","region":"Europe","id":121996268,"mode":"ranked","hero":"Shaman","hero_deck":"Midrange","opponent":"Mage","opponent_deck":null,"coin":true,"result":"loss","duration":1378,"rank":20,"legend":null,"note":null,"added":"2019-01-15T20:57:53Z","card_history":[]},{"user_hash":"72EE35E628BB8E1ECBF34E29CBB823F6","region":"Europe","id":121995621,"mode":"ranked","hero":"Shaman","hero_deck":"Midrange","opponent":"Rogue","opponent_deck":null,"coin":true,"result":"win","duration":321,"rank":20,"legend":null,"note":null,"added":"2019-01-15T20:34:41Z","card_history":[]},{"user_hash":"72EE35E628BB8E1ECBF34E29CBB823F6","region":"Europe","id":121995465,"mode":"ranked","hero":"Shaman","hero_deck":null,"opponent":"Warlock","opponent_deck":null,"coin":false,"result":"loss","duration":173,"rank":null,"legend":null,"note":null,"added":"2019-01-15T20:29:12Z","card_history":[]},{"user_hash":"72EE35E628BB8E1ECBF34E29CBB823F6","region":"Europe","id":121995384,"mode":"ranked","hero":"Shaman","hero_deck":"Midrange","opponent":"Mage","opponent_deck":null,"coin":false,"result":"loss","duration":2591,"rank":null,"legend":null,"note":null,"added":"2019-01-15T20:26:09Z","card_history":[]},{"user_hash":"72EE35E628BB8E1ECBF34E29CBB823F6","region":"Europe","id":121994269,"mode":"ranked","hero":"Shaman","hero_deck":null,"opponent":"Mage","opponent_deck":null,"coin":true,"result":"loss","duration":145,"rank":null,"legend":null,"note":null,"added":"2019-01-15T19:42:50Z","card_history":[]},{"user_hash":"72EE35E628BB8E1ECBF34E29CBB823F6","region":"Europe","id":121994205,"mode":"ranked","hero":"Shaman","hero_deck":"Midrange","opponent":"Paladin","opponent_deck":null,"coin":false,"result":"win","duration":858,"rank":null,"legend":null,"note":null,"added":"2019-01-15T19:40:08Z","card_history":[]},{"user_hash":"72EE35E628BB8E1ECBF34E29CBB823F6","region":"Europe","id":121993834,"mode":"ranked","hero":"Shaman","hero_deck":null,"opponent":"Hunter","opponent_deck":null,"coin":false,"result":"loss","duration":111,"rank":null,"legend":null,"note":null,"added":"2019-01-15T19:25:39Z","card_history":[]},{"user_hash":"72EE35E628BB8E1ECBF34E29CBB823F6","region":"Europe","id":121993770,"mode":"ranked","hero":"Shaman","hero_deck":null,"opponent":"Shaman","opponent_deck":"Token","coin":false,"result":"loss","duration":238,"rank":null,"legend":null,"note":null,"added":"2019-01-15T19:23:38Z","card_history":[]},{"user_hash":"72EE35E628BB8E1ECBF34E29CBB823F6","region":"Europe","id":121993413,"mode":"ranked","hero":"Shaman","hero_deck":"Midrange","opponent":"Druid","opponent_deck":null,"coin":true,"result":"win","duration":780,"rank":null,"legend":null,"note":null,"added":"2019-01-15T19:10:58Z","card_history":[]},{"user_hash":"72EE35E628BB8E1ECBF34E29CBB823F6","region":"Europe","id":121992988,"mode":"casual","hero":"Shaman","hero_deck":"Midrange","opponent":"Rogue","opponent_deck":null,"coin":true,"result":"win","duration":385,"rank":null,"legend":null,"note":null,"added":"2019-01-15T18:56:59Z","card_history":[]},{"user_hash":"72EE35E628BB8E1ECBF34E29CBB823F6","region":"Europe","id":121992798,"mode":"casual","hero":"Shaman","hero_deck":"Token","opponent":"Shaman","opponent_deck":"Token","coin":false,"result":"loss","duration":919,"rank":null,"legend":null,"note":null,"added":"2019-01-15T18:50:18Z","card_history":[]},{"user_hash":"72EE35E628BB8E1ECBF34E29CBB823F6","region":"Europe","id":121992267,"mode":"casual","hero":"Shaman","hero_deck":"Control","opponent":"Rogue","opponent_deck":null,"coin":false,"result":"win","duration":428,"rank":null,"legend":null,"note":null,"added":"2019-01-15T18:30:47Z","card_history":[]},{"user_hash":"72EE35E628BB8E1ECBF34E29CBB823F6","region":"Europe","id":121992050,"mode":"ranked","hero":"Warlock","hero_deck":"Hand","opponent":"Priest","opponent_deck":"Dragon","coin":true,"result":"win","duration":549,"rank":20,"legend":null,"note":null,"added":"2019-01-15T18:23:22Z","card_history":[]},{"user_hash":"72EE35E628BB8E1ECBF34E29CBB823F6","region":"Europe","id":121988149,"mode":"ranked","hero":"Warlock","hero_deck":"Hand","opponent":"Paladin","opponent_deck":null,"coin":false,"result":"win","duration":555,"rank":20,"legend":null,"note":null,"added":"2019-01-15T16:11:02Z","card_history":[]},{"user_hash":"72EE35E628BB8E1ECBF34E29CBB823F6","region":"Europe","id":121987885,"mode":"ranked","hero":"Warlock","hero_deck":"Hand","opponent":"Mage","opponent_deck":"Burn","coin":true,"result":"win","duration":553,"rank":20,"legend":null,"note":null,"added":"2019-01-15T16:01:34Z","card_history":[]},{"user_hash":"72EE35E628BB8E1ECBF34E29CBB823F6","region":"Europe","id":121987614,"mode":"ranked","hero":"Warlock","hero_deck":"Hand","opponent":"Mage","opponent_deck":null,"coin":true,"result":"win","duration":443,"rank":20,"legend":null,"note":null,"added":"2019-01-15T15:52:05Z","card_history":[]},{"user_hash":"72EE35E628BB8E1ECBF34E29CBB823F6","region":"Europe","id":121987387,"mode":"ranked","hero":"Warlock","hero_deck":"Hand","opponent":"Warrior","opponent_deck":"Pirate","coin":false,"result":"loss","duration":265,"rank":20,"legend":null,"note":null,"added":"2019-01-15T15:44:32Z","card_history":[]},{"user_hash":"72EE35E628BB8E1ECBF34E29CBB823F6","region":"Europe","id":121987252,"mode":"ranked","hero":"Warlock","hero_deck":null,"opponent":"Warlock","opponent_deck":null,"coin":true,"result":"loss","duration":24,"rank":null,"legend":null,"note":null,"added":"2019-01-15T15:39:56Z","card_history":[]},{"user_hash":"72EE35E628BB8E1ECBF34E29CBB823F6","region":"Europe","id":121987226,"mode":"ranked","hero":"Warlock","hero_deck":null,"opponent":"Shaman","opponent_deck":"Token","coin":false,"result":"loss","duration":276,"rank":20,"legend":null,"note":null,"added":"2019-01-15T15:39:16Z","card_history":[]},{"user_hash":"72EE35E628BB8E1ECBF34E29CBB823F6","region":"Europe","id":121987067,"mode":"ranked","hero":"Warlock","hero_deck":"Hand","opponent":"Warrior","opponent_deck":null,"coin":false,"result":"loss","duration":629,"rank":20,"legend":null,"note":null,"added":"2019-01-15T15:33:54Z","card_history":[]},{"user_hash":"1896A23AA498E73245FA74A3DE1C3D24","region":"Europe","id":122000651,"mode":"arena","hero":"Hunter","hero_deck":null,"opponent":"Paladin","opponent_deck":null,"coin":true,"result":"win","duration":610,"rank":null,"legend":null,"note":null,"added":"2019-01-15T23:47:57Z","card_history":[]},{"user_hash":"1896A23AA498E73245FA74A3DE1C3D24","region":"Europe","id":122000390,"mode":"arena","hero":"Hunter","hero_deck":null,"opponent":"Mage","opponent_deck":null,"coin":false,"result":"win","duration":407,"rank":null,"legend":null,"note":null,"added":"2019-01-15T23:37:12Z","card_history":[]},{"user_hash":"1896A23AA498E73245FA74A3DE1C3D24","region":"Europe","id":122000221,"mode":"arena","hero":"Hunter","hero_deck":null,"opponent":"Mage","opponent_deck":null,"coin":false,"result":"win","duration":748,"rank":null,"legend":null,"note":null,"added":"2019-01-15T23:30:11Z","card_history":[]},{"user_hash":"1896A23AA498E73245FA74A3DE1C3D24","region":"Europe","id":121999907,"mode":"arena","hero":"Hunter","hero_deck":null,"opponent":"Warlock","opponent_deck":null,"coin":true,"result":"loss","duration":476,"rank":null,"legend":null,"note":null,"added":"2019-01-15T23:17:17Z","card_history":[]},{"user_hash":"1896A23AA498E73245FA74A3DE1C3D24","region":"Europe","id":121999555,"mode":"arena","hero":"Hunter","hero_deck":null,"opponent":"Warrior","opponent_deck":null,"coin":false,"result":"win","duration":301,"rank":null,"legend":null,"note":null,"added":"2019-01-15T23:02:22Z","card_history":[]},{"user_hash":"1896A23AA498E73245FA74A3DE1C3D24","region":"Europe","id":121999424,"mode":"arena","hero":"Hunter","hero_deck":null,"opponent":"Warrior","opponent_deck":null,"coin":false,"result":"win","duration":356,"rank":null,"legend":null,"note":null,"added":"2019-01-15T22:56:58Z","card_history":[]},{"user_hash":"1896A23AA498E73245FA74A3DE1C3D24","region":"Europe","id":121985928,"mode":"ranked","hero":"Shaman","hero_deck":null,"opponent":"Rogue","opponent_deck":null,"coin":true,"result":"loss","duration":159,"rank":20,"legend":null,"note":null,"added":"2019-01-15T14:53:50Z","card_history":[]},{"user_hash":"1896A23AA498E73245FA74A3DE1C3D24","region":"Europe","id":121985851,"mode":"ranked","hero":"Shaman","hero_deck":"Midrange","opponent":"Warlock","opponent_deck":null,"coin":false,"result":"loss","duration":587,"rank":20,"legend":null,"note":null,"added":"2019-01-15T14:51:00Z","card_history":[]},{"user_hash":"1896A23AA498E73245FA74A3DE1C3D24","region":"Europe","id":121985571,"mode":"ranked","hero":"Shaman","hero_deck":"Control","opponent":"Priest","opponent_deck":"Miracle","coin":true,"result":"win","duration":470,"rank":20,"legend":null,"note":null,"added":"2019-01-15T14:41:05Z","card_history":[]},{"user_hash":"1896A23AA498E73245FA74A3DE1C3D24","region":"Europe","id":121985353,"mode":"ranked","hero":"Shaman","hero_deck":"Midrange","opponent":"Warlock","opponent_deck":null,"coin":true,"result":"win","duration":1099,"rank":20,"legend":null,"note":null,"added":"2019-01-15T14:33:05Z","card_history":[]},{"user_hash":"1896A23AA498E73245FA74A3DE1C3D24","region":"Europe","id":121984847,"mode":"ranked","hero":"Shaman","hero_deck":"Control","opponent":"Priest","opponent_deck":"Combo","coin":false,"result":"loss","duration":157,"rank":20,"legend":null,"note":null,"added":"2019-01-15T14:14:34Z","card_history":[]},{"user_hash":"1896A23AA498E73245FA74A3DE1C3D24","region":"Europe","id":121969753,"mode":"ranked","hero":"Shaman","hero_deck":"Token","opponent":"Warrior","opponent_deck":null,"coin":false,"result":"win","duration":890,"rank":20,"legend":null,"note":null,"added":"2019-01-15T01:09:58Z","card_history":[]},{"user_hash":"1896A23AA498E73245FA74A3DE1C3D24","region":"Europe","id":121969460,"mode":"ranked","hero":"Shaman","hero_deck":"Midrange","opponent":"Rogue","opponent_deck":"Miracle","coin":true,"result":"loss","duration":342,"rank":20,"legend":null,"note":null,"added":"2019-01-15T00:54:59Z","card_history":[]},{"user_hash":"1896A23AA498E73245FA74A3DE1C3D24","region":"Europe","id":121969335,"mode":"ranked","hero":"Shaman","hero_deck":"Midrange","opponent":"Shaman","opponent_deck":null,"coin":true,"result":"win","duration":509,"rank":20,"legend":null,"note":null,"added":"2019-01-15T00:48:57Z","card_history":[]},{"user_hash":"1896A23AA498E73245FA74A3DE1C3D24","region":"Europe","id":121969146,"mode":"arena","hero":"Hunter","hero_deck":null,"opponent":"Rogue","opponent_deck":null,"coin":false,"result":"win","duration":180,"rank":null,"legend":null,"note":null,"added":"2019-01-15T00:39:36Z","card_history":[]},{"user_hash":"1896A23AA498E73245FA74A3DE1C3D24","region":"Europe","id":121969095,"mode":"arena","hero":"Hunter","hero_deck":null,"opponent":"Rogue","opponent_deck":null,"coin":false,"result":"loss","duration":530,"rank":null,"legend":null,"note":null,"added":"2019-01-15T00:36:24Z","card_history":[]},{"user_hash":"1896A23AA498E73245FA74A3DE1C3D24","region":"Europe","id":121968573,"mode":"arena","hero":"Hunter","hero_deck":null,"opponent":"Rogue","opponent_deck":null,"coin":false,"result":"win","duration":413,"rank":null,"legend":null,"note":null,"added":"2019-01-15T00:09:28Z","card_history":[]},{"user_hash":"668E13AEDEF99027EFF18815FEF5DC80","region":"Europe","id":121983246,"mode":"ranked","hero":"Hunter","hero_deck":null,"opponent":"Warrior","opponent_deck":null,"coin":false,"result":"win","duration":912,"rank":null,"legend":null,"note":null,"added":"2019-01-15T13:18:04Z","card_history":[]},{"user_hash":"668E13AEDEF99027EFF18815FEF5DC80","region":"Europe","id":121982713,"mode":"ranked","hero":"Rogue","hero_deck":null,"opponent":"Priest","opponent_deck":"Dragon","coin":true,"result":"loss","duration":690,"rank":null,"legend":null,"note":null,"added":"2019-01-15T13:02:43Z","card_history":[]},{"user_hash":"668E13AEDEF99027EFF18815FEF5DC80","region":"Europe","id":121982415,"mode":"ranked","hero":"Hunter","hero_deck":null,"opponent":"Warlock","opponent_deck":null,"coin":false,"result":"loss","duration":500,"rank":null,"legend":null,"note":null,"added":"2019-01-15T12:50:56Z","card_history":[]},{"user_hash":"668E13AEDEF99027EFF18815FEF5DC80","region":"Europe","id":121982099,"mode":"ranked","hero":"Hunter","hero_deck":null,"opponent":"Warlock","opponent_deck":"Hand","coin":true,"result":"loss","duration":758,"rank":null,"legend":null,"note":null,"added":"2019-01-15T12:42:10Z","card_history":[]}]}