{"range_start":"2019-01-10T00:00:00Z","range_end":"2019-01-11T00:00:00Z","unique_users":20,"total_games":225,"games":[{"user_hash":"613D0C19DD5157C604AD55924E4B802A","region":"Americas","id":121819409,"mode":"ranked","hero":"Druid","hero_deck":null,"opponent":"Warlock","opponent_deck":null,"coin":false,"result":"win","duration":441,"rank":4,"legend":null,"note":null,"added":"2019-01-10T09:22:24Z","card_history":[]},{"user_hash":"613D0C19DD5157C604AD55924E4B802A","region":"Americas","id":121819277,"mode":"ranked","hero":"Druid","hero_deck":null,"opponent":"Paladin","opponent_deck":null,"coin":false,"result":"win","duration":458,"rank":4,"legend":null,"note":null,"added":"2019-01-10T09:14:38Z","card_history":[]},{"user_hash":"613D0C19DD5157C604AD55924E4B802A","region":"Americas","id":121818869,"mode":"ranked","hero":"Warlock","hero_deck":null,"opponent":"Rogue","opponent_deck":null,"coin":true,"result":"win","duration":543,"rank":4,"legend":null,"note":null,"added":"2019-01-10T08:48:49Z","card_history":[]},{"user_hash":"613D0C19DD5157C604AD55924E4B802A","region":"Americas","id":121818706,"mode":"ranked","hero":"Warlock","hero_deck":null,"opponent":"Shaman","opponent_deck":"Midrange","coin":true,"result":"loss","duration":293,"rank":4,"legend":null,"note":null,"added":"2019-01-10T08:39:29Z","card_history":[]},{"user_hash":"613D0C19DD5157C604AD55924E4B802A","region":"Americas","id":121818619,"mode":"ranked","hero":"Warlock","hero_deck":null,"opponent":"Priest","opponent_deck":"Combo","coin":true,"result":"loss","duration":424,"rank":3,"legend":null,"note":null,"added":"2019-01-10T08:33:50Z","card_history":[]},{"user_hash":"613D0C19DD5157C604AD55924E4B802A","region":"Americas","id":121818498,"mode":"ranked","hero":"Warlock","hero_deck":null,"opponent":"Warrior","opponent_deck":null,"coin":true,"result":"loss","duration":1182,"rank":3,"legend":null,"note":null,"added":"2019-01-10T08:26:29Z","card_history":[]},{"user_hash":"613D0C19DD5157C604AD55924E4B802A","region":"Americas","id":121817502,"mode":"ranked","hero":"Druid","hero_deck":null,"opponent":"Warrior","opponent_deck":null,"coin":true,"result":"win","duration":581,"rank":4,"legend":null,"note":null,"added":"2019-01-10T07:17:01Z","card_history":[]},{"user_hash":"613D0C19DD5157C604AD55924E4B802A","region":"Americas","id":121817348,"mode":"ranked","hero":"Druid","hero_deck":null,"opponent":"Paladin","opponent_deck":null,"coin":true,"result":"win","duration":669,"rank":4,"legend":null,"note":null,"added":"2019-01-10T07:07:01Z","card_history":[]},{"user_hash":"613D0C19DD5157C604AD55924E4B802A","region":"Americas","id":121817183,"mode":"ranked","hero":"Druid","hero_deck":null,"opponent":"Shaman","opponent_deck":"Midrange","coin":false,"result":"loss","duration":440,"rank":4,"legend":null,"note":null,"added":"2019-01-10T06:55:26Z","card_history":[]},{"user_hash":"613D0C19DD5157C604AD55924E4B802A","region":"Americas","id":121817060,"mode":"ranked","hero":"Druid","hero_deck":null,"opponent":"Rogue","opponent_deck":null,"coin":false,"result":"win","duration":775,"rank":4,"legend":null,"note":null,"added":"2019-01-10T06:47:38Z","card_history":[]},{"user_hash":"613D0C19DD5157C604AD55924E4B802A","region":"Americas","id":121816845,"mode":"ranked","hero":"Druid","hero_deck":null,"opponent":"Warlock","opponent_deck":null,"coin":true,"result":"win","duration":148,"rank":4,"legend":null,"note":null,"added":"2019-01-10T06:34:35Z","card_history":[]},{"user_hash":"613D0C19DD5157C604AD55924E4B802A","region":"Americas","id":121816051,"mode":"ranked","hero":"Druid","hero_deck":null,"opponent":"Druid","opponent_deck":null,"coin":true,"result":"loss","duration":650,"rank":4,"legend":null,"note":null,"added":"2019-01-10T05:45:59Z","card_history":[]},{"user_hash":"613D0C19DD5157C604AD55924E4B802A","region":"Americas","id":121815840,"mode":"ranked","hero":"Paladin","hero_deck":null,"opponent":"Priest","opponent_deck":"Combo","coin":false,"result":"loss","duration":508,"rank":4,"legend":null,"note":null,"added":"2019-01-10T05:33:15Z","card_history":[]},{"user_hash":"613D0C19DD5157C604AD55924E4B802A","region":"Americas","id":121815712,"mode":"ranked","hero":"Paladin","hero_deck":null,"opponent":"Hunter","opponent_deck":"Midrange","coin":false,"result":"win","duration":514,"rank":4,"legend":null,"note":null,"added":"2019-01-10T05:24:37Z","card_history":[]},{"user_hash":"613D0C19DD5157C604AD55924E4B802A","region":"Americas","id":121815500,"mode":"ranked","hero":"Druid","hero_deck":null,"opponent":"Paladin","opponent_deck":null,"coin":false,"result":"win","duration":525,"rank":4,"legend":null,"note":null,"added":"2019-01-10T05:10:37Z","card_history":[]},{"user_hash":"613D0C19DD5157C604AD55924E4B802A","region":"Americas","id":121815349,"mode":"ranked","hero":"Druid","hero_deck":null,"opponent":"Priest","opponent_deck":"Combo","coin":false,"result":"win","duration":983,"rank":4,"legend":null,"note":null,"added":"2019-01-10T05:01:40Z","card_history":[]},{"user_hash":"613D0C19DD5157C604AD55924E4B802A","region":"Americas","id":121815119,"mode":"ranked","hero":"Druid","hero_deck":null,"opponent":"Mage","opponent_deck":"Secret","coin":false,"result":"win","duration":672,"rank":4,"legend":null,"note":null,"added":"2019-01-10T04:45:03Z","card_history":[]},{"user_hash":"4FDDDA84DDA9BB29DCC230E05EA70D48","region":"Americas","id":121840012,"mode":"friendly","hero":"Rogue","hero_deck":null,"opponent":"Paladin","opponent_deck":"Midrange","coin":true,"result":"loss","duration":293,"rank":null,"legend":null,"note":null,"added":"2019-01-10T23:15:18Z","card_history":[]},{"user_hash":"4FDDDA84DDA9BB29DCC230E05EA70D48","region":"Americas","id":121839509,"mode":"ranked","hero":"Rogue","hero_deck":null,"opponent":"Priest","opponent_deck":"Dragon","coin":false,"result":"loss","duration":578,"rank":6,"legend":null,"note":null,"added":"2019-01-10T22:52:21Z","card_history":[]},{"user_hash":"4FDDDA84DDA9BB29DCC230E05EA70D48","region":"Americas","id":121839281,"mode":"ranked","hero":"Rogue","hero_deck":null,"opponent":"Shaman","opponent_deck":"Control","coin":false,"result":"win","duration":392,"rank":6,"legend":null,"note":null,"added":"2019-01-10T22:42:14Z","card_history":[]},{"user_hash":"4FDDDA84DDA9BB29DCC230E05EA70D48","region":"Americas","id":121838902,"mode":"ranked","hero":"Rogue","hero_deck":null,"opponent":"Shaman","opponent_deck":"Midrange","coin":false,"result":"win","duration":375,"rank":6,"legend":null,"note":null,"added":"2019-01-10T22:28:15Z","card_history":[]},{"user_hash":"4FDDDA84DDA9BB29DCC230E05EA70D48","region":"Americas","id":121838724,"mode":"ranked","hero":"Rogue","hero_deck":null,"opponent":"Shaman","opponent_deck":"Midrange","coin":false,"result":"loss","duration":391,"rank":6,"legend":null,"note":null,"added":"2019-01-10T22:21:31Z","card_history":[]},{"user_hash":"4FDDDA84DDA9BB29DCC230E05EA70D48","region":"Americas","id":121838555,"mode":"ranked","hero":"Rogue","hero_deck":null,"opponent":"Warrior","opponent_deck":null,"coin":true,"result":"win","duration":200,"rank":6,"legend":null,"note":null,"added":"2019-01-10T22:14:42Z","card_history":[]},{"user_hash":"4FDDDA84DDA9BB29DCC230E05EA70D48","region":"Americas","id":121838233,"mode":"ranked","hero":"Rogue","hero_deck":null,"opponent":"Druid","opponent_deck":"Jade","coin":false,"result":"win","duration":505,"rank":6,"legend":null,"note":null,"added":"2019-01-10T22:01:53Z","card_history":[]},{"user_hash":"4FDDDA84DDA9BB29DCC230E05EA70D48","region":"Americas","id":121837813,"mode":"ranked","hero":"Rogue","hero_deck":null,"opponent":"Shaman","opponent_deck":null,"coin":false,"result":"win","duration":438,"rank":6,"legend":null,"note":null,"added":"2019-01-10T21:44:59Z","card_history":[]},{"user_hash":"4FDDDA84DDA9BB29DCC230E05EA70D48","region":"Americas","id":121837627,"mode":"ranked","hero":"Rogue","hero_deck":null,"opponent":"Warrior","opponent_deck":"Pirate","coin":true,"result":"loss","duration":295,"rank":6,"legend":null,"note":null,"added":"2019-01-10T21:37:11Z","card_history":[]},{"user_hash":"4FDDDA84DDA9BB29DCC230E05EA70D48","region":"Americas","id":121837495,"mode":"ranked","hero":"Rogue","hero_deck":null,"opponent":"Warlock","opponent_deck":null,"coin":true,"result":"loss","duration":414,"rank":6,"legend":null,"note":null,"added":"2019-01-10T21:31:50Z","card_history":[]},{"user_hash":"4FDDDA84DDA9BB29DCC230E05EA70D48","region":"Americas","id":121837315,"mode":"ranked","hero":"Rogue","hero_deck":null,"opponent":"Shaman","opponent_deck":"Midrange","coin":true,"result":"win","duration":365,"rank":7,"legend":null,"note":null,"added":"2019-01-10T21:24:24Z","card_history":[]},{"user_hash":"4FDDDA84DDA9BB29DCC230E05EA70D48","region":"Americas","id":121837137,"mode":"ranked","hero":"Rogue","hero_deck":null,"opponent":"Priest","opponent_deck":null,"coin":false,"result":"win","duration":238,"rank":7,"legend":null,"note":null,"added":"2019-01-10T21:16:31Z","card_history":[]},{"user_hash":"4FDDDA84DDA9BB29DCC230E05EA70D48","region":"Americas","id":121837034,"mode":"ranked","hero":"Rogue","hero_deck":null,"opponent":"Rogue","opponent_deck":null,"coin":false,"result":"win","duration":190,"rank":7,"legend":null,"note":null,"added":"2019-01-10T21:12:06Z","card_history":[]},{"user_hash":"4FDDDA84DDA9BB29DCC230E05EA70D48","region":"Americas","id":121836943,"mode":"ranked","hero":"Rogue","hero_deck":null,"opponent":"Priest","opponent_deck":null,"coin":false,"result":"win","duration":155,"rank":8,"legend":null,"note":null,"added":"2019-01-10T21:08:15Z","card_history":[]},{"user_hash":"4FDDDA84DDA9BB29DCC230E05EA70D48","region":"Americas","id":121836875,"mode":"ranked","hero":"Mage","hero_deck":"Burn","opponent":"Shaman","opponent_deck":"Midrange","coin":true,"result":"loss","duration":397,"rank":5,"legend":null,"note":null,"added":"2019-01-10T21:05:07Z","card_history":[]},{"user_hash":"58C888572FE027C1FAC56783A58A7649","region":"Americas","id":121840732,"mode":"ranked","hero":"Mage","hero_deck":null,"opponent":"Mage","opponent_deck":null,"coin":false,"result":"win","duration":428,"rank":null,"legend":null,"note":null,"added":"2019-01-10T23:46:44Z","card_history":[]},{"user_hash":"58C888572FE027C1FAC56783A58A7649","region":"Americas","id":121837270,"mode":"ranked","hero":"Mage","hero_deck":"Secret","opponent":"Mage","opponent_deck":"Secret","coin":true,"result":"loss","duration":713,"rank":null,"legend":null,"note":null,"added":"2019-01-10T21:22:28Z","card_history":[]},{"user_hash":"58C888572FE027C1FAC56783A58A7649","region":"Americas","id":121836990,"mode":"ranked","hero":"Mage","hero_deck":"Secret","opponent":"Hunter","opponent_deck":"Midrange","coin":true,"result":"win","duration":413,"rank":null,"legend":null,"note":null,"added":"2019-01-10T21:10:01Z","card_history":[]},{"user_hash":"58C888572FE027C1FAC56783A58A7649","region":"Americas","id":121836807,"mode":"ranked","hero":"Mage","hero_deck":null,"opponent":"Warrior","opponent_deck":null,"coin":true,"result":"win","duration":642,"rank":null,"legend":null,"note":null,"added":"2019-01-10T21:02:53Z","card_history":[]},{"user_hash":"58C888572FE027C1FAC56783A58A7649","region":"Americas","id":121836532,"mode":"ranked","hero":"Paladin","hero_deck":null,"opponent":"Warrior","opponent_deck":"Taunt","coin":true,"result":"loss","duration":759,"rank":null,"legend":null,"note":null,"added":"2019-01-10T20:50:29Z","card_history":[]},{"user_hash":"58C888572FE027C1FAC56783A58A7649","region":"Americas","id":121836223,"mode":"ranked","hero":"Paladin","hero_deck":null,"opponent":"Warrior","opponent_deck":"Taunt","coin":false,"result":"win","duration":408,"rank":null,"legend":null,"note":null,"added":"2019-01-10T20:37:37Z","card_history":[]},{"user_hash":"58C888572FE027C1FAC56783A58A7649","region":"Americas","id":121835893,"mode":"ranked","hero":"Paladin","hero_deck":null,"opponent":"Rogue","opponent_deck":null,"coin":false,"result":"win","duration":381,"rank":null,"legend":null,"note":null,"added":"2019-01-10T20:24:00Z","card_history":[]},{"user_hash":"58C888572FE027C1FAC56783A58A7649","region":"Americas","id":121835725,"mode":"ranked","hero":"Paladin","hero_deck":null,"opponent":"Rogue","opponent_deck":null,"coin":false,"result":"win","duration":107,"rank":null,"legend":null,"note":null,"added":"2019-01-10T20:17:27Z","card_history":[]},{"user_hash":"C434EFEA7E3DD45BBE654481BE46D850","region":"Americas","id":121815211,"mode":"ranked","hero":"Priest","hero_deck":null,"opponent":"Rogue","opponent_deck":null,"coin":true,"result":"loss","duration":245,"rank":18,"legend":null,"note":null,"added":"2019-01-10T04:51:31Z","card_history":[]},{"user_hash":"C434EFEA7E3DD45BBE654481BE46D850","region":"Americas","id":121815146,"mode":"ranked","hero":"Priest","hero_deck":null,"opponent":"Hunter","opponent_deck":null,"coin":true,"result":"loss","duration":130,"rank":18,"legend":null,"note":null,"added":"2019-01-10T04:46:56Z","card_history":[]},{"user_hash":"C434EFEA7E3DD45BBE654481BE46D850","region":"Americas","id":121815107,"mode":"ranked","hero":"Priest","hero_deck":null,"opponent":"Mage","opponent_deck":null,"coin":false,"result":"win","duration":28,"rank":null,"legend":null,"note":null,"added":"2019-01-10T04:44:36Z","card_history":[]},{"user_hash":"C434EFEA7E3DD45BBE654481BE46D850","region":"Americas","id":121815092,"mode":"ranked","hero":"Priest","hero_deck":null,"opponent":"Rogue","opponent_deck":null,"coin":true,"result":"loss","duration":105,"rank":18,"legend":null,"note":null,"added":"2019-01-10T04:43:52Z","card_history":[]},{"user_hash":"C434EFEA7E3DD45BBE654481BE46D850","region":"Americas","id":121815053,"mode":"ranked","hero":"Priest","hero_deck":"Combo","opponent":"Priest","opponent_deck":"Dragon","coin":true,"result":"win","duration":188,"rank":18,"legend":null,"note":null,"added":"2019-01-10T04:40:55Z","card_history":[]},{"user_hash":"C434EFEA7E3DD45BBE654481BE46D850","region":"Americas","id":121815000,"mode":"ranked","hero":"Priest","hero_deck":null,"opponent":"Hunter","opponent_deck":null,"coin":false,"result":"win","duration":1000,"rank":18,"legend":null,"note":null,"added":"2019-01-10T04:37:23Z","card_history":[]},{"user_hash":"C434EFEA7E3DD45BBE654481BE46D850","region":"Americas","id":121814766,"mode":"ranked","hero":"Priest","hero_deck":null,"opponent":"Hunter","opponent_deck":"Midrange","coin":false,"result":"loss","duration":587,"rank":18,"legend":null,"note":null,"added":"2019-01-10T04:20:34Z","card_history":[]},{"user_hash":"C434EFEA7E3DD45BBE654481BE46D850","region":"Americas","id":121814623,"mode":"ranked","hero":"Priest","hero_deck":null,"opponent":"Rogue","opponent_deck":null,"coin":true,"result":"win","duration":874,"rank":18,"legend":null,"note":null,"added":"2019-01-10T04:10:14Z","card_history":[]},{"user_hash":"C434EFEA7E3DD45BBE654481BE46D850","region":"Americas","id":121814388,"mode":"ranked","hero":"Priest","hero_deck":null,"opponent":"Priest","opponent_deck":null,"coin":false,"result":"loss","duration":127,"rank":18,"legend":null,"note":null,"added":"2019-01-10T03:55:31Z","card_history":[]},{"user_hash":"C434EFEA7E3DD45BBE654481BE46D850","region":"Americas","id":121814343,"mode":"ranked","hero":"Priest","hero_deck":null,"opponent":"Hunter","opponent_deck":"Midrange","coin":true,"result":"win","duration":492,"rank":18,"legend":null,"note":null,"added":"2019-01-10T03:52:52Z","card_history":[]},{"user_hash":"C434EFEA7E3DD45BBE654481BE46D850","region":"Americas","id":121812617,"mode":"ranked","hero":"Priest","hero_deck":null,"opponent":"Warlock","opponent_deck":null,"coin":false,"result":"win","duration":651,"rank":19,"legend":null,"note":null,"added":"2019-01-10T01:59:59Z","card_history":[]},{"user_hash":"C434EFEA7E3DD45BBE654481BE46D850","region":"Americas","id":121812437,"mode":"ranked","hero":"Priest","hero_deck":null,"opponent":"Hunter","opponent_deck":"Midrange","coin":true,"result":"win","duration":408,"rank":19,"legend":null,"note":null,"added":"2019-01-10T01:48:55Z","card_history":[]},{"user_hash":"C434EFEA7E3DD45BBE654481BE46D850","region":"Americas","id":121812322,"mode":"ranked","hero":"Priest","hero_deck":null,"opponent":"Shaman","opponent_deck":"Token","coin":false,"result":"win","duration":984,"rank":19,"legend":null,"note":null,"added":"2019-01-10T01:41:09Z","card_history":[]},{"user_hash":"C434EFEA7E3DD45BBE654481BE46D850","region":"Americas","id":121812025,"mode":"ranked","hero":"Priest","hero_deck":null,"opponent":"Warrior","opponent_deck":"Pirate","coin":false,"result":"win","duration":359,"rank":19,"legend":null,"note":null,"added":"2019-01-10T01:23:01Z","card_history":[]},{"user_hash":"C434EFEA7E3DD45BBE654481BE46D850","region":"Americas","id":121811916,"mode":"ranked","hero":"Priest","hero_deck":null,"opponent":"Warlock","opponent_deck":"Hand","coin":true,"result":"loss","duration":1109,"rank":19,"legend":null,"note":null,"added":"2019-01-10T01:16:36Z","card_history":[]},{"user_hash":"C434EFEA7E3DD45BBE654481BE46D850","region":"Americas","id":121811177,"mode":"ranked","hero":"Priest","hero_deck":null,"opponent":"Priest","opponent_deck":null,"coin":false,"result":"win","duration":662,"rank":20,"legend":null,"note":null,"added":"2019-01-10T00:34:18Z","card_history":[]},{"user_hash":"C434EFEA7E3DD45BBE654481BE46D850","region":"Americas","id":121810970,"mode":"ranked","hero":"Priest","hero_deck":null,"opponent":"Mage","opponent_deck":null,"coin":true,"result":"win","duration":896,"rank":20,"legend":null,"note":null,"added":"2019-01-10T00:22:51Z","card_history":[]},{"user_hash":"03F0DD5EBF0AC6CC6D7DA0B9336D9D6A","region":"Americas","id":121815823,"mode":"ranked","hero":"Priest","hero_deck":"Combo","opponent":"Hunter","opponent_deck":"Midrange","coin":false,"result":"win","duration":1315,"rank":null,"legend":null,"note":null,"added":"2019-01-10T05:31:51Z","card_history":[]},{"user_hash":"03F0DD5EBF0AC6CC6D7DA0B9336D9D6A","region":"Americas","id":121815446,"mode":"ranked","hero":"Priest","hero_deck":"Combo","opponent":"Priest","opponent_deck":null,"coin":false,"result":"win","duration":207,"rank":1,"legend":null,"note":null,"added":"2019-01-10T05:07:38Z","card_history":[]},{"user_hash":"03F0DD5EBF0AC6CC6D7DA0B9336D9D6A","region":"Americas","id":121815368,"mode":"ranked","hero":"Priest","hero_deck":"Combo","opponent":"Mage","opponent_deck":null,"coin":true,"result":"win","duration":808,"rank":1,"legend":null,"note":null,"added":"2019-01-10T05:02:58Z","card_history":[]},{"user_hash":"03F0DD5EBF0AC6CC6D7DA0B9336D9D6A","region":"Americas","id":121815171,"mode":"ranked","hero":"Priest","hero_deck":"Combo","opponent":"Hunter","opponent_deck":"Midrange","coin":false,"result":"win","duration":388,"rank":1,"legend":null,"note":null,"added":"2019-01-10T04:48:59Z","card_history":[]},{"user_hash":"03F0DD5EBF0AC6CC6D7DA0B9336D9D6A","region":"Americas","id":121815062,"mode":"ranked","hero":"Priest","hero_deck":"Combo","opponent":"Priest","opponent_deck":"Combo","coin":true,"result":"win","duration":466,"rank":1,"legend":null,"note":null,"added":"2019-01-10T04:41:34Z","card_history":[]},{"user_hash":"03F0DD5EBF0AC6CC6D7DA0B9336D9D6A","region":"Americas","id":121814953,"mode":"ranked","hero":"Priest","hero_deck":"Combo","opponent":"Priest","opponent_deck":"Combo","coin":true,"result":"win","duration":418,"rank":1,"legend":null,"note":null,"added":"2019-01-10T04:33:28Z","card_history":[]},{"user_hash":"03F0DD5EBF0AC6CC6D7DA0B9336D9D6A","region":"Americas","id":121812518,"mode":"ranked","hero":"Priest","hero_deck":"Combo","opponent":"Hunter","opponent_deck":"Midrange","coin":true,"result":"win","duration":2577,"rank":1,"legend":null,"note":null,"added":"2019-01-10T01:53:48Z","card_history":[]},{"user_hash":"03F0DD5EBF0AC6CC6D7DA0B9336D9D6A","region":"Americas","id":121811803,"mode":"ranked","hero":"Priest","hero_deck":"Combo","opponent":"Hunter","opponent_deck":"Midrange","coin":false,"result":"loss","duration":336,"rank":1,"legend":null,"note":null,"added":"2019-01-10T01:10:23Z","card_history":[]},{"user_hash":"ACA54F4E01ACB4D94F6D77278D82F2FB","region":"Americas","id":121828176,"mode":"ranked","hero":"Hunter","hero_deck":"Midrange","opponent":"Warrior","opponent_deck":"Pirate","coin":true,"result":"loss","duration":438,"rank":5,"legend":null,"note":null,"added":"2019-01-10T15:47:06Z","card_history":[]},{"user_hash":"ACA54F4E01ACB4D94F6D77278D82F2FB","region":"Americas","id":121827962,"mode":"ranked","hero":"Hunter","hero_deck":"Midrange","opponent":"Mage","opponent_deck":"Secret","coin":true,"result":"loss","duration":310,"rank":5,"legend":null,"note":null,"added":"2019-01-10T15:39:36Z","card_history":[]},{"user_hash":"98D139BEAF5AE0FFDF0DB6F833114305","region":"Americas","id":121839899,"mode":"ranked","hero":"Hunter","hero_deck":"Midrange","opponent":"Hunter","opponent_deck":"Midrange","coin":false,"result":"loss","duration":611,"rank":9,"legend":null,"note":null,"added":"2019-01-10T23:09:52Z","card_history":[]},{"user_hash":"98D139BEAF5AE0FFDF0DB6F833114305","region":"Americas","id":121834298,"mode":"ranked","hero":"Hunter","hero_deck":"Midrange","opponent":"Shaman","opponent_deck":"Midrange","coin":true,"result":"win","duration":1435,"rank":9,"legend":null,"note":null,"added":"2019-01-10T19:24:39Z","card_history":[]},{"user_hash":"98D139BEAF5AE0FFDF0DB6F833114305","region":"Americas","id":121827604,"mode":"ranked","hero":"Paladin","hero_deck":null,"opponent":"Priest","opponent_deck":"Combo","coin":false,"result":"win","duration":429,"rank":9,"legend":null,"note":null,"added":"2019-01-10T15:26:06Z","card_history":[]},{"user_hash":"98D139BEAF5AE0FFDF0DB6F833114305","region":"Americas","id":121826939,"mode":"ranked","hero":"Hunter","hero_deck":"Midrange","opponent":"Druid","opponent_deck":null,"coin":false,"result":"win","duration":542,"rank":9,"legend":null,"note":null,"added":"2019-01-10T15:01:41Z","card_history":[]},{"user_hash":"98D139BEAF5AE0FFDF0DB6F833114305","region":"Americas","id":121815109,"mode":"ranked","hero":"Hunter","hero_deck":"Midrange","opponent":"Warlock","opponent_deck":null,"coin":true,"result":"loss","duration":291,"rank":9,"legend":null,"note":null,"added":"2019-01-10T04:44:36Z","card_history":[]},{"user_hash":"98D139BEAF5AE0FFDF0DB6F833114305","region":"Americas","id":121815029,"mode":"ranked","hero":"Hunter","hero_deck":"Midrange","opponent":"Hunter","opponent_deck":"Midrange","coin":false,"result":"win","duration":414,"rank":9,"legend":null,"note":null,"added":"2019-01-10T04:39:30Z","card_history":[]},{"user_hash":"484CE0F8E1A123CEC8682A11FB1366E0","region":"Americas","id":121815096,"mode":"ranked","hero":"Shaman","hero_deck":"Token","opponent":"Rogue","opponent_deck":null,"coin":false,"result":"loss","duration":506,"rank":15,"legend":null,"note":null,"added":"2019-01-10T04:44:20Z","card_history":[]},{"user_hash":"484CE0F8E1A123CEC8682A11FB1366E0","region":"Americas","id":121814963,"mode":"ranked","hero":"Shaman","hero_deck":null,"opponent":"Priest","opponent_deck":null,"coin":false,"result":"loss","duration":161,"rank":15,"legend":null,"note":null,"added":"2019-01-10T04:34:51Z","card_history":[]},{"user_hash":"484CE0F8E1A123CEC8682A11FB1366E0","region":"Americas","id":121814927,"mode":"ranked","hero":"Shaman","hero_deck":"Token","opponent":"Paladin","opponent_deck":null,"coin":true,"result":"loss","duration":376,"rank":15,"legend":null,"note":null,"added":"2019-01-10T04:31:49Z","card_history":[]},{"user_hash":"484CE0F8E1A123CEC8682A11FB1366E0","region":"Americas","id":121814818,"mode":"ranked","hero":"Shaman","hero_deck":"Token","opponent":"Warrior","opponent_deck":"Taunt","coin":false,"result":"loss","duration":178,"rank":15,"legend":null,"note":null,"added":"2019-01-10T04:24:12Z","card_history":[]},{"user_hash":"484CE0F8E1A123CEC8682A11FB1366E0","region":"Americas","id":121814707,"mode":"ranked","hero":"Shaman","hero_deck":null,"opponent":"Paladin","opponent_deck":null,"coin":true,"result":"loss","duration":52,"rank":null,"legend":null,"note":null,"added":"2019-01-10T04:17:07Z","card_history":[]},{"user_hash":"484CE0F8E1A123CEC8682A11FB1366E0","region":"Americas","id":121814551,"mode":"ranked","hero":"Shaman","hero_deck":"Midrange","opponent":"Rogue","opponent_deck":"Quest","coin":false,"result":"win","duration":421,"rank":null,"legend":null,"note":null,"added":"2019-01-10T04:05:50Z","card_history":[]},{"user_hash":"484CE0F8E1A123CEC8682A11FB1366E0","region":"Americas","id":121814440,"mode":"ranked","hero":"Shaman","hero_deck":null,"opponent":"Paladin","opponent_deck":null,"coin":false,"result":"win","duration":116,"rank":null,"legend":null,"note":null,"added":"2019-01-10T03:58:34Z","card_history":[]},{"user_hash":"484CE0F8E1A123CEC8682A11FB1366E0","region":"Americas","id":121814404,"mode":"ranked","hero":"Shaman","hero_deck":"Midrange","opponent":"Mage","opponent_deck":null,"coin":false,"result":"win","duration":502,"rank":null,"legend":null,"note":null,"added":"2019-01-10T03:56:22Z","card_history":[]},{"user_hash":"484CE0F8E1A123CEC8682A11FB1366E0","region":"Americas","id":121814234,"mode":"ranked","hero":"Shaman","hero_deck":null,"opponent":"Warlock","opponent_deck":null,"coin":true,"result":"loss","duration":115,"rank":null,"legend":null,"note":null,"added":"2019-01-10T03:46:28Z","card_history":[]},{"user_hash":"484CE0F8E1A123CEC8682A11FB1366E0","region":"Americas","id":121814197,"mode":"ranked","hero":"Shaman","hero_deck":"Midrange","opponent":"Warrior","opponent_deck":"Taunt","coin":false,"result":"win","duration":381,"rank":null,"legend":null,"note":null,"added":"2019-01-10T03:44:16Z","card_history":[]},{"user_hash":"484CE0F8E1A123CEC8682A11FB1366E0","region":"Americas","id":121814091,"mode":"ranked","hero":"Shaman","hero_deck":"Midrange","opponent":"Rogue","opponent_deck":null,"coin":false,"result":"win","duration":346,"rank":null,"legend":null,"note":null,"added":"2019-01-10T03:37:37Z","card_history":[]},{"user_hash":"484CE0F8E1A123CEC8682A11FB1366E0","region":"Americas","id":121813398,"mode":"ranked","hero":"Rogue","hero_deck":null,"opponent":"Shaman","opponent_deck":null,"coin":true,"result":"loss","duration":354,"rank":9,"legend":null,"note":null,"added":"2019-01-10T02:50:52Z","card_history":[]},{"user_hash":"A291E82C4070D38FB127D2A8481A505A","region":"Europe","id":121839903,"mode":"ranked","hero":"Mage","hero_deck":"Secret","opponent":"Hunter","opponent_deck":"Midrange","coin":true,"result":"loss","duration":490,"rank":null,"legend":null,"note":null,"added":"2019-01-10T23:10:02Z","card_history":[]},{"user_hash":"A291E82C4070D38FB127D2A8481A505A","region":"Europe","id":121839709,"mode":"ranked","hero":"Mage","hero_deck":"Secret","opponent":"Hunter","opponent_deck":"Midrange","coin":false,"result":"loss","duration":408,"rank":null,"legend":null,"note":null,"added":"2019-01-10T23:01:42Z","card_history":[]},{"user_hash":"A291E82C4070D38FB127D2A8481A505A","region":"Europe","id":121839560,"mode":"ranked","hero":"Mage","hero_deck":"Secret","opponent":"Rogue","opponent_deck":null,"coin":true,"result":"win","duration":471,"rank":null,"legend":null,"note":null,"added":"2019-01-10T22:54:38Z","card_history":[]},{"user_hash":"A291E82C4070D38FB127D2A8481A505A","region":"Europe","id":121839057,"mode":"ranked","hero":"Paladin","hero_deck":null,"opponent":"Paladin","opponent_deck":"Control","coin":false,"result":"win","duration":438,"rank":1,"legend":null,"note":null,"added":"2019-01-10T22:33:42Z","card_history":[]},{"user_hash":"A291E82C4070D38FB127D2A8481A505A","region":"Europe","id":121838807,"mode":"ranked","hero":"Paladin","hero_deck":null,"opponent":"Paladin","opponent_deck":null,"coin":false,"result":"win","duration":819,"rank":1,"legend":null,"note":null,"added":"2019-01-10T22:24:45Z","card_history":[]},{"user_hash":"A291E82C4070D38FB127D2A8481A505A","region":"Europe","id":121838446,"mode":"ranked","hero":"Paladin","hero_deck":null,"opponent":"Hunter","opponent_deck":"Midrange","coin":true,"result":"loss","duration":793,"rank":1,"legend":null,"note":null,"added":"2019-01-10T22:10:43Z","card_history":[]},{"user_hash":"A291E82C4070D38FB127D2A8481A505A","region":"Europe","id":121838116,"mode":"ranked","hero":"Paladin","hero_deck":null,"opponent":"Hunter","opponent_deck":"Midrange","coin":false,"result":"win","duration":233,"rank":1,"legend":null,"note":null,"added":"2019-01-10T21:57:18Z","card_history":[]},{"user_hash":"A291E82C4070D38FB127D2A8481A505A","region":"Europe","id":121838010,"mode":"ranked","hero":"Paladin","hero_deck":null,"opponent":"Hunter","opponent_deck":"Midrange","coin":true,"result":"win","duration":379,"rank":1,"legend":null,"note":null,"added":"2019-01-10T21:53:04Z","card_history":[]},{"user_hash":"A291E82C4070D38FB127D2A8481A505A","region":"Europe","id":121837845,"mode":"ranked","hero":"Paladin","hero_deck":null,"opponent":"Priest","opponent_deck":"Combo","coin":false,"result":"loss","duration":630,"rank":1,"legend":null,"note":null,"added":"2019-01-10T21:46:20Z","card_history":[]},{"user_hash":"A291E82C4070D38FB127D2A8481A505A","region":"Europe","id":121837554,"mode":"ranked","hero":"Paladin","hero_deck":null,"opponent":"Paladin","opponent_deck":null,"coin":false,"result":"win","duration":754,"rank":1,"legend":null,"note":null,"added":"2019-01-10T21:34:13Z","card_history":[]},{"user_hash":"A291E82C4070D38FB127D2A8481A505A","region":"Europe","id":121837238,"mode":"ranked","hero":"Paladin","hero_deck":null,"opponent":"Warrior","opponent_deck":"Taunt","coin":true,"result":"win","duration":833,"rank":1,"legend":null,"note":null,"added":"2019-01-10T21:21:24Z","card_history":[]},{"user_hash":"A291E82C4070D38FB127D2A8481A505A","region":"Europe","id":121836918,"mode":"ranked","hero":"Paladin","hero_deck":null,"opponent":"Priest","opponent_deck":"Combo","coin":false,"result":"win","duration":299,"rank":1,"legend":null,"note":null,"added":"2019-01-10T21:07:19Z","card_history":[]},{"user_hash":"A291E82C4070D38FB127D2A8481A505A","region":"Europe","id":121836785,"mode":"ranked","hero":"Paladin","hero_deck":null,"opponent":"Druid","opponent_deck":null,"coin":false,"result":"loss","duration":614,"rank":1,"legend":null,"note":null,"added":"2019-01-10T21:02:12Z","card_history":[]},{"user_hash":"A291E82C4070D38FB127D2A8481A505A","region":"Europe","id":121836550,"mode":"ranked","hero":"Paladin","hero_deck":null,"opponent":"Hunter","opponent_deck":"Midrange","coin":true,"result":"win","duration":423,"rank":1,"legend":null,"note":null,"added":"2019-01-10T20:51:27Z","card_history":[]},{"user_hash":"A291E82C4070D38FB127D2A8481A505A","region":"Europe","id":121836372,"mode":"ranked","hero":"Paladin","hero_deck":null,"opponent":"Priest","opponent_deck":"Combo","coin":false,"result":"loss","duration":804,"rank":1,"legend":null,"note":null,"added":"2019-01-10T20:44:03Z","card_history":[]},{"user_hash":"BC6A2D9C1B85279990741B28594638D8","region":"Europe","id":121838836,"mode":"friendly","hero":"Shaman","hero_deck":"Control","opponent":"Hunter","opponent_deck":"Midrange","coin":false,"result":"loss","duration":748,"rank":null,"legend":null,"note":null,"added":"2019-01-10T22:26:03Z","card_history":[]},{"user_hash":"BC6A2D9C1B85279990741B28594638D8","region":"Europe","id":121819514,"mode":"friendly","hero":"Shaman","hero_deck":"Control","opponent":"Hunter","opponent_deck":"Midrange","coin":false,"result":"loss","duration":375,"rank":null,"legend":null,"note":null,"added":"2019-01-10T09:28:52Z","card_history":[]},{"user_hash":"5A2A39E6E9507C45EA8C3DAEA7F8519D","region":"Americas","id":121840315,"mode":"ranked","hero":"Druid","hero_deck":"Jade","opponent":"Mage","opponent_deck":null,"coin":true,"result":"win","duration":683,"rank":18,"legend":null,"note":null,"added":"2019-01-10T23:28:09Z","card_history":[]},{"user_hash":"5A2A39E6E9507C45EA8C3DAEA7F8519D","region":"Americas","id":121840050,"mode":"ranked","hero":"Druid","hero_deck":"Jade","opponent":"Paladin","opponent_deck":"Midrange","coin":false,"result":"win","duration":592,"rank":19,"legend":null,"note":null,"added":"2019-01-10T23:16:36Z","card_history":[]},{"user_hash":"5A2A39E6E9507C45EA8C3DAEA7F8519D","region":"Americas","id":121813703,"mode":"ranked","hero":"Priest","hero_deck":"Dragon","opponent":"Hunter","opponent_deck":"Midrange","coin":false,"result":"win","duration":608,"rank":8,"legend":null,"note":null,"added":"2019-01-10T03:09:06Z","card_history":[]},{"user_hash":"4D239C1EA31D6E5619B2D86473A91146","region":"Americas","id":121832878,"mode":"ranked","hero":"Warrior","hero_deck":"Taunt","opponent":"Mage","opponent_deck":"Secret","coin":true,"result":"win","duration":null,"rank":7,"legend":null,"note":null,"added":"2019-01-10T18:31:37Z","card_history":[]},{"user_hash":"46B0FDE764B5F3948106719B8026CF2F","region":"Europe","id":121839891,"mode":"ranked","hero":"Shaman","hero_deck":"Midrange","opponent":"Paladin","opponent_deck":null,"coin":false,"result":"loss","duration":721,"rank":17,"legend":null,"note":null,"added":"2019-01-10T23:09:51Z","card_history":[]},{"user_hash":"46B0FDE764B5F3948106719B8026CF2F","region":"Europe","id":121839607,"mode":"ranked","hero":"Shaman","hero_deck":null,"opponent":"Priest","opponent_deck":null,"coin":true,"result":"win","duration":131,"rank":17,"legend":null,"note":null,"added":"2019-01-10T22:57:00Z","card_history":[]},{"user_hash":"46B0FDE764B5F3948106719B8026CF2F","region":"Europe","id":121839550,"mode":"ranked","hero":"Shaman","hero_deck":null,"opponent":"Priest","opponent_deck":null,"coin":false,"result":"loss","duration":222,"rank":17,"legend":null,"note":null,"added":"2019-01-10T22:54:30Z","card_history":[]},{"user_hash":"46B0FDE764B5F3948106719B8026CF2F","region":"Europe","id":121839452,"mode":"ranked","hero":"Warlock","hero_deck":"Zoo","opponent":"Mage","opponent_deck":"Secret","coin":true,"result":"win","duration":532,"rank":17,"legend":null,"note":null,"added":"2019-01-10T22:49:58Z","card_history":[]},{"user_hash":"46B0FDE764B5F3948106719B8026CF2F","region":"Europe","id":121839232,"mode":"ranked","hero":"Warlock","hero_deck":"Hand","opponent":"Priest","opponent_deck":null,"coin":false,"result":"win","duration":421,"rank":17,"legend":null,"note":null,"added":"2019-01-10T22:40:46Z","card_history":[]},{"user_hash":"46B0FDE764B5F3948106719B8026CF2F","region":"Europe","id":121839039,"mode":"ranked","hero":"Warlock","hero_deck":"Zoo","opponent":"Paladin","opponent_deck":"Murloc","coin":false,"result":"loss","duration":720,"rank":17,"legend":null,"note":null,"added":"2019-01-10T22:33:05Z","card_history":[]},{"user_hash":"46B0FDE764B5F3948106719B8026CF2F","region":"Europe","id":121838693,"mode":"ranked","hero":"Warlock","hero_deck":"Zoo","opponent":"Mage","opponent_deck":"Secret","coin":true,"result":"win","duration":451,"rank":17,"legend":null,"note":null,"added":"2019-01-10T22:20:37Z","card_history":[]},{"user_hash":"46B0FDE764B5F3948106719B8026CF2F","region":"Europe","id":121838481,"mode":"ranked","hero":"Warlock","hero_deck":null,"opponent":"Mage","opponent_deck":"Secret","coin":false,"result":"loss","duration":301,"rank":17,"legend":null,"note":null,"added":"2019-01-10T22:11:48Z","card_history":[]},{"user_hash":"46B0FDE764B5F3948106719B8026CF2F","region":"Europe","id":121838334,"mode":"ranked","hero":"Warlock","hero_deck":null,"opponent":"Mage","opponent_deck":null,"coin":true,"result":"win","duration":302,"rank":17,"legend":null,"note":null,"added":"2019-01-10T22:06:25Z","card_history":[]},{"user_hash":"46B0FDE764B5F3948106719B8026CF2F","region":"Europe","id":121838206,"mode":"ranked","hero":"Warlock","hero_deck":"Zoo","opponent":"Warlock","opponent_deck":"Zoo","coin":false,"result":"win","duration":436,"rank":17,"legend":null,"note":null,"added":"2019-01-10T22:01:10Z","card_history":[]},{"user_hash":"46B0FDE764B5F3948106719B8026CF2F","region":"Europe","id":121836869,"mode":"ranked","hero":"Warlock","hero_deck":"Zoo","opponent":"Hunter","opponent_deck":"Midrange","coin":true,"result":"loss","duration":2259,"rank":17,"legend":null,"note":null,"added":"2019-01-10T21:05:06Z","card_history":[]},{"user_hash":"46B0FDE764B5F3948106719B8026CF2F","region":"Europe","id":121835967,"mode":"ranked","hero":"Warlock","hero_deck":"Zoo","opponent":"Shaman","opponent_deck":"Midrange","coin":true,"result":"win","duration":669,"rank":18,"legend":null,"note":null,"added":"2019-01-10T20:27:13Z","card_history":[]},{"user_hash":"46B0FDE764B5F3948106719B8026CF2F","region":"Europe","id":121835676,"mode":"ranked","hero":"Warlock","hero_deck":null,"opponent":"Priest","opponent_deck":"Miracle","coin":false,"result":"win","duration":341,"rank":18,"legend":null,"note":null,"added":"2019-01-10T20:15:50Z","card_history":[]},{"user_hash":"46B0FDE764B5F3948106719B8026CF2F","region":"Europe","id":121835518,"mode":"ranked","hero":"Warlock","hero_deck":"Zoo","opponent":"Hunter","opponent_deck":"Midrange","coin":false,"result":"loss","duration":293,"rank":18,"legend":null,"note":null,"added":"2019-01-10T20:09:51Z","card_history":[]},{"user_hash":"46B0FDE764B5F3948106719B8026CF2F","region":"Europe","id":121835380,"mode":"ranked","hero":"Warlock","hero_deck":"Zoo","opponent":"Druid","opponent_deck":"Jade","coin":true,"result":"win","duration":662,"rank":18,"legend":null,"note":null,"added":"2019-01-10T20:04:33Z","card_history":[]},{"user_hash":"994698F284025C5255BE77C4406D1198","region":"Europe","id":121817723,"mode":"ranked","hero":"Mage","hero_deck":null,"opponent":"Hunter","opponent_deck":"Midrange","coin":true,"result":"win","duration":1051,"rank":7,"legend":null,"note":null,"added":"2019-01-10T07:33:01Z","card_history":[]},{"user_hash":"994698F284025C5255BE77C4406D1198","region":"Europe","id":121817204,"mode":"ranked","hero":"Priest","hero_deck":"Combo","opponent":"Warlock","opponent_deck":null,"coin":true,"result":"loss","duration":651,"rank":6,"legend":null,"note":null,"added":"2019-01-10T06:56:26Z","card_history":[]},{"user_hash":"72EE35E628BB8E1ECBF34E29CBB823F6","region":"Europe","id":121839957,"mode":"ranked","hero":"Paladin","hero_deck":"Midrange","opponent":"Druid","opponent_deck":null,"coin":true,"result":"win","duration":477,"rank":21,"legend":null,"note":null,"added":"2019-01-10T23:13:24Z","card_history":[]},{"user_hash":"72EE35E628BB8E1ECBF34E29CBB823F6","region":"Europe","id":121839770,"mode":"ranked","hero":"Paladin","hero_deck":null,"opponent":"Mage","opponent_deck":null,"coin":true,"result":"loss","duration":241,"rank":21,"legend":null,"note":null,"added":"2019-01-10T23:05:09Z","card_history":[]},{"user_hash":"72EE35E628BB8E1ECBF34E29CBB823F6","region":"Europe","id":121839673,"mode":"ranked","hero":"Paladin","hero_deck":"Midrange","opponent":"Warrior","opponent_deck":null,"coin":false,"result":"win","duration":400,"rank":21,"legend":null,"note":null,"added":"2019-01-10T23:00:42Z","card_history":[]},{"user_hash":"72EE35E628BB8E1ECBF34E29CBB823F6","region":"Europe","id":121839522,"mode":"ranked","hero":"Paladin","hero_deck":"Midrange","opponent":"Warlock","opponent_deck":"Zoo","coin":false,"result":"loss","duration":501,"rank":21,"legend":null,"note":null,"added":"2019-01-10T22:53:43Z","card_history":[]},{"user_hash":"72EE35E628BB8E1ECBF34E29CBB823F6","region":"Europe","id":121839327,"mode":"ranked","hero":"Paladin","hero_deck":"Midrange","opponent":"Shaman","opponent_deck":null,"coin":true,"result":"win","duration":501,"rank":21,"legend":null,"note":null,"added":"2019-01-10T22:45:03Z","card_history":[]},{"user_hash":"72EE35E628BB8E1ECBF34E29CBB823F6","region":"Europe","id":121838835,"mode":"ranked","hero":"Paladin","hero_deck":"Midrange","opponent":"Mage","opponent_deck":"Burn","coin":false,"result":"win","duration":435,"rank":22,"legend":null,"note":null,"added":"2019-01-10T22:26:58Z","card_history":[]},{"user_hash":"72EE35E628BB8E1ECBF34E29CBB823F6","region":"Europe","id":121838632,"mode":"ranked","hero":"Paladin","hero_deck":"Midrange","opponent":"Warrior","opponent_deck":null,"coin":false,"result":"win","duration":436,"rank":22,"legend":null,"note":null,"added":"2019-01-10T22:19:16Z","card_history":[]},{"user_hash":"72EE35E628BB8E1ECBF34E29CBB823F6","region":"Europe","id":121838447,"mode":"ranked","hero":"Paladin","hero_deck":"Midrange","opponent":"Warrior","opponent_deck":null,"coin":true,"result":"win","duration":559,"rank":22,"legend":null,"note":null,"added":"2019-01-10T22:11:36Z","card_history":[]},{"user_hash":"72EE35E628BB8E1ECBF34E29CBB823F6","region":"Europe","id":121838212,"mode":"ranked","hero":"Paladin","hero_deck":"Midrange","opponent":"Hunter","opponent_deck":"Midrange","coin":true,"result":"loss","duration":208,"rank":22,"legend":null,"note":null,"added":"2019-01-10T22:02:06Z","card_history":[]},{"user_hash":"72EE35E628BB8E1ECBF34E29CBB823F6","region":"Europe","id":121838124,"mode":"ranked","hero":"Paladin","hero_deck":"Midrange","opponent":"Hunter","opponent_deck":"Face","coin":false,"result":"win","duration":501,"rank":22,"legend":null,"note":null,"added":"2019-01-10T21:58:23Z","card_history":[]},{"user_hash":"72EE35E628BB8E1ECBF34E29CBB823F6","region":"Europe","id":121837905,"mode":"ranked","hero":"Paladin","hero_deck":"Midrange","opponent":"Hunter","opponent_deck":null,"coin":true,"result":"win","duration":377,"rank":23,"legend":null,"note":null,"added":"2019-01-10T21:49:37Z","card_history":[]},{"user_hash":"72EE35E628BB8E1ECBF34E29CBB823F6","region":"Europe","id":121837750,"mode":"ranked","hero":"Paladin","hero_deck":"Midrange","opponent":"Hunter","opponent_deck":"Midrange","coin":true,"result":"win","duration":470,"rank":23,"legend":null,"note":null,"added":"2019-01-10T21:42:52Z","card_history":[]},{"user_hash":"72EE35E628BB8E1ECBF34E29CBB823F6","region":"Europe","id":121837551,"mode":"ranked","hero":"Paladin","hero_deck":"Midrange","opponent":"Warrior","opponent_deck":null,"coin":true,"result":"loss","duration":567,"rank":23,"legend":null,"note":null,"added":"2019-01-10T21:34:51Z","card_history":[]},{"user_hash":"72EE35E628BB8E1ECBF34E29CBB823F6","region":"Europe","id":121837310,"mode":"ranked","hero":"Paladin","hero_deck":null,"opponent":"Priest","opponent_deck":null,"coin":false,"result":"loss","duration":85,"rank":23,"legend":null,"note":null,"added":"2019-01-10T21:25:10Z","card_history":[]},{"user_hash":"72EE35E628BB8E1ECBF34E29CBB823F6","region":"Europe","id":121837269,"mode":"ranked","hero":"Paladin","hero_deck":"Midrange","opponent":"Shaman","opponent_deck":null,"coin":true,"result":"win","duration":527,"rank":23,"legend":null,"note":null,"added":"2019-01-10T21:23:22Z","card_history":[]},{"user_hash":"72EE35E628BB8E1ECBF34E29CBB823F6","region":"Europe","id":121837058,"mode":"ranked","hero":"Paladin","hero_deck":"Midrange","opponent":"Mage","opponent_deck":null,"coin":true,"result":"loss","duration":340,"rank":null,"legend":null,"note":null,"added":"2019-01-10T21:14:12Z","card_history":[]},{"user_hash":"72EE35E628BB8E1ECBF34E29CBB823F6","region":"Europe","id":121836920,"mode":"ranked","hero":"Paladin","hero_deck":"Midrange","opponent":"Hunter","opponent_deck":null,"coin":true,"result":"win","duration":719,"rank":23,"legend":null,"note":null,"added":"2019-01-10T21:08:14Z","card_history":[]},{"user_hash":"72EE35E628BB8E1ECBF34E29CBB823F6","region":"Europe","id":121835539,"mode":"ranked","hero":"Paladin","hero_deck":"Midrange","opponent":"Mage","opponent_deck":null,"coin":false,"result":"win","duration":428,"rank":24,"legend":null,"note":null,"added":"2019-01-10T20:11:04Z","card_history":[]},{"user_hash":"72EE35E628BB8E1ECBF34E29CBB823F6","region":"Europe","id":121835345,"mode":"ranked","hero":"Paladin","hero_deck":"Midrange","opponent":"Hunter","opponent_deck":"Midrange","coin":true,"result":"win","duration":400,"rank":24,"legend":null,"note":null,"added":"2019-01-10T20:03:45Z","card_history":[]},{"user_hash":"72EE35E628BB8E1ECBF34E29CBB823F6","region":"Europe","id":121835147,"mode":"ranked","hero":"Paladin","hero_deck":"Midrange","opponent":"Druid","opponent_deck":"Jade","coin":false,"result":"win","duration":374,"rank":24,"legend":null,"note":null,"added":"2019-01-10T19:56:47Z","card_history":[]},{"user_hash":"72EE35E628BB8E1ECBF34E29CBB823F6","region":"Europe","id":121834971,"mode":"ranked","hero":"Paladin","hero_deck":"Midrange","opponent":"Warlock","opponent_deck":"Hand","coin":false,"result":"win","duration":363,"rank":25,"legend":null,"note":null,"added":"2019-01-10T19:50:07Z","card_history":[]},{"user_hash":"72EE35E628BB8E1ECBF34E29CBB823F6","region":"Europe","id":121834803,"mode":"ranked","hero":"Paladin","hero_deck":"Midrange","opponent":"Priest","opponent_deck":"Dragon","coin":true,"result":"loss","duration":684,"rank":25,"legend":null,"note":null,"added":"2019-01-10T19:43:53Z","card_history":[]},{"user_hash":"72EE35E628BB8E1ECBF34E29CBB823F6","region":"Europe","id":121834486,"mode":"ranked","hero":"Paladin","hero_deck":null,"opponent":"Rogue","opponent_deck":null,"coin":false,"result":"loss","duration":64,"rank":25,"legend":null,"note":null,"added":"2019-01-10T19:32:16Z","card_history":[]},{"user_hash":"72EE35E628BB8E1ECBF34E29CBB823F6","region":"Europe","id":121834438,"mode":"ranked","hero":"Paladin","hero_deck":null,"opponent":"Rogue","opponent_deck":"Quest","coin":true,"result":"loss","duration":166,"rank":25,"legend":null,"note":null,"added":"2019-01-10T19:30:30Z","card_history":[]},{"user_hash":"72EE35E628BB8E1ECBF34E29CBB823F6","region":"Europe","id":121834348,"mode":"ranked","hero":"Paladin","hero_deck":"Midrange","opponent":"Warlock","opponent_deck":null,"coin":false,"result":"win","duration":374,"rank":25,"legend":null,"note":null,"added":"2019-01-10T19:27:25Z","card_history":[]},{"user_hash":"72EE35E628BB8E1ECBF34E29CBB823F6","region":"Europe","id":121834181,"mode":"ranked","hero":"Paladin","hero_deck":null,"opponent":"Hunter","opponent_deck":null,"coin":true,"result":"loss","duration":172,"rank":25,"legend":null,"note":null,"added":"2019-01-10T19:21:06Z","card_history":[]},{"user_hash":"72EE35E628BB8E1ECBF34E29CBB823F6","region":"Europe","id":121834104,"mode":"ranked","hero":"Paladin","hero_deck":"Midrange","opponent":"Rogue","opponent_deck":"Miracle","coin":false,"result":"loss","duration":505,"rank":25,"legend":null,"note":null,"added":"2019-01-10T19:17:42Z","card_history":[]},{"user_hash":"72EE35E628BB8E1ECBF34E29CBB823F6","region":"Europe","id":121833849,"mode":"ranked","hero":"Paladin","hero_deck":"Midrange","opponent":"Mage","opponent_deck":null,"coin":true,"result":"win","duration":420,"rank":25,"legend":null,"note":null,"added":"2019-01-10T19:08:46Z","card_history":[]},{"user_hash":"72EE35E628BB8E1ECBF34E29CBB823F6","region":"Europe","id":121833645,"mode":"ranked","hero":"Paladin","hero_deck":"Midrange","opponent":"Warlock","opponent_deck":null,"coin":false,"result":"win","duration":473,"rank":25,"legend":null,"note":null,"added":"2019-01-10T19:01:27Z","card_history":[]},{"user_hash":"72EE35E628BB8E1ECBF34E29CBB823F6","region":"Europe","id":121833430,"mode":"ranked","hero":"Paladin","hero_deck":"Midrange","opponent":"Warlock","opponent_deck":null,"coin":true,"result":"win","duration":420,"rank":25,"legend":null,"note":null,"added":"2019-01-10T18:53:21Z","card_history":[]},{"user_hash":"68209F28134438C0EF193066FE7B44A8","region":"Americas","id":121818495,"mode":"friendly","hero":"Mage","hero_deck":null,"opponent":"Mage","opponent_deck":null,"coin":true,"result":"loss","duration":1035,"rank":null,"legend":null,"note":null,"added":"2019-01-10T08:26:06Z","card_history":[]},{"user_hash":"68209F28134438C0EF193066FE7B44A8","region":"Americas","id":121817921,"mode":"ranked","hero":"Warlock","hero_deck":"Hand","opponent":"Hunter","opponent_deck":"Midrange","coin":false,"result":"win","duration":341,"rank":9,"legend":null,"note":null,"added":"2019-01-10T07:47:15Z","card_history":[]},{"user_hash":"68209F28134438C0EF193066FE7B44A8","region":"Americas","id":121817837,"mode":"ranked","hero":"Warlock","hero_deck":"Hand","opponent":"Warlock","opponent_deck":null,"coin":true,"result":"loss","duration":351,"rank":9,"legend":null,"note":null,"added":"2019-01-10T07:41:18Z","card_history":[]},{"user_hash":"68209F28134438C0EF193066FE7B44A8","region":"Americas","id":121817727,"mode":"casual","hero":"Shaman","hero_deck":"Midrange","opponent":"Mage","opponent_deck":null,"coin":false,"result":"loss","duration":476,"rank":null,"legend":null,"note":null,"added":"2019-01-10T07:33:24Z","card_history":[]},{"user_hash":"68209F28134438C0EF193066FE7B44A8","region":"Americas","id":121817607,"mode":"casual","hero":"Shaman","hero_deck":"Midrange","opponent":"Warrior","opponent_deck":null,"coin":true,"result":"loss","duration":640,"rank":null,"legend":null,"note":null,"added":"2019-01-10T07:25:06Z","card_history":[]},{"user_hash":"68209F28134438C0EF193066FE7B44A8","region":"Americas","id":121817454,"mode":"ranked","hero":"Shaman","hero_deck":"Midrange","opponent":"Warlock","opponent_deck":null,"coin":false,"result":"loss","duration":1132,"rank":9,"legend":null,"note":null,"added":"2019-01-10T07:13:34Z","card_history":[]},{"user_hash":"68209F28134438C0EF193066FE7B44A8","region":"Americas","id":121817159,"mode":"ranked","hero":"Shaman","hero_deck":"Midrange","opponent":"Warlock","opponent_deck":null,"coin":false,"result":"loss","duration":872,"rank":8,"legend":null,"note":null,"added":"2019-01-10T06:54:14Z","card_history":[]},{"user_hash":"68209F28134438C0EF193066FE7B44A8","region":"Americas","id":121816932,"mode":"ranked","hero":"Shaman","hero_deck":"Midrange","opponent":"Shaman","opponent_deck":null,"coin":true,"result":"loss","duration":518,"rank":8,"legend":null,"note":null,"added":"2019-01-10T06:39:28Z","card_history":[]},{"user_hash":"68209F28134438C0EF193066FE7B44A8","region":"Americas","id":121816778,"mode":"ranked","hero":"Shaman","hero_deck":"Midrange","opponent":"Hunter","opponent_deck":null,"coin":true,"result":"win","duration":478,"rank":9,"legend":null,"note":null,"added":"2019-01-10T06:30:26Z","card_history":[]},{"user_hash":"68209F28134438C0EF193066FE7B44A8","region":"Americas","id":121816632,"mode":"ranked","hero":"Shaman","hero_deck":null,"opponent":"Rogue","opponent_deck":null,"coin":false,"result":"win","duration":246,"rank":9,"legend":null,"note":null,"added":"2019-01-10T06:21:49Z","card_history":[]},{"user_hash":"68209F28134438C0EF193066FE7B44A8","region":"Americas","id":121816567,"mode":"ranked","hero":"Shaman","hero_deck":"Midrange","opponent":"Hunter","opponent_deck":"Midrange","coin":true,"result":"loss","duration":291,"rank":8,"legend":null,"note":null,"added":"2019-01-10T06:17:26Z","card_history":[]},{"user_hash":"68209F28134438C0EF193066FE7B44A8","region":"Americas","id":121816443,"mode":"ranked","hero":"Shaman","hero_deck":"Midrange","opponent":"Warrior","opponent_deck":"Pirate","coin":false,"result":"loss","duration":557,"rank":8,"legend":null,"note":null,"added":"2019-01-10T06:10:02Z","card_history":[]},{"user_hash":"5FED09A38E1809E4E1EFA10C03545BCD","region":"Americas","id":121812893,"mode":"ranked","hero":"Shaman","hero_deck":"Midrange","opponent":"Warrior","opponent_deck":"Pirate","coin":false,"result":"win","duration":460,"rank":11,"legend":null,"note":null,"added":"2019-01-10T02:18:19Z","card_history":[]},{"user_hash":"5FED09A38E1809E4E1EFA10C03545BCD","region":"Americas","id":121812771,"mode":"ranked","hero":"Shaman","hero_deck":null,"opponent":"Paladin","opponent_deck":null,"coin":true,"result":"win","duration":484,"rank":11,"legend":null,"note":null,"added":"2019-01-10T02:10:11Z","card_history":[]},{"user_hash":"1896A23AA498E73245FA74A3DE1C3D24","region":"Europe","id":121840829,"mode":"ranked","hero":"Paladin","hero_deck":"Midrange","opponent":"Priest","opponent_deck":null,"coin":false,"result":"loss","duration":456,"rank":23,"legend":null,"note":null,"added":"2019-01-10T23:51:44Z","card_history":[]},{"user_hash":"1896A23AA498E73245FA74A3DE1C3D24","region":"Europe","id":121840654,"mode":"ranked","hero":"Paladin","hero_deck":"Midrange","opponent":"Warrior","opponent_deck":null,"coin":true,"result":"win","duration":493,"rank":23,"legend":null,"note":null,"added":"2019-01-10T23:44:01Z","card_history":[]},{"user_hash":"1896A23AA498E73245FA74A3DE1C3D24","region":"Europe","id":121832030,"mode":"ranked","hero":"Paladin","hero_deck":"Midrange","opponent":"Warlock","opponent_deck":"Hand","coin":true,"result":"win","duration":341,"rank":19,"legend":null,"note":null,"added":"2019-01-10T18:03:22Z","card_history":[]},{"user_hash":"1896A23AA498E73245FA74A3DE1C3D24","region":"Europe","id":121831868,"mode":"ranked","hero":"Paladin","hero_deck":"Midrange","opponent":"Hunter","opponent_deck":null,"coin":false,"result":"win","duration":342,"rank":19,"legend":null,"note":null,"added":"2019-01-10T17:57:10Z","card_history":[]},{"user_hash":"1896A23AA498E73245FA74A3DE1C3D24","region":"Europe","id":121831712,"mode":"ranked","hero":"Paladin","hero_deck":null,"opponent":"Rogue","opponent_deck":null,"coin":true,"result":"loss","duration":273,"rank":18,"legend":null,"note":null,"added":"2019-01-10T17:51:16Z","card_history":[]},{"user_hash":"1896A23AA498E73245FA74A3DE1C3D24","region":"Europe","id":121831560,"mode":"ranked","hero":"Paladin","hero_deck":"Midrange","opponent":"Mage","opponent_deck":null,"coin":false,"result":"loss","duration":204,"rank":18,"legend":null,"note":null,"added":"2019-01-10T17:46:30Z","card_history":[]},{"user_hash":"1896A23AA498E73245FA74A3DE1C3D24","region":"Europe","id":121831458,"mode":"ranked","hero":"Paladin","hero_deck":"Midrange","opponent":"Hunter","opponent_deck":"Midrange","coin":false,"result":"loss","duration":565,"rank":18,"legend":null,"note":null,"added":"2019-01-10T17:42:58Z","card_history":[]},{"user_hash":"1896A23AA498E73245FA74A3DE1C3D24","region":"Europe","id":121831163,"mode":"ranked","hero":"Paladin","hero_deck":null,"opponent":"Hunter","opponent_deck":"Midrange","coin":false,"result":"loss","duration":154,"rank":18,"legend":null,"note":null,"added":"2019-01-10T17:33:15Z","card_history":[]},{"user_hash":"1896A23AA498E73245FA74A3DE1C3D24","region":"Europe","id":121831077,"mode":"ranked","hero":"Paladin","hero_deck":"Midrange","opponent":"Warrior","opponent_deck":null,"coin":true,"result":"win","duration":362,"rank":18,"legend":null,"note":null,"added":"2019-01-10T17:30:23Z","card_history":[]},{"user_hash":"1896A23AA498E73245FA74A3DE1C3D24","region":"Europe","id":121830879,"mode":"ranked","hero":"Paladin","hero_deck":"Midrange","opponent":"Paladin","opponent_deck":null,"coin":false,"result":"win","duration":395,"rank":19,"legend":null,"note":null,"added":"2019-01-10T17:24:08Z","card_history":[]},{"user_hash":"1896A23AA498E73245FA74A3DE1C3D24","region":"Europe","id":121830683,"mode":"ranked","hero":"Paladin","hero_deck":"Midrange","opponent":"Hunter","opponent_deck":"Midrange","coin":true,"result":"win","duration":401,"rank":19,"legend":null,"note":null,"added":"2019-01-10T17:17:16Z","card_history":[]},{"user_hash":"1896A23AA498E73245FA74A3DE1C3D24","region":"Europe","id":121830482,"mode":"ranked","hero":"Paladin","hero_deck":null,"opponent":"Hunter","opponent_deck":"Midrange","coin":false,"result":"win","duration":247,"rank":19,"legend":null,"note":null,"added":"2019-01-10T17:10:22Z","card_history":[]},{"user_hash":"1896A23AA498E73245FA74A3DE1C3D24","region":"Europe","id":121830355,"mode":"ranked","hero":"Paladin","hero_deck":"Midrange","opponent":"Warrior","opponent_deck":null,"coin":true,"result":"win","duration":519,"rank":19,"legend":null,"note":null,"added":"2019-01-10T17:05:54Z","card_history":[]},{"user_hash":"1896A23AA498E73245FA74A3DE1C3D24","region":"Europe","id":121828903,"mode":"ranked","hero":"Paladin","hero_deck":null,"opponent":"Shaman","opponent_deck":"Midrange","coin":false,"result":"loss","duration":229,"rank":19,"legend":null,"note":null,"added":"2019-01-10T16:13:58Z","card_history":[]},{"user_hash":"1896A23AA498E73245FA74A3DE1C3D24","region":"Europe","id":121828795,"mode":"ranked","hero":"Paladin","hero_deck":"Midrange","opponent":"Druid","opponent_deck":null,"coin":true,"result":"win","duration":571,"rank":20,"legend":null,"note":null,"added":"2019-01-10T16:09:55Z","card_history":[]},{"user_hash":"1896A23AA498E73245FA74A3DE1C3D24","region":"Europe","id":121828526,"mode":"ranked","hero":"Paladin","hero_deck":"Midrange","opponent":"Warrior","opponent_deck":null,"coin":false,"result":"win","duration":278,"rank":20,"legend":null,"note":null,"added":"2019-01-10T16:00:08Z","card_history":[]},{"user_hash":"1896A23AA498E73245FA74A3DE1C3D24","region":"Europe","id":121828388,"mode":"ranked","hero":"Paladin","hero_deck":"Midrange","opponent":"Priest","opponent_deck":"Combo","coin":false,"result":"win","duration":319,"rank":20,"legend":null,"note":null,"added":"2019-01-10T15:55:20Z","card_history":[]},{"user_hash":"1896A23AA498E73245FA74A3DE1C3D24","region":"Europe","id":121828227,"mode":"ranked","hero":"Paladin","hero_deck":null,"opponent":"Rogue","opponent_deck":null,"coin":false,"result":"loss","duration":117,"rank":20,"legend":null,"note":null,"added":"2019-01-10T15:49:49Z","card_history":[]},{"user_hash":"1896A23AA498E73245FA74A3DE1C3D24","region":"Europe","id":121828166,"mode":"ranked","hero":"Paladin","hero_deck":"Midrange","opponent":"Hunter","opponent_deck":"Midrange","coin":true,"result":"win","duration":423,"rank":20,"legend":null,"note":null,"added":"2019-01-10T15:47:39Z","card_history":[]},{"user_hash":"1896A23AA498E73245FA74A3DE1C3D24","region":"Europe","id":121827957,"mode":"ranked","hero":"Paladin","hero_deck":null,"opponent":"Mage","opponent_deck":null,"coin":false,"result":"win","duration":520,"rank":20,"legend":null,"note":null,"added":"2019-01-10T15:40:21Z","card_history":[]},{"user_hash":"1896A23AA498E73245FA74A3DE1C3D24","region":"Europe","id":121827724,"mode":"ranked","hero":"Paladin","hero_deck":null,"opponent":"Shaman","opponent_deck":null,"coin":false,"result":"loss","duration":121,"rank":20,"legend":null,"note":null,"added":"2019-01-10T15:31:35Z","card_history":[]},{"user_hash":"1896A23AA498E73245FA74A3DE1C3D24","region":"Europe","id":121827614,"mode":"ranked","hero":"Paladin","hero_deck":null,"opponent":"Paladin","opponent_deck":null,"coin":true,"result":"loss","duration":255,"rank":20,"legend":null,"note":null,"added":"2019-01-10T15:27:24Z","card_history":[]},{"user_hash":"1896A23AA498E73245FA74A3DE1C3D24","region":"Europe","id":121827499,"mode":"ranked","hero":"Paladin","hero_deck":"Midrange","opponent":"Druid","opponent_deck":"Token","coin":true,"result":"win","duration":360,"rank":20,"legend":null,"note":null,"added":"2019-01-10T15:22:55Z","card_history":[]},{"user_hash":"1896A23AA498E73245FA74A3DE1C3D24","region":"Europe","id":121827341,"mode":"ranked","hero":"Paladin","hero_deck":"Midrange","opponent":"Warlock","opponent_deck":null,"coin":true,"result":"win","duration":465,"rank":20,"legend":null,"note":null,"added":"2019-01-10T15:16:39Z","card_history":[]},{"user_hash":"1896A23AA498E73245FA74A3DE1C3D24","region":"Europe","id":121826974,"mode":"ranked","hero":"Paladin","hero_deck":"Midrange","opponent":"Warrior","opponent_deck":null,"coin":false,"result":"win","duration":592,"rank":20,"legend":null,"note":null,"added":"2019-01-10T15:03:42Z","card_history":[]},{"user_hash":"1896A23AA498E73245FA74A3DE1C3D24","region":"Europe","id":121826684,"mode":"ranked","hero":"Paladin","hero_deck":null,"opponent":"Rogue","opponent_deck":null,"coin":true,"result":"loss","duration":171,"rank":20,"legend":null,"note":null,"added":"2019-01-10T14:53:44Z","card_history":[]},{"user_hash":"1896A23AA498E73245FA74A3DE1C3D24","region":"Europe","id":121826588,"mode":"ranked","hero":"Paladin","hero_deck":"Midrange","opponent":"Mage","opponent_deck":null,"coin":true,"result":"win","duration":586,"rank":20,"legend":null,"note":null,"added":"2019-01-10T14:50:34Z","card_history":[]},{"user_hash":"1896A23AA498E73245FA74A3DE1C3D24","region":"Europe","id":121826294,"mode":"ranked","hero":"Paladin","hero_deck":"Midrange","opponent":"Paladin","opponent_deck":null,"coin":true,"result":"loss","duration":286,"rank":20,"legend":null,"note":null,"added":"2019-01-10T14:40:35Z","card_history":[]},{"user_hash":"1896A23AA498E73245FA74A3DE1C3D24","region":"Europe","id":121826161,"mode":"ranked","hero":"Paladin","hero_deck":"Midrange","opponent":"Priest","opponent_deck":"Dragon","coin":false,"result":"loss","duration":567,"rank":20,"legend":null,"note":null,"added":"2019-01-10T14:35:42Z","card_history":[]},{"user_hash":"1896A23AA498E73245FA74A3DE1C3D24","region":"Europe","id":121825899,"mode":"ranked","hero":"Paladin","hero_deck":"Midrange","opponent":"Priest","opponent_deck":null,"coin":true,"result":"win","duration":768,"rank":20,"legend":null,"note":null,"added":"2019-01-10T14:26:06Z","card_history":[]},{"user_hash":"1896A23AA498E73245FA74A3DE1C3D24","region":"Europe","id":121825547,"mode":"ranked","hero":"Paladin","hero_deck":"Midrange","opponent":"Rogue","opponent_deck":null,"coin":true,"result":"loss","duration":474,"rank":20,"legend":null,"note":null,"added":"2019-01-10T14:13:09Z","card_history":[]},{"user_hash":"1896A23AA498E73245FA74A3DE1C3D24","region":"Europe","id":121825341,"mode":"ranked","hero":"Paladin","hero_deck":null,"opponent":"Mage","opponent_deck":null,"coin":true,"result":"win","duration":673,"rank":20,"legend":null,"note":null,"added":"2019-01-10T14:05:10Z","card_history":[]},{"user_hash":"1896A23AA498E73245FA74A3DE1C3D24","region":"Europe","id":121825063,"mode":"ranked","hero":"Paladin","hero_deck":"Midrange","opponent":"Priest","opponent_deck":"Combo","coin":true,"result":"loss","duration":351,"rank":20,"legend":null,"note":null,"added":"2019-01-10T13:53:46Z","card_history":[]},{"user_hash":"1896A23AA498E73245FA74A3DE1C3D24","region":"Europe","id":121824903,"mode":"ranked","hero":"Paladin","hero_deck":"Midrange","opponent":"Hunter","opponent_deck":"Midrange","coin":false,"result":"loss","duration":639,"rank":20,"legend":null,"note":null,"added":"2019-01-10T13:47:46Z","card_history":[]},{"user_hash":"1896A23AA498E73245FA74A3DE1C3D24","region":"Europe","id":121824620,"mode":"ranked","hero":"Paladin","hero_deck":null,"opponent":"Hunter","opponent_deck":null,"coin":false,"result":"loss","duration":155,"rank":20,"legend":null,"note":null,"added":"2019-01-10T13:36:56Z","card_history":[]},{"user_hash":"1896A23AA498E73245FA74A3DE1C3D24","region":"Europe","id":121824542,"mode":"ranked","hero":"Paladin","hero_deck":null,"opponent":"Hunter","opponent_deck":null,"coin":true,"result":"loss","duration":105,"rank":19,"legend":null,"note":null,"added":"2019-01-10T13:34:14Z","card_history":[]},{"user_hash":"1896A23AA498E73245FA74A3DE1C3D24","region":"Europe","id":121824495,"mode":"ranked","hero":"Paladin","hero_deck":null,"opponent":"Priest","opponent_deck":"Combo","coin":false,"result":"loss","duration":390,"rank":19,"legend":null,"note":null,"added":"2019-01-10T13:32:18Z","card_history":[]},{"user_hash":"1896A23AA498E73245FA74A3DE1C3D24","region":"Europe","id":121824308,"mode":"ranked","hero":"Paladin","hero_deck":null,"opponent":"Warrior","opponent_deck":null,"coin":true,"result":"loss","duration":229,"rank":19,"legend":null,"note":null,"added":"2019-01-10T13:25:32Z","card_history":[]},{"user_hash":"1896A23AA498E73245FA74A3DE1C3D24","region":"Europe","id":121824202,"mode":"ranked","hero":"Paladin","hero_deck":"Midrange","opponent":"Paladin","opponent_deck":null,"coin":false,"result":"win","duration":624,"rank":19,"legend":null,"note":null,"added":"2019-01-10T13:21:31Z","card_history":[]},{"user_hash":"1896A23AA498E73245FA74A3DE1C3D24","region":"Europe","id":121823946,"mode":"ranked","hero":"Paladin","hero_deck":"Midrange","opponent":"Rogue","opponent_deck":null,"coin":true,"result":"win","duration":506,"rank":19,"legend":null,"note":null,"added":"2019-01-10T13:10:57Z","card_history":[]},{"user_hash":"1896A23AA498E73245FA74A3DE1C3D24","region":"Europe","id":121823725,"mode":"ranked","hero":"Paladin","hero_deck":null,"opponent":"Mage","opponent_deck":null,"coin":false,"result":"loss","duration":175,"rank":19,"legend":null,"note":null,"added":"2019-01-10T13:02:20Z","card_history":[]},{"user_hash":"1896A23AA498E73245FA74A3DE1C3D24","region":"Europe","id":121823653,"mode":"ranked","hero":"Paladin","hero_deck":null,"opponent":"Priest","opponent_deck":null,"coin":true,"result":"loss","duration":150,"rank":19,"legend":null,"note":null,"added":"2019-01-10T12:59:20Z","card_history":[]},{"user_hash":"1896A23AA498E73245FA74A3DE1C3D24","region":"Europe","id":121823589,"mode":"ranked","hero":"Paladin","hero_deck":null,"opponent":"Druid","opponent_deck":"Token","coin":true,"result":"win","duration":381,"rank":19,"legend":null,"note":null,"added":"2019-01-10T12:56:45Z","card_history":[]},{"user_hash":"1896A23AA498E73245FA74A3DE1C3D24","region":"Europe","id":121823408,"mode":"ranked","hero":"Paladin","hero_deck":"Midrange","opponent":"Hunter","opponent_deck":"Midrange","coin":false,"result":"win","duration":717,"rank":19,"legend":null,"note":null,"added":"2019-01-10T12:50:12Z","card_history":[]},{"user_hash":"1896A23AA498E73245FA74A3DE1C3D24","region":"Europe","id":121823091,"mode":"ranked","hero":"Paladin","hero_deck":"Midrange","opponent":"Hunter","opponent_deck":"Midrange","coin":true,"result":"loss","duration":567,"rank":19,"legend":null,"note":null,"added":"2019-01-10T12:37:39Z","card_history":[]},{"user_hash":"1896A23AA498E73245FA74A3DE1C3D24","region":"Europe","id":121822864,"mode":"ranked","hero":"Paladin","hero_deck":"Midrange","opponent":"Warrior","opponent_deck":null,"coin":true,"result":"win","duration":591,"rank":19,"legend":null,"note":null,"added":"2019-01-10T12:28:03Z","card_history":[]},{"user_hash":"1896A23AA498E73245FA74A3DE1C3D24","region":"Europe","id":121822624,"mode":"ranked","hero":"Paladin","hero_deck":null,"opponent":"Priest","opponent_deck":"Combo","coin":true,"result":"loss","duration":154,"rank":19,"legend":null,"note":null,"added":"2019-01-10T12:18:01Z","card_history":[]},{"user_hash":"1896A23AA498E73245FA74A3DE1C3D24","region":"Europe","id":121822560,"mode":"ranked","hero":"Paladin","hero_deck":"Midrange","opponent":"Hunter","opponent_deck":"Midrange","coin":false,"result":"win","duration":561,"rank":20,"legend":null,"note":null,"added":"2019-01-10T12:15:11Z","card_history":[]},{"user_hash":"1896A23AA498E73245FA74A3DE1C3D24","region":"Europe","id":121822278,"mode":"ranked","hero":"Paladin","hero_deck":null,"opponent":"Rogue","opponent_deck":"Miracle","coin":false,"result":"win","duration":507,"rank":20,"legend":null,"note":null,"added":"2019-01-10T12:03:01Z","card_history":[]},{"user_hash":"1896A23AA498E73245FA74A3DE1C3D24","region":"Europe","id":121822074,"mode":"ranked","hero":"Paladin","hero_deck":"Midrange","opponent":"Druid","opponent_deck":null,"coin":false,"result":"win","duration":554,"rank":20,"legend":null,"note":null,"added":"2019-01-10T11:54:16Z","card_history":[]},{"user_hash":"1896A23AA498E73245FA74A3DE1C3D24","region":"Europe","id":121821886,"mode":"ranked","hero":"Paladin","hero_deck":"Midrange","opponent":"Priest","opponent_deck":"Combo","coin":false,"result":"win","duration":519,"rank":20,"legend":null,"note":null,"added":"2019-01-10T11:44:53Z","card_history":[]},{"user_hash":"1896A23AA498E73245FA74A3DE1C3D24","region":"Europe","id":121821716,"mode":"ranked","hero":"Paladin","hero_deck":"Midrange","opponent":"Warlock","opponent_deck":null,"coin":true,"result":"loss","duration":693,"rank":20,"legend":null,"note":null,"added":"2019-01-10T11:36:03Z","card_history":[]},{"user_hash":"1896A23AA498E73245FA74A3DE1C3D24","region":"Europe","id":121821507,"mode":"ranked","hero":"Paladin","hero_deck":null,"opponent":"Hunter","opponent_deck":"Midrange","coin":false,"result":"loss","duration":249,"rank":20,"legend":null,"note":null,"added":"2019-01-10T11:24:20Z","card_history":[]},{"user_hash":"668E13AEDEF99027EFF18815FEF5DC80","region":"Europe","id":121823592,"mode":"ranked","hero":"Hunter","hero_deck":"Midrange","opponent":"Hunter","opponent_deck":"Midrange","coin":false,"result":"win","duration":702,"rank":null,"legend":null,"note":null,"added":"2019-01-10T12:56:06Z","card_history":[]},{"user_hash":"668E13AEDEF99027EFF18815FEF5DC80","region":"Europe","id":121823248,"mode":"ranked","hero":"Hunter","hero_deck":"Midrange","opponent":"Hunter","opponent_deck":"Midrange","coin":true,"result":"win","duration":564,"rank":null,"legend":null,"note":null,"added":"2019-01-10T12:43:08Z","card_history":[]},{"user_hash":"9C19210E2DFF9528B8D6A94B9A39A9A5","region":"Americas","id":121811636,"mode":"ranked","hero":"Priest","hero_deck":"Combo","opponent":"Paladin","opponent_deck":null,"coin":true,"result":"win","duration":637,"rank":4,"legend":null,"note":null,"added":"2019-01-10T01:00:13Z","card_history":[]},{"user_hash":"9C19210E2DFF9528B8D6A94B9A39A9A5","region":"Americas","id":121811450,"mode":"ranked","hero":"Priest","hero_deck":"Combo","opponent":"Priest","opponent_deck":"Dragon","coin":false,"result":"loss","duration":874,"rank":4,"legend":null,"note":null,"added":"2019-01-10T00:49:25Z","card_history":[]},{"user_hash":"9C19210E2DFF9528B8D6A94B9A39A9A5","region":"Americas","id":121811182,"mode":"ranked","hero":"Priest","hero_deck":"Combo","opponent":"Hunter","opponent_deck":"Midrange","coin":true,"result":"loss","duration":338,"rank":4,"legend":null,"note":null,"added":"2019-01-10T00:34:33Z","card_history":[]}]}