{"range_start":"2019-01-14T00:00:00Z","range_end":"2019-01-15T00:00:00Z","unique_users":17,"total_games":214,"games":[{"user_hash":"66FFB43E8DB8910A32FB03BD640103F6","region":"Americas","id":121940228,"mode":"arena","hero":"Mage","hero_deck":null,"opponent":"Priest","opponent_deck":null,"coin":false,"result":"win","duration":568,"rank":null,"legend":null,"note":null,"added":"2019-01-14T03:33:39Z","card_history":[]},{"user_hash":"66FFB43E8DB8910A32FB03BD640103F6","region":"Americas","id":121940063,"mode":"arena","hero":"Mage","hero_deck":null,"opponent":"Mage","opponent_deck":null,"coin":false,"result":"win","duration":702,"rank":null,"legend":null,"note":null,"added":"2019-01-14T03:23:54Z","card_history":[]},{"user_hash":"66FFB43E8DB8910A32FB03BD640103F6","region":"Americas","id":121939874,"mode":"arena","hero":"Mage","hero_deck":null,"opponent":"Mage","opponent_deck":null,"coin":false,"result":"win","duration":662,"rank":null,"legend":null,"note":null,"added":"2019-01-14T03:11:33Z","card_history":[]},{"user_hash":"27B559DDB030E30F5548BC78CE3ACC6F","region":"Americas","id":121950505,"mode":"ranked","hero":"Hunter","hero_deck":"Midrange","opponent":"Priest","opponent_deck":null,"coin":false,"result":"loss","duration":639,"rank":6,"legend":null,"note":null,"added":"2019-01-14T13:08:08Z","card_history":[]},{"user_hash":"27B559DDB030E30F5548BC78CE3ACC6F","region":"Americas","id":121950245,"mode":"ranked","hero":"Hunter","hero_deck":"Midrange","opponent":"Warlock","opponent_deck":null,"coin":true,"result":"win","duration":272,"rank":6,"legend":null,"note":null,"added":"2019-01-14T12:57:19Z","card_history":[]},{"user_hash":"27B559DDB030E30F5548BC78CE3ACC6F","region":"Americas","id":121950118,"mode":"ranked","hero":"Hunter","hero_deck":"Midrange","opponent":"Paladin","opponent_deck":null,"coin":false,"result":"loss","duration":865,"rank":6,"legend":null,"note":null,"added":"2019-01-14T12:52:30Z","card_history":[]},{"user_hash":"27B559DDB030E30F5548BC78CE3ACC6F","region":"Americas","id":121949716,"mode":"ranked","hero":"Hunter","hero_deck":"Midrange","opponent":"Warlock","opponent_deck":null,"coin":true,"result":"loss","duration":674,"rank":6,"legend":null,"note":null,"added":"2019-01-14T12:37:18Z","card_history":[]},{"user_hash":"27B559DDB030E30F5548BC78CE3ACC6F","region":"Americas","id":121949431,"mode":"ranked","hero":"Hunter","hero_deck":"Midrange","opponent":"Hunter","opponent_deck":null,"coin":true,"result":"win","duration":217,"rank":6,"legend":null,"note":null,"added":"2019-01-14T12:25:47Z","card_history":[]},{"user_hash":"27B559DDB030E30F5548BC78CE3ACC6F","region":"Americas","id":121949342,"mode":"ranked","hero":"Hunter","hero_deck":"Midrange","opponent":"Hunter","opponent_deck":null,"coin":true,"result":"win","duration":249,"rank":7,"legend":null,"note":null,"added":"2019-01-14T12:21:55Z","card_history":[]},{"user_hash":"27B559DDB030E30F5548BC78CE3ACC6F","region":"Americas","id":121949245,"mode":"ranked","hero":"Hunter","hero_deck":"Midrange","opponent":"Hunter","opponent_deck":"Midrange","coin":false,"result":"win","duration":329,"rank":7,"legend":null,"note":null,"added":"2019-01-14T12:17:30Z","card_history":[]},{"user_hash":"27B559DDB030E30F5548BC78CE3ACC6F","region":"Americas","id":121949105,"mode":"ranked","hero":"Hunter","hero_deck":"Midrange","opponent":"Hunter","opponent_deck":"Midrange","coin":true,"result":"win","duration":552,"rank":7,"legend":null,"note":null,"added":"2019-01-14T12:11:32Z","card_history":[]},{"user_hash":"27B559DDB030E30F5548BC78CE3ACC6F","region":"Americas","id":121948881,"mode":"ranked","hero":"Hunter","hero_deck":"Midrange","opponent":"Warlock","opponent_deck":null,"coin":true,"result":"loss","duration":245,"rank":7,"legend":null,"note":null,"added":"2019-01-14T12:02:09Z","card_history":[]},{"user_hash":"27B559DDB030E30F5548BC78CE3ACC6F","region":"Americas","id":121948787,"mode":"ranked","hero":"Hunter","hero_deck":"Midrange","opponent":"Hunter","opponent_deck":null,"coin":false,"result":"win","duration":362,"rank":7,"legend":null,"note":null,"added":"2019-01-14T11:57:49Z","card_history":[]},{"user_hash":"27B559DDB030E30F5548BC78CE3ACC6F","region":"Americas","id":121948655,"mode":"ranked","hero":"Hunter","hero_deck":"Midrange","opponent":"Warrior","opponent_deck":"Taunt","coin":true,"result":"loss","duration":700,"rank":7,"legend":null,"note":null,"added":"2019-01-14T11:51:24Z","card_history":[]},{"user_hash":"27B559DDB030E30F5548BC78CE3ACC6F","region":"Americas","id":121948412,"mode":"ranked","hero":"Hunter","hero_deck":"Midrange","opponent":"Mage","opponent_deck":null,"coin":true,"result":"loss","duration":387,"rank":7,"legend":null,"note":null,"added":"2019-01-14T11:39:21Z","card_history":[]},{"user_hash":"27B559DDB030E30F5548BC78CE3ACC6F","region":"Americas","id":121948279,"mode":"ranked","hero":"Hunter","hero_deck":null,"opponent":"Priest","opponent_deck":null,"coin":false,"result":"loss","duration":124,"rank":7,"legend":null,"note":null,"added":"2019-01-14T11:32:36Z","card_history":[]},{"user_hash":"27B559DDB030E30F5548BC78CE3ACC6F","region":"Americas","id":121948228,"mode":"ranked","hero":"Hunter","hero_deck":"Midrange","opponent":"Hunter","opponent_deck":"Midrange","coin":true,"result":"win","duration":457,"rank":7,"legend":null,"note":null,"added":"2019-01-14T11:30:14Z","card_history":[]},{"user_hash":"27B559DDB030E30F5548BC78CE3ACC6F","region":"Americas","id":121948068,"mode":"ranked","hero":"Hunter","hero_deck":"Midrange","opponent":"Mage","opponent_deck":null,"coin":false,"result":"win","duration":168,"rank":7,"legend":null,"note":null,"added":"2019-01-14T11:22:28Z","card_history":[]},{"user_hash":"27B559DDB030E30F5548BC78CE3ACC6F","region":"Americas","id":121948008,"mode":"ranked","hero":"Hunter","hero_deck":"Midrange","opponent":"Hunter","opponent_deck":"Midrange","coin":true,"result":"win","duration":396,"rank":8,"legend":null,"note":null,"added":"2019-01-14T11:19:18Z","card_history":[]},{"user_hash":"27B559DDB030E30F5548BC78CE3ACC6F","region":"Americas","id":121947873,"mode":"ranked","hero":"Hunter","hero_deck":"Midrange","opponent":"Mage","opponent_deck":null,"coin":false,"result":"win","duration":258,"rank":8,"legend":null,"note":null,"added":"2019-01-14T11:12:20Z","card_history":[]},{"user_hash":"27B559DDB030E30F5548BC78CE3ACC6F","region":"Americas","id":121947781,"mode":"ranked","hero":"Hunter","hero_deck":"Midrange","opponent":"Hunter","opponent_deck":"Midrange","coin":true,"result":"loss","duration":295,"rank":7,"legend":null,"note":null,"added":"2019-01-14T11:07:40Z","card_history":[]},{"user_hash":"27B559DDB030E30F5548BC78CE3ACC6F","region":"Americas","id":121947684,"mode":"ranked","hero":"Hunter","hero_deck":"Midrange","opponent":"Hunter","opponent_deck":"Midrange","coin":false,"result":"loss","duration":249,"rank":7,"legend":null,"note":null,"added":"2019-01-14T11:02:24Z","card_history":[]},{"user_hash":"27B559DDB030E30F5548BC78CE3ACC6F","region":"Americas","id":121947602,"mode":"ranked","hero":"Hunter","hero_deck":"Midrange","opponent":"Warlock","opponent_deck":"Hand","coin":true,"result":"win","duration":236,"rank":7,"legend":null,"note":null,"added":"2019-01-14T10:57:54Z","card_history":[]},{"user_hash":"27B559DDB030E30F5548BC78CE3ACC6F","region":"Americas","id":121947509,"mode":"ranked","hero":"Shaman","hero_deck":null,"opponent":"Warrior","opponent_deck":null,"coin":true,"result":"loss","duration":105,"rank":7,"legend":null,"note":null,"added":"2019-01-14T10:53:20Z","card_history":[]},{"user_hash":"58C888572FE027C1FAC56783A58A7649","region":"Americas","id":121958616,"mode":"ranked","hero":"Paladin","hero_deck":null,"opponent":"Mage","opponent_deck":null,"coin":false,"result":"win","duration":488,"rank":null,"legend":null,"note":null,"added":"2019-01-14T18:03:48Z","card_history":[]},{"user_hash":"C434EFEA7E3DD45BBE654481BE46D850","region":"Americas","id":121940885,"mode":"casual","hero":"Shaman","hero_deck":"Control","opponent":"Shaman","opponent_deck":"Token","coin":true,"result":"win","duration":760,"rank":null,"legend":null,"note":null,"added":"2019-01-14T04:13:20Z","card_history":[]},{"user_hash":"C434EFEA7E3DD45BBE654481BE46D850","region":"Americas","id":121940698,"mode":"casual","hero":"Shaman","hero_deck":"Control","opponent":"Druid","opponent_deck":"Token","coin":false,"result":"loss","duration":543,"rank":null,"legend":null,"note":null,"added":"2019-01-14T04:00:23Z","card_history":[]},{"user_hash":"C434EFEA7E3DD45BBE654481BE46D850","region":"Americas","id":121940510,"mode":"casual","hero":"Shaman","hero_deck":"Control","opponent":"Shaman","opponent_deck":null,"coin":false,"result":"win","duration":553,"rank":null,"legend":null,"note":null,"added":"2019-01-14T03:50:35Z","card_history":[]},{"user_hash":"C434EFEA7E3DD45BBE654481BE46D850","region":"Americas","id":121940342,"mode":"casual","hero":"Shaman","hero_deck":"Control","opponent":"Mage","opponent_deck":null,"coin":true,"result":"win","duration":811,"rank":null,"legend":null,"note":null,"added":"2019-01-14T03:40:48Z","card_history":[]},{"user_hash":"C434EFEA7E3DD45BBE654481BE46D850","region":"Americas","id":121940115,"mode":"casual","hero":"Shaman","hero_deck":"Control","opponent":"Warlock","opponent_deck":null,"coin":false,"result":"loss","duration":462,"rank":null,"legend":null,"note":null,"added":"2019-01-14T03:26:58Z","card_history":[]},{"user_hash":"C434EFEA7E3DD45BBE654481BE46D850","region":"Americas","id":121939385,"mode":"casual","hero":"Shaman","hero_deck":"Control","opponent":"Rogue","opponent_deck":null,"coin":false,"result":"win","duration":804,"rank":null,"legend":null,"note":null,"added":"2019-01-14T02:42:35Z","card_history":[]},{"user_hash":"C434EFEA7E3DD45BBE654481BE46D850","region":"Americas","id":121939121,"mode":"casual","hero":"Shaman","hero_deck":"Midrange","opponent":"Rogue","opponent_deck":"Miracle","coin":true,"result":"loss","duration":759,"rank":null,"legend":null,"note":null,"added":"2019-01-14T02:27:28Z","card_history":[]},{"user_hash":"C434EFEA7E3DD45BBE654481BE46D850","region":"Americas","id":121938121,"mode":"ranked","hero":"Rogue","hero_deck":null,"opponent":"Warrior","opponent_deck":"Taunt","coin":true,"result":"win","duration":391,"rank":18,"legend":null,"note":null,"added":"2019-01-14T01:34:38Z","card_history":[]},{"user_hash":"C434EFEA7E3DD45BBE654481BE46D850","region":"Americas","id":121937981,"mode":"ranked","hero":"Rogue","hero_deck":null,"opponent":"Hunter","opponent_deck":"Midrange","coin":true,"result":"loss","duration":416,"rank":18,"legend":null,"note":null,"added":"2019-01-14T01:27:10Z","card_history":[]},{"user_hash":"C434EFEA7E3DD45BBE654481BE46D850","region":"Americas","id":121937833,"mode":"ranked","hero":"Rogue","hero_deck":"Quest","opponent":"Mage","opponent_deck":null,"coin":false,"result":"win","duration":354,"rank":19,"legend":null,"note":null,"added":"2019-01-14T01:19:47Z","card_history":[]},{"user_hash":"C434EFEA7E3DD45BBE654481BE46D850","region":"Americas","id":121937737,"mode":"ranked","hero":"Rogue","hero_deck":null,"opponent":"Warlock","opponent_deck":null,"coin":true,"result":"win","duration":303,"rank":19,"legend":null,"note":null,"added":"2019-01-14T01:13:41Z","card_history":[]},{"user_hash":"C434EFEA7E3DD45BBE654481BE46D850","region":"Americas","id":121937452,"mode":"ranked","hero":"Priest","hero_deck":null,"opponent":"Mage","opponent_deck":null,"coin":false,"result":"win","duration":828,"rank":19,"legend":null,"note":null,"added":"2019-01-14T00:58:55Z","card_history":[]},{"user_hash":"C434EFEA7E3DD45BBE654481BE46D850","region":"Americas","id":121937177,"mode":"ranked","hero":"Priest","hero_deck":null,"opponent":"Warlock","opponent_deck":"Zoo","coin":true,"result":"loss","duration":337,"rank":19,"legend":null,"note":null,"added":"2019-01-14T00:44:43Z","card_history":[]},{"user_hash":"C434EFEA7E3DD45BBE654481BE46D850","region":"Americas","id":121937061,"mode":"ranked","hero":"Priest","hero_deck":null,"opponent":"Paladin","opponent_deck":"Murloc","coin":true,"result":"loss","duration":343,"rank":19,"legend":null,"note":null,"added":"2019-01-14T00:38:49Z","card_history":[]},{"user_hash":"C434EFEA7E3DD45BBE654481BE46D850","region":"Americas","id":121936933,"mode":"ranked","hero":"Priest","hero_deck":null,"opponent":"Mage","opponent_deck":null,"coin":true,"result":"loss","duration":698,"rank":18,"legend":null,"note":null,"added":"2019-01-14T00:32:42Z","card_history":[]},{"user_hash":"C434EFEA7E3DD45BBE654481BE46D850","region":"Americas","id":121936708,"mode":"ranked","hero":"Priest","hero_deck":null,"opponent":"Warlock","opponent_deck":"Zoo","coin":false,"result":"loss","duration":436,"rank":18,"legend":null,"note":null,"added":"2019-01-14T00:20:40Z","card_history":[]},{"user_hash":"C434EFEA7E3DD45BBE654481BE46D850","region":"Americas","id":121936561,"mode":"ranked","hero":"Priest","hero_deck":null,"opponent":"Shaman","opponent_deck":"Midrange","coin":true,"result":"loss","duration":326,"rank":18,"legend":null,"note":null,"added":"2019-01-14T00:13:09Z","card_history":[]},{"user_hash":"C434EFEA7E3DD45BBE654481BE46D850","region":"Americas","id":121936405,"mode":"ranked","hero":"Priest","hero_deck":null,"opponent":"Priest","opponent_deck":"Dragon","coin":true,"result":"loss","duration":553,"rank":18,"legend":null,"note":null,"added":"2019-01-14T00:05:37Z","card_history":[]},{"user_hash":"03F0DD5EBF0AC6CC6D7DA0B9336D9D6A","region":"Americas","id":121941811,"mode":"ranked","hero":"Priest","hero_deck":"Combo","opponent":"Hunter","opponent_deck":"Midrange","coin":true,"result":"loss","duration":2344,"rank":null,"legend":null,"note":null,"added":"2019-01-14T05:13:28Z","card_history":[]},{"user_hash":"03F0DD5EBF0AC6CC6D7DA0B9336D9D6A","region":"Americas","id":121941196,"mode":"ranked","hero":"Priest","hero_deck":null,"opponent":"Warlock","opponent_deck":"Hand","coin":false,"result":"win","duration":478,"rank":null,"legend":null,"note":null,"added":"2019-01-14T04:33:23Z","card_history":[]},{"user_hash":"03F0DD5EBF0AC6CC6D7DA0B9336D9D6A","region":"Americas","id":121941061,"mode":"ranked","hero":"Priest","hero_deck":null,"opponent":"Rogue","opponent_deck":null,"coin":true,"result":"loss","duration":230,"rank":null,"legend":null,"note":null,"added":"2019-01-14T04:24:57Z","card_history":[]},{"user_hash":"03F0DD5EBF0AC6CC6D7DA0B9336D9D6A","region":"Americas","id":121940991,"mode":"ranked","hero":"Priest","hero_deck":"Combo","opponent":"Priest","opponent_deck":"Combo","coin":false,"result":"win","duration":667,"rank":null,"legend":null,"note":null,"added":"2019-01-14T04:20:26Z","card_history":[]},{"user_hash":"03F0DD5EBF0AC6CC6D7DA0B9336D9D6A","region":"Americas","id":121940823,"mode":"ranked","hero":"Priest","hero_deck":"Combo","opponent":"Priest","opponent_deck":"Combo","coin":true,"result":"win","duration":693,"rank":null,"legend":null,"note":null,"added":"2019-01-14T04:09:01Z","card_history":[]},{"user_hash":"03F0DD5EBF0AC6CC6D7DA0B9336D9D6A","region":"Americas","id":121940628,"mode":"ranked","hero":"Priest","hero_deck":"Combo","opponent":"Mage","opponent_deck":null,"coin":false,"result":"win","duration":751,"rank":null,"legend":null,"note":null,"added":"2019-01-14T03:57:06Z","card_history":[]},{"user_hash":"03F0DD5EBF0AC6CC6D7DA0B9336D9D6A","region":"Americas","id":121940403,"mode":"ranked","hero":"Priest","hero_deck":"Combo","opponent":"Rogue","opponent_deck":null,"coin":true,"result":"loss","duration":494,"rank":null,"legend":null,"note":null,"added":"2019-01-14T03:44:06Z","card_history":[]},{"user_hash":"03F0DD5EBF0AC6CC6D7DA0B9336D9D6A","region":"Americas","id":121940258,"mode":"ranked","hero":"Priest","hero_deck":"Combo","opponent":"Priest","opponent_deck":"Dragon","coin":false,"result":"loss","duration":397,"rank":null,"legend":null,"note":null,"added":"2019-01-14T03:35:33Z","card_history":[]},{"user_hash":"03F0DD5EBF0AC6CC6D7DA0B9336D9D6A","region":"Americas","id":121936920,"mode":"ranked","hero":"Priest","hero_deck":null,"opponent":"Paladin","opponent_deck":null,"coin":true,"result":"win","duration":511,"rank":null,"legend":null,"note":null,"added":"2019-01-14T00:32:10Z","card_history":[]},{"user_hash":"03F0DD5EBF0AC6CC6D7DA0B9336D9D6A","region":"Americas","id":121936643,"mode":"ranked","hero":"Priest","hero_deck":null,"opponent":"Hunter","opponent_deck":"Midrange","coin":true,"result":"win","duration":337,"rank":null,"legend":null,"note":null,"added":"2019-01-14T00:17:36Z","card_history":[]},{"user_hash":"03F0DD5EBF0AC6CC6D7DA0B9336D9D6A","region":"Americas","id":121936531,"mode":"ranked","hero":"Priest","hero_deck":"Combo","opponent":"Rogue","opponent_deck":null,"coin":false,"result":"win","duration":375,"rank":null,"legend":null,"note":null,"added":"2019-01-14T00:11:48Z","card_history":[]},{"user_hash":"B7616D64D1320CF842F6474FD037B1D3","region":"Americas","id":121968400,"mode":"casual","hero":"Shaman","hero_deck":"Midrange","opponent":"Priest","opponent_deck":"Miracle","coin":true,"result":"loss","duration":262,"rank":null,"legend":null,"note":null,"added":"2019-01-14T23:59:14Z","card_history":[]},{"user_hash":"B7616D64D1320CF842F6474FD037B1D3","region":"Americas","id":121968284,"mode":"casual","hero":"Priest","hero_deck":null,"opponent":"Priest","opponent_deck":null,"coin":false,"result":"win","duration":23,"rank":null,"legend":null,"note":null,"added":"2019-01-14T23:53:55Z","card_history":[]},{"user_hash":"B7616D64D1320CF842F6474FD037B1D3","region":"Americas","id":121968213,"mode":"ranked","hero":"Priest","hero_deck":null,"opponent":"Warrior","opponent_deck":"Taunt","coin":true,"result":"loss","duration":816,"rank":null,"legend":null,"note":null,"added":"2019-01-14T23:51:26Z","card_history":[]},{"user_hash":"B7616D64D1320CF842F6474FD037B1D3","region":"Americas","id":121967874,"mode":"ranked","hero":"Priest","hero_deck":null,"opponent":"Priest","opponent_deck":"Dragon","coin":false,"result":"win","duration":1236,"rank":null,"legend":null,"note":null,"added":"2019-01-14T23:37:16Z","card_history":[]},{"user_hash":"B7616D64D1320CF842F6474FD037B1D3","region":"Americas","id":121967367,"mode":"ranked","hero":"Priest","hero_deck":null,"opponent":"Paladin","opponent_deck":null,"coin":false,"result":"win","duration":326,"rank":null,"legend":null,"note":null,"added":"2019-01-14T23:15:20Z","card_history":[]},{"user_hash":"B7616D64D1320CF842F6474FD037B1D3","region":"Americas","id":121967225,"mode":"ranked","hero":"Priest","hero_deck":null,"opponent":"Hunter","opponent_deck":"Face","coin":true,"result":"win","duration":562,"rank":null,"legend":null,"note":null,"added":"2019-01-14T23:09:38Z","card_history":[]},{"user_hash":"B7616D64D1320CF842F6474FD037B1D3","region":"Americas","id":121966999,"mode":"ranked","hero":"Priest","hero_deck":"Combo","opponent":"Rogue","opponent_deck":null,"coin":true,"result":"loss","duration":217,"rank":null,"legend":null,"note":null,"added":"2019-01-14T22:59:50Z","card_history":[]},{"user_hash":"B7616D64D1320CF842F6474FD037B1D3","region":"Americas","id":121966885,"mode":"ranked","hero":"Priest","hero_deck":null,"opponent":"Rogue","opponent_deck":null,"coin":false,"result":"win","duration":501,"rank":null,"legend":null,"note":null,"added":"2019-01-14T22:55:12Z","card_history":[]},{"user_hash":"B7616D64D1320CF842F6474FD037B1D3","region":"Americas","id":121966664,"mode":"ranked","hero":"Priest","hero_deck":null,"opponent":"Warlock","opponent_deck":"Zoo","coin":true,"result":"win","duration":441,"rank":null,"legend":null,"note":null,"added":"2019-01-14T22:46:33Z","card_history":[]},{"user_hash":"B7616D64D1320CF842F6474FD037B1D3","region":"Americas","id":121966450,"mode":"ranked","hero":"Priest","hero_deck":null,"opponent":"Warlock","opponent_deck":null,"coin":false,"result":"loss","duration":517,"rank":null,"legend":null,"note":null,"added":"2019-01-14T22:38:40Z","card_history":[]},{"user_hash":"B7616D64D1320CF842F6474FD037B1D3","region":"Americas","id":121966013,"mode":"ranked","hero":"Priest","hero_deck":null,"opponent":"Mage","opponent_deck":null,"coin":true,"result":"loss","duration":679,"rank":null,"legend":null,"note":null,"added":"2019-01-14T22:21:34Z","card_history":[]},{"user_hash":"B7616D64D1320CF842F6474FD037B1D3","region":"Americas","id":121964814,"mode":"ranked","hero":"Priest","hero_deck":null,"opponent":"Mage","opponent_deck":"Burn","coin":false,"result":"win","duration":1036,"rank":null,"legend":null,"note":null,"added":"2019-01-14T21:38:16Z","card_history":[]},{"user_hash":"B7616D64D1320CF842F6474FD037B1D3","region":"Americas","id":121964286,"mode":"ranked","hero":"Priest","hero_deck":null,"opponent":"Mage","opponent_deck":null,"coin":true,"result":"win","duration":600,"rank":null,"legend":null,"note":null,"added":"2019-01-14T21:20:25Z","card_history":[]},{"user_hash":"B7616D64D1320CF842F6474FD037B1D3","region":"Americas","id":121963989,"mode":"ranked","hero":"Priest","hero_deck":null,"opponent":"Paladin","opponent_deck":null,"coin":true,"result":"loss","duration":777,"rank":null,"legend":null,"note":null,"added":"2019-01-14T21:09:54Z","card_history":[]},{"user_hash":"484CE0F8E1A123CEC8682A11FB1366E0","region":"Americas","id":121940456,"mode":"ranked","hero":"Druid","hero_deck":"Jade","opponent":"Paladin","opponent_deck":null,"coin":false,"result":"win","duration":167,"rank":10,"legend":null,"note":null,"added":"2019-01-14T03:47:34Z","card_history":[]},{"user_hash":"484CE0F8E1A123CEC8682A11FB1366E0","region":"Americas","id":121940404,"mode":"ranked","hero":"Druid","hero_deck":null,"opponent":"Mage","opponent_deck":null,"coin":false,"result":"loss","duration":134,"rank":10,"legend":null,"note":null,"added":"2019-01-14T03:44:25Z","card_history":[]},{"user_hash":"484CE0F8E1A123CEC8682A11FB1366E0","region":"Americas","id":121940355,"mode":"ranked","hero":"Druid","hero_deck":"Token","opponent":"Warlock","opponent_deck":null,"coin":true,"result":"loss","duration":153,"rank":10,"legend":null,"note":null,"added":"2019-01-14T03:41:38Z","card_history":[]},{"user_hash":"484CE0F8E1A123CEC8682A11FB1366E0","region":"Americas","id":121940296,"mode":"ranked","hero":"Rogue","hero_deck":null,"opponent":"Mage","opponent_deck":"Secret","coin":true,"result":"loss","duration":243,"rank":9,"legend":null,"note":null,"added":"2019-01-14T03:38:08Z","card_history":[]},{"user_hash":"484CE0F8E1A123CEC8682A11FB1366E0","region":"Americas","id":121940227,"mode":"ranked","hero":"Rogue","hero_deck":null,"opponent":"Rogue","opponent_deck":null,"coin":true,"result":"loss","duration":87,"rank":9,"legend":null,"note":null,"added":"2019-01-14T03:33:52Z","card_history":[]},{"user_hash":"484CE0F8E1A123CEC8682A11FB1366E0","region":"Americas","id":121940195,"mode":"ranked","hero":"Paladin","hero_deck":null,"opponent":"Hunter","opponent_deck":"Midrange","coin":true,"result":"loss","duration":287,"rank":15,"legend":null,"note":null,"added":"2019-01-14T03:31:46Z","card_history":[]},{"user_hash":"484CE0F8E1A123CEC8682A11FB1366E0","region":"Americas","id":121940086,"mode":"ranked","hero":"Paladin","hero_deck":"Murloc","opponent":"Rogue","opponent_deck":null,"coin":false,"result":"loss","duration":266,"rank":15,"legend":null,"note":null,"added":"2019-01-14T03:25:30Z","card_history":[]},{"user_hash":"484CE0F8E1A123CEC8682A11FB1366E0","region":"Americas","id":121940002,"mode":"ranked","hero":"Paladin","hero_deck":null,"opponent":"Priest","opponent_deck":"Dragon","coin":false,"result":"win","duration":313,"rank":15,"legend":null,"note":null,"added":"2019-01-14T03:20:49Z","card_history":[]},{"user_hash":"484CE0F8E1A123CEC8682A11FB1366E0","region":"Americas","id":121939891,"mode":"ranked","hero":"Paladin","hero_deck":null,"opponent":"Hunter","opponent_deck":"Midrange","coin":true,"result":"loss","duration":247,"rank":15,"legend":null,"note":null,"added":"2019-01-14T03:13:09Z","card_history":[]},{"user_hash":"484CE0F8E1A123CEC8682A11FB1366E0","region":"Americas","id":121939813,"mode":"ranked","hero":"Paladin","hero_deck":null,"opponent":"Hunter","opponent_deck":"Midrange","coin":false,"result":"loss","duration":434,"rank":15,"legend":null,"note":null,"added":"2019-01-14T03:08:46Z","card_history":[]},{"user_hash":"484CE0F8E1A123CEC8682A11FB1366E0","region":"Americas","id":121939703,"mode":"ranked","hero":"Paladin","hero_deck":null,"opponent":"Hunter","opponent_deck":"Midrange","coin":false,"result":"loss","duration":301,"rank":15,"legend":null,"note":null,"added":"2019-01-14T03:01:17Z","card_history":[]},{"user_hash":"484CE0F8E1A123CEC8682A11FB1366E0","region":"Americas","id":121939603,"mode":"ranked","hero":"Paladin","hero_deck":null,"opponent":"Warrior","opponent_deck":null,"coin":true,"result":"loss","duration":88,"rank":15,"legend":null,"note":null,"added":"2019-01-14T02:54:34Z","card_history":[]},{"user_hash":"484CE0F8E1A123CEC8682A11FB1366E0","region":"Americas","id":121939562,"mode":"ranked","hero":"Paladin","hero_deck":null,"opponent":"Paladin","opponent_deck":"Midrange","coin":true,"result":"loss","duration":363,"rank":14,"legend":null,"note":null,"added":"2019-01-14T02:52:49Z","card_history":[]},{"user_hash":"484CE0F8E1A123CEC8682A11FB1366E0","region":"Americas","id":121939452,"mode":"ranked","hero":"Paladin","hero_deck":null,"opponent":"Shaman","opponent_deck":null,"coin":false,"result":"loss","duration":398,"rank":14,"legend":null,"note":null,"added":"2019-01-14T02:46:27Z","card_history":[]},{"user_hash":"484CE0F8E1A123CEC8682A11FB1366E0","region":"Americas","id":121939332,"mode":"ranked","hero":"Paladin","hero_deck":null,"opponent":"Warlock","opponent_deck":"Zoo","coin":false,"result":"win","duration":269,"rank":14,"legend":null,"note":null,"added":"2019-01-14T02:39:30Z","card_history":[]},{"user_hash":"484CE0F8E1A123CEC8682A11FB1366E0","region":"Americas","id":121939245,"mode":"ranked","hero":"Paladin","hero_deck":null,"opponent":"Hunter","opponent_deck":"Midrange","coin":false,"result":"loss","duration":222,"rank":14,"legend":null,"note":null,"added":"2019-01-14T02:34:42Z","card_history":[]},{"user_hash":"484CE0F8E1A123CEC8682A11FB1366E0","region":"Americas","id":121939176,"mode":"ranked","hero":"Paladin","hero_deck":null,"opponent":"Shaman","opponent_deck":null,"coin":false,"result":"win","duration":488,"rank":15,"legend":null,"note":null,"added":"2019-01-14T02:30:34Z","card_history":[]},{"user_hash":"A291E82C4070D38FB127D2A8481A505A","region":"Europe","id":121966977,"mode":"ranked","hero":"Druid","hero_deck":null,"opponent":"Mage","opponent_deck":null,"coin":true,"result":"loss","duration":527,"rank":null,"legend":null,"note":null,"added":"2019-01-14T22:58:58Z","card_history":[]},{"user_hash":"A291E82C4070D38FB127D2A8481A505A","region":"Europe","id":121966747,"mode":"ranked","hero":"Druid","hero_deck":null,"opponent":"Priest","opponent_deck":"Dragon","coin":false,"result":"loss","duration":347,"rank":null,"legend":null,"note":null,"added":"2019-01-14T22:49:57Z","card_history":[]},{"user_hash":"A291E82C4070D38FB127D2A8481A505A","region":"Europe","id":121966590,"mode":"ranked","hero":"Druid","hero_deck":null,"opponent":"Paladin","opponent_deck":null,"coin":true,"result":"loss","duration":441,"rank":null,"legend":null,"note":null,"added":"2019-01-14T22:43:46Z","card_history":[]},{"user_hash":"A291E82C4070D38FB127D2A8481A505A","region":"Europe","id":121966391,"mode":"ranked","hero":"Druid","hero_deck":"Token","opponent":"Hunter","opponent_deck":"Midrange","coin":true,"result":"loss","duration":511,"rank":null,"legend":null,"note":null,"added":"2019-01-14T22:35:53Z","card_history":[]},{"user_hash":"A291E82C4070D38FB127D2A8481A505A","region":"Europe","id":121965879,"mode":"ranked","hero":"Paladin","hero_deck":null,"opponent":"Paladin","opponent_deck":null,"coin":false,"result":"win","duration":1021,"rank":null,"legend":null,"note":null,"added":"2019-01-14T22:16:39Z","card_history":[]},{"user_hash":"A291E82C4070D38FB127D2A8481A505A","region":"Europe","id":121965400,"mode":"ranked","hero":"Paladin","hero_deck":null,"opponent":"Rogue","opponent_deck":null,"coin":true,"result":"loss","duration":267,"rank":null,"legend":null,"note":null,"added":"2019-01-14T21:59:13Z","card_history":[]},{"user_hash":"A291E82C4070D38FB127D2A8481A505A","region":"Europe","id":121965256,"mode":"ranked","hero":"Paladin","hero_deck":null,"opponent":"Hunter","opponent_deck":null,"coin":false,"result":"win","duration":862,"rank":null,"legend":null,"note":null,"added":"2019-01-14T21:54:26Z","card_history":[]},{"user_hash":"A291E82C4070D38FB127D2A8481A505A","region":"Europe","id":121964851,"mode":"ranked","hero":"Paladin","hero_deck":null,"opponent":"Paladin","opponent_deck":null,"coin":true,"result":"win","duration":783,"rank":null,"legend":null,"note":null,"added":"2019-01-14T21:39:50Z","card_history":[]},{"user_hash":"A291E82C4070D38FB127D2A8481A505A","region":"Europe","id":121964467,"mode":"ranked","hero":"Paladin","hero_deck":null,"opponent":"Paladin","opponent_deck":"Midrange","coin":false,"result":"loss","duration":402,"rank":null,"legend":null,"note":null,"added":"2019-01-14T21:26:31Z","card_history":[]},{"user_hash":"A291E82C4070D38FB127D2A8481A505A","region":"Europe","id":121964267,"mode":"ranked","hero":"Paladin","hero_deck":"Control","opponent":"Warlock","opponent_deck":"Hand","coin":false,"result":"win","duration":964,"rank":null,"legend":null,"note":null,"added":"2019-01-14T21:19:38Z","card_history":[]},{"user_hash":"A291E82C4070D38FB127D2A8481A505A","region":"Europe","id":121963782,"mode":"ranked","hero":"Paladin","hero_deck":"Control","opponent":"Warlock","opponent_deck":"Hand","coin":true,"result":"loss","duration":579,"rank":null,"legend":null,"note":null,"added":"2019-01-14T21:03:22Z","card_history":[]},{"user_hash":"A291E82C4070D38FB127D2A8481A505A","region":"Europe","id":121963460,"mode":"ranked","hero":"Paladin","hero_deck":null,"opponent":"Rogue","opponent_deck":null,"coin":false,"result":"loss","duration":578,"rank":null,"legend":null,"note":null,"added":"2019-01-14T20:52:56Z","card_history":[]},{"user_hash":"A291E82C4070D38FB127D2A8481A505A","region":"Europe","id":121963172,"mode":"ranked","hero":"Paladin","hero_deck":null,"opponent":"Rogue","opponent_deck":null,"coin":false,"result":"win","duration":1050,"rank":null,"legend":null,"note":null,"added":"2019-01-14T20:43:07Z","card_history":[]},{"user_hash":"BC6A2D9C1B85279990741B28594638D8","region":"Europe","id":121965508,"mode":"ranked","hero":"Druid","hero_deck":null,"opponent":"Hunter","opponent_deck":"Midrange","coin":true,"result":"loss","duration":210,"rank":8,"legend":null,"note":null,"added":"2019-01-14T22:03:12Z","card_history":[]},{"user_hash":"BC6A2D9C1B85279990741B28594638D8","region":"Europe","id":121951569,"mode":"ranked","hero":"Druid","hero_deck":null,"opponent":"Hunter","opponent_deck":"Midrange","coin":false,"result":"loss","duration":613,"rank":7,"legend":null,"note":null,"added":"2019-01-14T13:51:17Z","card_history":[]},{"user_hash":"BC6A2D9C1B85279990741B28594638D8","region":"Europe","id":121951296,"mode":"ranked","hero":"Druid","hero_deck":null,"opponent":"Hunter","opponent_deck":"Midrange","coin":true,"result":"win","duration":600,"rank":7,"legend":null,"note":null,"added":"2019-01-14T13:41:00Z","card_history":[]},{"user_hash":"BC6A2D9C1B85279990741B28594638D8","region":"Europe","id":121951046,"mode":"ranked","hero":"Druid","hero_deck":null,"opponent":"Mage","opponent_deck":null,"coin":true,"result":"loss","duration":591,"rank":7,"legend":null,"note":null,"added":"2019-01-14T13:30:51Z","card_history":[]},{"user_hash":"4D239C1EA31D6E5619B2D86473A91146","region":"Americas","id":121940209,"mode":"ranked","hero":"Rogue","hero_deck":null,"opponent":"Mage","opponent_deck":null,"coin":true,"result":"win","duration":null,"rank":null,"legend":null,"note":null,"added":"2019-01-14T03:31:42Z","card_history":[]},{"user_hash":"4D239C1EA31D6E5619B2D86473A91146","region":"Americas","id":121940138,"mode":"ranked","hero":"Rogue","hero_deck":null,"opponent":"Hunter","opponent_deck":"Midrange","coin":false,"result":"loss","duration":null,"rank":null,"legend":null,"note":null,"added":"2019-01-14T03:27:40Z","card_history":[]},{"user_hash":"4D239C1EA31D6E5619B2D86473A91146","region":"Americas","id":121940058,"mode":"ranked","hero":"Rogue","hero_deck":null,"opponent":"Rogue","opponent_deck":null,"coin":false,"result":"win","duration":null,"rank":null,"legend":null,"note":null,"added":"2019-01-14T03:23:02Z","card_history":[]},{"user_hash":"4D239C1EA31D6E5619B2D86473A91146","region":"Americas","id":121939975,"mode":"ranked","hero":"Rogue","hero_deck":null,"opponent":"Rogue","opponent_deck":"Miracle","coin":false,"result":"loss","duration":null,"rank":null,"legend":null,"note":null,"added":"2019-01-14T03:18:05Z","card_history":[]},{"user_hash":"46B0FDE764B5F3948106719B8026CF2F","region":"Europe","id":121966772,"mode":"ranked","hero":"Mage","hero_deck":null,"opponent":"Warlock","opponent_deck":null,"coin":false,"result":"loss","duration":1008,"rank":7,"legend":null,"note":null,"added":"2019-01-14T22:51:00Z","card_history":[]},{"user_hash":"46B0FDE764B5F3948106719B8026CF2F","region":"Europe","id":121965564,"mode":"ranked","hero":"Hunter","hero_deck":"Midrange","opponent":"Paladin","opponent_deck":null,"coin":false,"result":"loss","duration":551,"rank":7,"legend":null,"note":null,"added":"2019-01-14T22:05:40Z","card_history":[]},{"user_hash":"46B0FDE764B5F3948106719B8026CF2F","region":"Europe","id":121965286,"mode":"ranked","hero":"Hunter","hero_deck":"Midrange","opponent":"Warlock","opponent_deck":null,"coin":true,"result":"win","duration":988,"rank":8,"legend":null,"note":null,"added":"2019-01-14T21:56:13Z","card_history":[]},{"user_hash":"46B0FDE764B5F3948106719B8026CF2F","region":"Europe","id":121964789,"mode":"ranked","hero":"Hunter","hero_deck":"Midrange","opponent":"Warrior","opponent_deck":null,"coin":false,"result":"win","duration":330,"rank":8,"legend":null,"note":null,"added":"2019-01-14T21:38:07Z","card_history":[]},{"user_hash":"46B0FDE764B5F3948106719B8026CF2F","region":"Europe","id":121964611,"mode":"ranked","hero":"Hunter","hero_deck":"Midrange","opponent":"Warlock","opponent_deck":null,"coin":true,"result":"win","duration":1450,"rank":8,"legend":null,"note":null,"added":"2019-01-14T21:32:10Z","card_history":[]},{"user_hash":"46B0FDE764B5F3948106719B8026CF2F","region":"Europe","id":121963892,"mode":"ranked","hero":"Paladin","hero_deck":null,"opponent":"Mage","opponent_deck":null,"coin":false,"result":"loss","duration":540,"rank":8,"legend":null,"note":null,"added":"2019-01-14T21:07:36Z","card_history":[]},{"user_hash":"46B0FDE764B5F3948106719B8026CF2F","region":"Europe","id":121961273,"mode":"ranked","hero":"Paladin","hero_deck":null,"opponent":"Paladin","opponent_deck":null,"coin":true,"result":"win","duration":2506,"rank":8,"legend":null,"note":null,"added":"2019-01-14T19:38:27Z","card_history":[]},{"user_hash":"46B0FDE764B5F3948106719B8026CF2F","region":"Europe","id":121960162,"mode":"ranked","hero":"Paladin","hero_deck":null,"opponent":"Hunter","opponent_deck":"Midrange","coin":true,"result":"loss","duration":528,"rank":8,"legend":null,"note":null,"added":"2019-01-14T18:56:31Z","card_history":[]},{"user_hash":"46B0FDE764B5F3948106719B8026CF2F","region":"Europe","id":121959912,"mode":"ranked","hero":"Paladin","hero_deck":null,"opponent":"Hunter","opponent_deck":"Midrange","coin":false,"result":"loss","duration":314,"rank":8,"legend":null,"note":null,"added":"2019-01-14T18:47:31Z","card_history":[]},{"user_hash":"46B0FDE764B5F3948106719B8026CF2F","region":"Europe","id":121959569,"mode":"ranked","hero":"Paladin","hero_deck":null,"opponent":"Warrior","opponent_deck":null,"coin":true,"result":"win","duration":625,"rank":8,"legend":null,"note":null,"added":"2019-01-14T18:36:11Z","card_history":[]},{"user_hash":"46B0FDE764B5F3948106719B8026CF2F","region":"Europe","id":121959243,"mode":"ranked","hero":"Paladin","hero_deck":null,"opponent":"Hunter","opponent_deck":"Midrange","coin":false,"result":"win","duration":825,"rank":8,"legend":null,"note":null,"added":"2019-01-14T18:25:32Z","card_history":[]},{"user_hash":"46B0FDE764B5F3948106719B8026CF2F","region":"Europe","id":121958836,"mode":"ranked","hero":"Paladin","hero_deck":null,"opponent":"Mage","opponent_deck":"Secret","coin":true,"result":"win","duration":558,"rank":9,"legend":null,"note":null,"added":"2019-01-14T18:11:37Z","card_history":[]},{"user_hash":"46B0FDE764B5F3948106719B8026CF2F","region":"Europe","id":121958519,"mode":"ranked","hero":"Paladin","hero_deck":null,"opponent":"Mage","opponent_deck":"Secret","coin":false,"result":"win","duration":359,"rank":9,"legend":null,"note":null,"added":"2019-01-14T18:00:54Z","card_history":[]},{"user_hash":"46B0FDE764B5F3948106719B8026CF2F","region":"Europe","id":121958105,"mode":"ranked","hero":"Hunter","hero_deck":"Midrange","opponent":"Rogue","opponent_deck":null,"coin":false,"result":"win","duration":280,"rank":9,"legend":null,"note":null,"added":"2019-01-14T17:46:41Z","card_history":[]},{"user_hash":"46B0FDE764B5F3948106719B8026CF2F","region":"Europe","id":121957957,"mode":"ranked","hero":"Hunter","hero_deck":"Midrange","opponent":"Paladin","opponent_deck":null,"coin":true,"result":"loss","duration":569,"rank":9,"legend":null,"note":null,"added":"2019-01-14T17:41:47Z","card_history":[]},{"user_hash":"46B0FDE764B5F3948106719B8026CF2F","region":"Europe","id":121957690,"mode":"ranked","hero":"Hunter","hero_deck":"Midrange","opponent":"Rogue","opponent_deck":null,"coin":true,"result":"win","duration":402,"rank":9,"legend":null,"note":null,"added":"2019-01-14T17:32:07Z","card_history":[]},{"user_hash":"46B0FDE764B5F3948106719B8026CF2F","region":"Europe","id":121955977,"mode":"ranked","hero":"Hunter","hero_deck":"Midrange","opponent":"Hunter","opponent_deck":"Midrange","coin":true,"result":"win","duration":357,"rank":9,"legend":null,"note":null,"added":"2019-01-14T16:33:58Z","card_history":[]},{"user_hash":"46B0FDE764B5F3948106719B8026CF2F","region":"Europe","id":121955764,"mode":"ranked","hero":"Paladin","hero_deck":null,"opponent":"Hunter","opponent_deck":"Midrange","coin":true,"result":"loss","duration":275,"rank":9,"legend":null,"note":null,"added":"2019-01-14T16:27:19Z","card_history":[]},{"user_hash":"46B0FDE764B5F3948106719B8026CF2F","region":"Europe","id":121955492,"mode":"ranked","hero":"Warlock","hero_deck":null,"opponent":"Hunter","opponent_deck":"Midrange","coin":true,"result":"loss","duration":344,"rank":9,"legend":null,"note":null,"added":"2019-01-14T16:18:21Z","card_history":[]},{"user_hash":"46B0FDE764B5F3948106719B8026CF2F","region":"Europe","id":121955329,"mode":"ranked","hero":"Warlock","hero_deck":null,"opponent":"Warrior","opponent_deck":"Taunt","coin":true,"result":"win","duration":929,"rank":9,"legend":null,"note":null,"added":"2019-01-14T16:12:11Z","card_history":[]},{"user_hash":"46B0FDE764B5F3948106719B8026CF2F","region":"Europe","id":121954902,"mode":"ranked","hero":"Warlock","hero_deck":null,"opponent":"Priest","opponent_deck":"Dragon","coin":false,"result":"loss","duration":970,"rank":9,"legend":null,"note":null,"added":"2019-01-14T15:56:29Z","card_history":[]},{"user_hash":"46B0FDE764B5F3948106719B8026CF2F","region":"Europe","id":121950879,"mode":"ranked","hero":"Mage","hero_deck":null,"opponent":"Rogue","opponent_deck":null,"coin":true,"result":"win","duration":434,"rank":9,"legend":null,"note":null,"added":"2019-01-14T13:23:35Z","card_history":[]},{"user_hash":"46B0FDE764B5F3948106719B8026CF2F","region":"Europe","id":121950695,"mode":"ranked","hero":"Mage","hero_deck":null,"opponent":"Paladin","opponent_deck":null,"coin":false,"result":"win","duration":557,"rank":9,"legend":null,"note":null,"added":"2019-01-14T13:16:03Z","card_history":[]},{"user_hash":"46B0FDE764B5F3948106719B8026CF2F","region":"Europe","id":121950469,"mode":"ranked","hero":"Mage","hero_deck":null,"opponent":"Rogue","opponent_deck":null,"coin":true,"result":"loss","duration":191,"rank":9,"legend":null,"note":null,"added":"2019-01-14T13:06:37Z","card_history":[]},{"user_hash":"46B0FDE764B5F3948106719B8026CF2F","region":"Europe","id":121950372,"mode":"ranked","hero":"Mage","hero_deck":null,"opponent":"Rogue","opponent_deck":null,"coin":true,"result":"win","duration":648,"rank":9,"legend":null,"note":null,"added":"2019-01-14T13:03:09Z","card_history":[]},{"user_hash":"46B0FDE764B5F3948106719B8026CF2F","region":"Europe","id":121950088,"mode":"ranked","hero":"Warlock","hero_deck":null,"opponent":"Rogue","opponent_deck":null,"coin":true,"result":"loss","duration":269,"rank":9,"legend":null,"note":null,"added":"2019-01-14T12:51:39Z","card_history":[]},{"user_hash":"46B0FDE764B5F3948106719B8026CF2F","region":"Europe","id":121949973,"mode":"ranked","hero":"Warlock","hero_deck":null,"opponent":"Hunter","opponent_deck":"Midrange","coin":true,"result":"loss","duration":323,"rank":9,"legend":null,"note":null,"added":"2019-01-14T12:47:00Z","card_history":[]},{"user_hash":"46B0FDE764B5F3948106719B8026CF2F","region":"Europe","id":121949745,"mode":"ranked","hero":"Warlock","hero_deck":"Hand","opponent":"Priest","opponent_deck":"Dragon","coin":true,"result":"loss","duration":966,"rank":8,"legend":null,"note":null,"added":"2019-01-14T12:38:31Z","card_history":[]},{"user_hash":"46B0FDE764B5F3948106719B8026CF2F","region":"Europe","id":121949344,"mode":"ranked","hero":"Warlock","hero_deck":null,"opponent":"Paladin","opponent_deck":null,"coin":true,"result":"loss","duration":350,"rank":8,"legend":null,"note":null,"added":"2019-01-14T12:22:14Z","card_history":[]},{"user_hash":"46B0FDE764B5F3948106719B8026CF2F","region":"Europe","id":121948855,"mode":"ranked","hero":"Warrior","hero_deck":null,"opponent":"Druid","opponent_deck":null,"coin":false,"result":"loss","duration":590,"rank":8,"legend":null,"note":null,"added":"2019-01-14T12:01:28Z","card_history":[]},{"user_hash":"46B0FDE764B5F3948106719B8026CF2F","region":"Europe","id":121948467,"mode":"ranked","hero":"Warrior","hero_deck":"Taunt","opponent":"Rogue","opponent_deck":"Miracle","coin":true,"result":"win","duration":981,"rank":8,"legend":null,"note":null,"added":"2019-01-14T11:42:46Z","card_history":[]},{"user_hash":"46B0FDE764B5F3948106719B8026CF2F","region":"Europe","id":121948130,"mode":"ranked","hero":"Warrior","hero_deck":"Taunt","opponent":"Warlock","opponent_deck":"Zoo","coin":true,"result":"loss","duration":494,"rank":8,"legend":null,"note":null,"added":"2019-01-14T11:25:32Z","card_history":[]},{"user_hash":"46B0FDE764B5F3948106719B8026CF2F","region":"Europe","id":121947951,"mode":"ranked","hero":"Warrior","hero_deck":"Taunt","opponent":"Priest","opponent_deck":"Dragon","coin":false,"result":"loss","duration":587,"rank":8,"legend":null,"note":null,"added":"2019-01-14T11:17:01Z","card_history":[]},{"user_hash":"46B0FDE764B5F3948106719B8026CF2F","region":"Europe","id":121937823,"mode":"ranked","hero":"Warrior","hero_deck":"Taunt","opponent":"Hunter","opponent_deck":"Midrange","coin":true,"result":"win","duration":1013,"rank":8,"legend":null,"note":null,"added":"2019-01-14T01:19:31Z","card_history":[]},{"user_hash":"46B0FDE764B5F3948106719B8026CF2F","region":"Europe","id":121937508,"mode":"ranked","hero":"Warrior","hero_deck":"Taunt","opponent":"Priest","opponent_deck":null,"coin":false,"result":"win","duration":439,"rank":9,"legend":null,"note":null,"added":"2019-01-14T01:02:17Z","card_history":[]},{"user_hash":"46B0FDE764B5F3948106719B8026CF2F","region":"Europe","id":121937364,"mode":"ranked","hero":"Warrior","hero_deck":null,"opponent":"Paladin","opponent_deck":null,"coin":false,"result":"win","duration":1122,"rank":9,"legend":null,"note":null,"added":"2019-01-14T00:54:19Z","card_history":[]},{"user_hash":"46B0FDE764B5F3948106719B8026CF2F","region":"Europe","id":121936977,"mode":"ranked","hero":"Warrior","hero_deck":"Taunt","opponent":"Hunter","opponent_deck":"Midrange","coin":true,"result":"loss","duration":607,"rank":8,"legend":null,"note":null,"added":"2019-01-14T00:35:21Z","card_history":[]},{"user_hash":"46B0FDE764B5F3948106719B8026CF2F","region":"Europe","id":121936776,"mode":"ranked","hero":"Mage","hero_deck":null,"opponent":"Hunter","opponent_deck":"Midrange","coin":false,"result":"loss","duration":310,"rank":8,"legend":null,"note":null,"added":"2019-01-14T00:24:26Z","card_history":[]},{"user_hash":"46B0FDE764B5F3948106719B8026CF2F","region":"Europe","id":121936677,"mode":"ranked","hero":"Mage","hero_deck":null,"opponent":"Hunter","opponent_deck":"Midrange","coin":false,"result":"loss","duration":1346,"rank":8,"legend":null,"note":null,"added":"2019-01-14T00:19:07Z","card_history":[]},{"user_hash":"994698F284025C5255BE77C4406D1198","region":"Europe","id":121962853,"mode":"arena","hero":"Warlock","hero_deck":null,"opponent":"Paladin","opponent_deck":null,"coin":true,"result":"loss","duration":411,"rank":null,"legend":null,"note":null,"added":"2019-01-14T20:31:45Z","card_history":[]},{"user_hash":"994698F284025C5255BE77C4406D1198","region":"Europe","id":121957320,"mode":"ranked","hero":"Warlock","hero_deck":null,"opponent":"Warrior","opponent_deck":null,"coin":true,"result":"loss","duration":2622,"rank":6,"legend":null,"note":null,"added":"2019-01-14T17:19:06Z","card_history":[]},{"user_hash":"994698F284025C5255BE77C4406D1198","region":"Europe","id":121956019,"mode":"ranked","hero":"Warlock","hero_deck":null,"opponent":"Rogue","opponent_deck":null,"coin":true,"result":"loss","duration":722,"rank":null,"legend":null,"note":null,"added":"2019-01-14T16:35:10Z","card_history":[]},{"user_hash":"994698F284025C5255BE77C4406D1198","region":"Europe","id":121954943,"mode":"arena","hero":"Warlock","hero_deck":null,"opponent":"Priest","opponent_deck":null,"coin":false,"result":"loss","duration":1130,"rank":null,"legend":null,"note":null,"added":"2019-01-14T15:57:52Z","card_history":[]},{"user_hash":"994698F284025C5255BE77C4406D1198","region":"Europe","id":121954396,"mode":"arena","hero":"Warlock","hero_deck":null,"opponent":"Warrior","opponent_deck":null,"coin":false,"result":"win","duration":486,"rank":null,"legend":null,"note":null,"added":"2019-01-14T15:38:21Z","card_history":[]},{"user_hash":"994698F284025C5255BE77C4406D1198","region":"Europe","id":121954169,"mode":"arena","hero":"Warlock","hero_deck":null,"opponent":"Warrior","opponent_deck":null,"coin":true,"result":"win","duration":453,"rank":null,"legend":null,"note":null,"added":"2019-01-14T15:29:46Z","card_history":[]},{"user_hash":"994698F284025C5255BE77C4406D1198","region":"Europe","id":121953968,"mode":"arena","hero":"Warlock","hero_deck":null,"opponent":"Hunter","opponent_deck":null,"coin":true,"result":"win","duration":663,"rank":null,"legend":null,"note":null,"added":"2019-01-14T15:21:56Z","card_history":[]},{"user_hash":"994698F284025C5255BE77C4406D1198","region":"Europe","id":121953684,"mode":"arena","hero":"Warlock","hero_deck":null,"opponent":"Hunter","opponent_deck":null,"coin":false,"result":"loss","duration":382,"rank":null,"legend":null,"note":null,"added":"2019-01-14T15:10:37Z","card_history":[]},{"user_hash":"994698F284025C5255BE77C4406D1198","region":"Europe","id":121953181,"mode":"ranked","hero":"Priest","hero_deck":"Dragon","opponent":"Warrior","opponent_deck":null,"coin":false,"result":"win","duration":1004,"rank":6,"legend":null,"note":null,"added":"2019-01-14T14:51:13Z","card_history":[]},{"user_hash":"994698F284025C5255BE77C4406D1198","region":"Europe","id":121952717,"mode":"ranked","hero":"Priest","hero_deck":"Dragon","opponent":"Warrior","opponent_deck":"Pirate","coin":true,"result":"win","duration":397,"rank":6,"legend":null,"note":null,"added":"2019-01-14T14:34:18Z","card_history":[]},{"user_hash":"994698F284025C5255BE77C4406D1198","region":"Europe","id":121952527,"mode":"ranked","hero":"Priest","hero_deck":"Dragon","opponent":"Rogue","opponent_deck":null,"coin":true,"result":"loss","duration":360,"rank":6,"legend":null,"note":null,"added":"2019-01-14T14:27:10Z","card_history":[]},{"user_hash":"994698F284025C5255BE77C4406D1198","region":"Europe","id":121952189,"mode":"ranked","hero":"Priest","hero_deck":"Dragon","opponent":"Hunter","opponent_deck":"Midrange","coin":false,"result":"win","duration":391,"rank":6,"legend":null,"note":null,"added":"2019-01-14T14:15:18Z","card_history":[]},{"user_hash":"994698F284025C5255BE77C4406D1198","region":"Europe","id":121952032,"mode":"ranked","hero":"Druid","hero_deck":"Token","opponent":"Warrior","opponent_deck":null,"coin":false,"result":"win","duration":211,"rank":6,"legend":null,"note":null,"added":"2019-01-14T14:08:20Z","card_history":[]},{"user_hash":"994698F284025C5255BE77C4406D1198","region":"Europe","id":121951927,"mode":"ranked","hero":"Druid","hero_deck":null,"opponent":"Shaman","opponent_deck":null,"coin":true,"result":"loss","duration":737,"rank":6,"legend":null,"note":null,"added":"2019-01-14T14:04:23Z","card_history":[]},{"user_hash":"994698F284025C5255BE77C4406D1198","region":"Europe","id":121951581,"mode":"ranked","hero":"Druid","hero_deck":"Token","opponent":"Mage","opponent_deck":null,"coin":false,"result":"win","duration":176,"rank":6,"legend":null,"note":null,"added":"2019-01-14T13:51:34Z","card_history":[]},{"user_hash":"ABAAB6BA7CD28C5A2E4E30A9CCC70AC3","region":"Americas","id":121939132,"mode":"ranked","hero":"Priest","hero_deck":"Dragon","opponent":"Paladin","opponent_deck":null,"coin":true,"result":"win","duration":554,"rank":3,"legend":null,"note":null,"added":"2019-01-14T02:27:50Z","card_history":[]},{"user_hash":"68209F28134438C0EF193066FE7B44A8","region":"Americas","id":121944182,"mode":"ranked","hero":"Rogue","hero_deck":null,"opponent":"Hunter","opponent_deck":"Midrange","coin":false,"result":"loss","duration":359,"rank":9,"legend":null,"note":null,"added":"2019-01-14T07:53:52Z","card_history":[]},{"user_hash":"68209F28134438C0EF193066FE7B44A8","region":"Americas","id":121944074,"mode":"ranked","hero":"Rogue","hero_deck":null,"opponent":"Druid","opponent_deck":null,"coin":false,"result":"win","duration":439,"rank":9,"legend":null,"note":null,"added":"2019-01-14T07:47:20Z","card_history":[]},{"user_hash":"68209F28134438C0EF193066FE7B44A8","region":"Americas","id":121943889,"mode":"ranked","hero":"Rogue","hero_deck":null,"opponent":"Mage","opponent_deck":null,"coin":true,"result":"loss","duration":397,"rank":9,"legend":null,"note":null,"added":"2019-01-14T07:36:02Z","card_history":[]},{"user_hash":"68209F28134438C0EF193066FE7B44A8","region":"Americas","id":121943766,"mode":"ranked","hero":"Rogue","hero_deck":null,"opponent":"Shaman","opponent_deck":"Midrange","coin":true,"result":"loss","duration":418,"rank":9,"legend":null,"note":null,"added":"2019-01-14T07:29:04Z","card_history":[]},{"user_hash":"68209F28134438C0EF193066FE7B44A8","region":"Americas","id":121943650,"mode":"ranked","hero":"Rogue","hero_deck":"Miracle","opponent":"Shaman","opponent_deck":"Midrange","coin":true,"result":"loss","duration":457,"rank":9,"legend":null,"note":null,"added":"2019-01-14T07:21:41Z","card_history":[]},{"user_hash":"68209F28134438C0EF193066FE7B44A8","region":"Americas","id":121943543,"mode":"ranked","hero":"Rogue","hero_deck":null,"opponent":"Paladin","opponent_deck":null,"coin":false,"result":"loss","duration":470,"rank":8,"legend":null,"note":null,"added":"2019-01-14T07:13:47Z","card_history":[]},{"user_hash":"68209F28134438C0EF193066FE7B44A8","region":"Americas","id":121943418,"mode":"ranked","hero":"Rogue","hero_deck":null,"opponent":"Paladin","opponent_deck":null,"coin":true,"result":"loss","duration":423,"rank":8,"legend":null,"note":null,"added":"2019-01-14T07:05:45Z","card_history":[]},{"user_hash":"68209F28134438C0EF193066FE7B44A8","region":"Americas","id":121943322,"mode":"ranked","hero":"Rogue","hero_deck":null,"opponent":"Warrior","opponent_deck":null,"coin":true,"result":"loss","duration":422,"rank":8,"legend":null,"note":null,"added":"2019-01-14T06:58:19Z","card_history":[]},{"user_hash":"68209F28134438C0EF193066FE7B44A8","region":"Americas","id":121943075,"mode":"ranked","hero":"Rogue","hero_deck":"Miracle","opponent":"Rogue","opponent_deck":null,"coin":true,"result":"loss","duration":594,"rank":8,"legend":null,"note":null,"added":"2019-01-14T06:41:15Z","card_history":[]},{"user_hash":"1896A23AA498E73245FA74A3DE1C3D24","region":"Europe","id":121968249,"mode":"arena","hero":"Paladin","hero_deck":null,"opponent":"Mage","opponent_deck":null,"coin":false,"result":"loss","duration":512,"rank":null,"legend":null,"note":null,"added":"2019-01-14T23:53:46Z","card_history":[]},{"user_hash":"1896A23AA498E73245FA74A3DE1C3D24","region":"Europe","id":121968032,"mode":"arena","hero":"Paladin","hero_deck":null,"opponent":"Priest","opponent_deck":null,"coin":true,"result":"win","duration":912,"rank":null,"legend":null,"note":null,"added":"2019-01-14T23:44:44Z","card_history":[]},{"user_hash":"1896A23AA498E73245FA74A3DE1C3D24","region":"Europe","id":121967663,"mode":"arena","hero":"Paladin","hero_deck":null,"opponent":"Rogue","opponent_deck":null,"coin":false,"result":"loss","duration":443,"rank":null,"legend":null,"note":null,"added":"2019-01-14T23:28:54Z","card_history":[]},{"user_hash":"1896A23AA498E73245FA74A3DE1C3D24","region":"Europe","id":121967426,"mode":"arena","hero":"Paladin","hero_deck":null,"opponent":"Priest","opponent_deck":null,"coin":false,"result":"loss","duration":992,"rank":null,"legend":null,"note":null,"added":"2019-01-14T23:18:41Z","card_history":[]},{"user_hash":"1896A23AA498E73245FA74A3DE1C3D24","region":"Europe","id":121967023,"mode":"arena","hero":"Paladin","hero_deck":null,"opponent":"Warrior","opponent_deck":null,"coin":true,"result":"win","duration":541,"rank":null,"legend":null,"note":null,"added":"2019-01-14T23:01:46Z","card_history":[]},{"user_hash":"1896A23AA498E73245FA74A3DE1C3D24","region":"Europe","id":121966560,"mode":"ranked","hero":"Shaman","hero_deck":"Midrange","opponent":"Priest","opponent_deck":"Dragon","coin":true,"result":"loss","duration":820,"rank":20,"legend":null,"note":null,"added":"2019-01-14T22:43:48Z","card_history":[]},{"user_hash":"1896A23AA498E73245FA74A3DE1C3D24","region":"Europe","id":121966204,"mode":"ranked","hero":"Shaman","hero_deck":"Control","opponent":"Priest","opponent_deck":"Dragon","coin":false,"result":"loss","duration":1001,"rank":19,"legend":null,"note":null,"added":"2019-01-14T22:29:56Z","card_history":[]},{"user_hash":"1896A23AA498E73245FA74A3DE1C3D24","region":"Europe","id":121965749,"mode":"ranked","hero":"Shaman","hero_deck":"Token","opponent":"Rogue","opponent_deck":null,"coin":true,"result":"loss","duration":488,"rank":19,"legend":null,"note":null,"added":"2019-01-14T22:13:06Z","card_history":[]},{"user_hash":"1896A23AA498E73245FA74A3DE1C3D24","region":"Europe","id":121965489,"mode":"ranked","hero":"Shaman","hero_deck":null,"opponent":"Rogue","opponent_deck":null,"coin":true,"result":"loss","duration":251,"rank":19,"legend":null,"note":null,"added":"2019-01-14T22:03:40Z","card_history":[]},{"user_hash":"1896A23AA498E73245FA74A3DE1C3D24","region":"Europe","id":121965363,"mode":"ranked","hero":"Shaman","hero_deck":"Midrange","opponent":"Warlock","opponent_deck":null,"coin":false,"result":"loss","duration":817,"rank":19,"legend":null,"note":null,"added":"2019-01-14T21:59:18Z","card_history":[]},{"user_hash":"1896A23AA498E73245FA74A3DE1C3D24","region":"Europe","id":121964971,"mode":"ranked","hero":"Shaman","hero_deck":"Midrange","opponent":"Rogue","opponent_deck":null,"coin":true,"result":"loss","duration":273,"rank":19,"legend":null,"note":null,"added":"2019-01-14T21:45:10Z","card_history":[]},{"user_hash":"1896A23AA498E73245FA74A3DE1C3D24","region":"Europe","id":121964833,"mode":"ranked","hero":"Shaman","hero_deck":"Midrange","opponent":"Warrior","opponent_deck":null,"coin":false,"result":"win","duration":359,"rank":19,"legend":null,"note":null,"added":"2019-01-14T21:40:29Z","card_history":[]},{"user_hash":"1896A23AA498E73245FA74A3DE1C3D24","region":"Europe","id":121964649,"mode":"ranked","hero":"Shaman","hero_deck":"Midrange","opponent":"Shaman","opponent_deck":"Token","coin":true,"result":"win","duration":761,"rank":19,"legend":null,"note":null,"added":"2019-01-14T21:34:15Z","card_history":[]},{"user_hash":"1896A23AA498E73245FA74A3DE1C3D24","region":"Europe","id":121964258,"mode":"ranked","hero":"Shaman","hero_deck":"Token","opponent":"Warrior","opponent_deck":"Taunt","coin":false,"result":"loss","duration":684,"rank":19,"legend":null,"note":null,"added":"2019-01-14T21:20:29Z","card_history":[]},{"user_hash":"1896A23AA498E73245FA74A3DE1C3D24","region":"Europe","id":121963874,"mode":"ranked","hero":"Shaman","hero_deck":"Control","opponent":"Shaman","opponent_deck":"Midrange","coin":true,"result":"loss","duration":381,"rank":19,"legend":null,"note":null,"added":"2019-01-14T21:07:41Z","card_history":[]},{"user_hash":"1896A23AA498E73245FA74A3DE1C3D24","region":"Europe","id":121963674,"mode":"ranked","hero":"Shaman","hero_deck":null,"opponent":"Priest","opponent_deck":"Combo","coin":false,"result":"loss","duration":223,"rank":18,"legend":null,"note":null,"added":"2019-01-14T21:01:05Z","card_history":[]},{"user_hash":"1896A23AA498E73245FA74A3DE1C3D24","region":"Europe","id":121961920,"mode":"ranked","hero":"Shaman","hero_deck":"Control","opponent":"Shaman","opponent_deck":"Control","coin":false,"result":"loss","duration":720,"rank":15,"legend":null,"note":null,"added":"2019-01-14T20:02:17Z","card_history":[]},{"user_hash":"1896A23AA498E73245FA74A3DE1C3D24","region":"Europe","id":121961189,"mode":"ranked","hero":"Shaman","hero_deck":"Token","opponent":"Druid","opponent_deck":"Jade","coin":true,"result":"win","duration":563,"rank":15,"legend":null,"note":null,"added":"2019-01-14T19:36:01Z","card_history":[]},{"user_hash":"1896A23AA498E73245FA74A3DE1C3D24","region":"Europe","id":121960908,"mode":"ranked","hero":"Shaman","hero_deck":null,"opponent":"Mage","opponent_deck":null,"coin":true,"result":"loss","duration":291,"rank":15,"legend":null,"note":null,"added":"2019-01-14T19:26:31Z","card_history":[]},{"user_hash":"1896A23AA498E73245FA74A3DE1C3D24","region":"Europe","id":121960625,"mode":"ranked","hero":"Shaman","hero_deck":"Token","opponent":"Warlock","opponent_deck":null,"coin":false,"result":"win","duration":1042,"rank":15,"legend":null,"note":null,"added":"2019-01-14T19:15:34Z","card_history":[]},{"user_hash":"1896A23AA498E73245FA74A3DE1C3D24","region":"Europe","id":121960175,"mode":"ranked","hero":"Shaman","hero_deck":"Control","opponent":"Warlock","opponent_deck":null,"coin":true,"result":"loss","duration":261,"rank":15,"legend":null,"note":null,"added":"2019-01-14T18:57:46Z","card_history":[]},{"user_hash":"1896A23AA498E73245FA74A3DE1C3D24","region":"Europe","id":121960031,"mode":"ranked","hero":"Shaman","hero_deck":null,"opponent":"Priest","opponent_deck":null,"coin":false,"result":"win","duration":1163,"rank":15,"legend":null,"note":null,"added":"2019-01-14T18:52:57Z","card_history":[]},{"user_hash":"1896A23AA498E73245FA74A3DE1C3D24","region":"Europe","id":121956604,"mode":"ranked","hero":"Shaman","hero_deck":null,"opponent":"Paladin","opponent_deck":"Midrange","coin":false,"result":"loss","duration":2475,"rank":15,"legend":null,"note":null,"added":"2019-01-14T16:55:25Z","card_history":[]},{"user_hash":"1896A23AA498E73245FA74A3DE1C3D24","region":"Europe","id":121955351,"mode":"ranked","hero":"Shaman","hero_deck":"Control","opponent":"Shaman","opponent_deck":"Control","coin":true,"result":"win","duration":560,"rank":15,"legend":null,"note":null,"added":"2019-01-14T16:13:41Z","card_history":[]},{"user_hash":"1896A23AA498E73245FA74A3DE1C3D24","region":"Europe","id":121955075,"mode":"ranked","hero":"Shaman","hero_deck":"Token","opponent":"Rogue","opponent_deck":null,"coin":true,"result":"win","duration":864,"rank":15,"legend":null,"note":null,"added":"2019-01-14T16:03:52Z","card_history":[]},{"user_hash":"1896A23AA498E73245FA74A3DE1C3D24","region":"Europe","id":121954676,"mode":"ranked","hero":"Shaman","hero_deck":null,"opponent":"Rogue","opponent_deck":null,"coin":false,"result":"win","duration":210,"rank":15,"legend":null,"note":null,"added":"2019-01-14T15:49:16Z","card_history":[]},{"user_hash":"1896A23AA498E73245FA74A3DE1C3D24","region":"Europe","id":121951022,"mode":"ranked","hero":"Shaman","hero_deck":"Midrange","opponent":"Warlock","opponent_deck":null,"coin":false,"result":"loss","duration":576,"rank":15,"legend":null,"note":null,"added":"2019-01-14T13:31:01Z","card_history":[]},{"user_hash":"1896A23AA498E73245FA74A3DE1C3D24","region":"Europe","id":121950782,"mode":"ranked","hero":"Shaman","hero_deck":null,"opponent":"Priest","opponent_deck":null,"coin":true,"result":"loss","duration":90,"rank":15,"legend":null,"note":null,"added":"2019-01-14T13:21:18Z","card_history":[]},{"user_hash":"1896A23AA498E73245FA74A3DE1C3D24","region":"Europe","id":121950754,"mode":"ranked","hero":"Shaman","hero_deck":null,"opponent":"Paladin","opponent_deck":null,"coin":true,"result":"win","duration":447,"rank":15,"legend":null,"note":null,"added":"2019-01-14T13:19:33Z","card_history":[]},{"user_hash":"1896A23AA498E73245FA74A3DE1C3D24","region":"Europe","id":121950574,"mode":"ranked","hero":"Shaman","hero_deck":null,"opponent":"Paladin","opponent_deck":null,"coin":true,"result":"loss","duration":158,"rank":15,"legend":null,"note":null,"added":"2019-01-14T13:11:45Z","card_history":[]},{"user_hash":"1896A23AA498E73245FA74A3DE1C3D24","region":"Europe","id":121950501,"mode":"ranked","hero":"Shaman","hero_deck":null,"opponent":"Warlock","opponent_deck":null,"coin":true,"result":"loss","duration":100,"rank":15,"legend":null,"note":null,"added":"2019-01-14T13:08:50Z","card_history":[]},{"user_hash":"1896A23AA498E73245FA74A3DE1C3D24","region":"Europe","id":121950444,"mode":"ranked","hero":"Shaman","hero_deck":null,"opponent":"Warrior","opponent_deck":null,"coin":true,"result":"loss","duration":138,"rank":15,"legend":null,"note":null,"added":"2019-01-14T13:06:30Z","card_history":[]},{"user_hash":"1896A23AA498E73245FA74A3DE1C3D24","region":"Europe","id":121950374,"mode":"ranked","hero":"Shaman","hero_deck":null,"opponent":"Priest","opponent_deck":null,"coin":false,"result":"loss","duration":188,"rank":15,"legend":null,"note":null,"added":"2019-01-14T13:03:58Z","card_history":[]},{"user_hash":"1896A23AA498E73245FA74A3DE1C3D24","region":"Europe","id":121936919,"mode":"ranked","hero":"Shaman","hero_deck":"Control","opponent":"Warlock","opponent_deck":null,"coin":false,"result":"win","duration":1118,"rank":15,"legend":null,"note":null,"added":"2019-01-14T00:33:10Z","card_history":[]},{"user_hash":"1896A23AA498E73245FA74A3DE1C3D24","region":"Europe","id":121936563,"mode":"ranked","hero":"Shaman","hero_deck":null,"opponent":"Hunter","opponent_deck":null,"coin":true,"result":"loss","duration":230,"rank":15,"legend":null,"note":null,"added":"2019-01-14T00:14:20Z","card_history":[]},{"user_hash":"1896A23AA498E73245FA74A3DE1C3D24","region":"Europe","id":121936469,"mode":"ranked","hero":"Shaman","hero_deck":"Token","opponent":"Priest","opponent_deck":"Combo","coin":false,"result":"win","duration":1007,"rank":15,"legend":null,"note":null,"added":"2019-01-14T00:09:39Z","card_history":[]},{"user_hash":"668E13AEDEF99027EFF18815FEF5DC80","region":"Europe","id":121952389,"mode":"ranked","hero":"Rogue","hero_deck":null,"opponent":"Mage","opponent_deck":"Secret","coin":true,"result":"win","duration":607,"rank":null,"legend":null,"note":null,"added":"2019-01-14T14:21:47Z","card_history":[]},{"user_hash":"668E13AEDEF99027EFF18815FEF5DC80","region":"Europe","id":121952090,"mode":"ranked","hero":"Rogue","hero_deck":null,"opponent":"Priest","opponent_deck":"Dragon","coin":true,"result":"win","duration":402,"rank":null,"legend":null,"note":null,"added":"2019-01-14T14:10:38Z","card_history":[]},{"user_hash":"668E13AEDEF99027EFF18815FEF5DC80","region":"Europe","id":121951882,"mode":"ranked","hero":"Rogue","hero_deck":null,"opponent":"Priest","opponent_deck":"Dragon","coin":false,"result":"win","duration":560,"rank":null,"legend":null,"note":null,"added":"2019-01-14T14:02:54Z","card_history":[]},{"user_hash":"668E13AEDEF99027EFF18815FEF5DC80","region":"Europe","id":121951616,"mode":"ranked","hero":"Rogue","hero_deck":null,"opponent":"Priest","opponent_deck":null,"coin":false,"result":"win","duration":388,"rank":null,"legend":null,"note":null,"added":"2019-01-14T13:53:00Z","card_history":[]},{"user_hash":"668E13AEDEF99027EFF18815FEF5DC80","region":"Europe","id":121951412,"mode":"ranked","hero":"Rogue","hero_deck":null,"opponent":"Warlock","opponent_deck":null,"coin":true,"result":"win","duration":339,"rank":null,"legend":null,"note":null,"added":"2019-01-14T13:45:02Z","card_history":[]},{"user_hash":"9C19210E2DFF9528B8D6A94B9A39A9A5","region":"Americas","id":121962690,"mode":"ranked","hero":"Warlock","hero_deck":null,"opponent":"Rogue","opponent_deck":null,"coin":true,"result":"loss","duration":532,"rank":4,"legend":null,"note":null,"added":"2019-01-14T20:26:49Z","card_history":[]},{"user_hash":"9C19210E2DFF9528B8D6A94B9A39A9A5","region":"Americas","id":121962417,"mode":"ranked","hero":"Warlock","hero_deck":null,"opponent":"Priest","opponent_deck":"Combo","coin":true,"result":"loss","duration":556,"rank":4,"legend":null,"note":null,"added":"2019-01-14T20:17:40Z","card_history":[]},{"user_hash":"9C19210E2DFF9528B8D6A94B9A39A9A5","region":"Americas","id":121962124,"mode":"ranked","hero":"Warlock","hero_deck":null,"opponent":"Hunter","opponent_deck":"Midrange","coin":true,"result":"loss","duration":382,"rank":4,"legend":null,"note":null,"added":"2019-01-14T20:08:03Z","card_history":[]}]}